feature,missing_fraction
aper__alpha_peak_width_hz__temporal,0.046632124352331605
aper__alpha_peak_width_hz__frontal,0.02072538860103627
aper__alpha_peak_width_hz__central,0.0069084628670120895
burst__mean_ibi_sec__occipital_alpha,0.0034542314335060447
burst__median_ibi_sec__occipital_alpha,0.0034542314335060447
conn__small_worldness__wpli_beta,0.0034542314335060447
conn__small_worldness__pdc_delta,0.0034542314335060447
burst__mean_peak__occipital_alpha,0.0017271157167530224
burst__mean_amp__occipital_alpha,0.0017271157167530224
conn__small_worldness__pdc_theta,0.0017271157167530224
aper__alpha_peak_width_hz__parietal,0.0017271157167530224
conn__small_worldness__imcoh_delta,0.0017271157167530224
burst__median_dur_sec__occipital_alpha,0.0017271157167530224
burst__mean_dur_sec__occipital_alpha,0.0017271157167530224
conn__small_worldness__coh_alpha,0.0017271157167530224
conn__global_efficiency__dtf_beta,0.0
conn__global_efficiency__dtf_delta,0.0
conn__global_efficiency__dtf_gamma,0.0
conn__global_efficiency__dtf_theta,0.0
conn__global_efficiency__imcoh_alpha,0.0
conn__global_efficiency__imcoh_beta,0.0
conn__clustering__pdc_delta,0.0
conn__global_efficiency__imcoh_gamma,0.0
conn__global_efficiency__imcoh_theta,0.0
conn__global_efficiency__pdc_alpha,0.0
conn__global_efficiency__pdc_beta,0.0
conn__global_efficiency__pdc_delta,0.0
conn__global_efficiency__pdc_gamma,0.0
conn__global_efficiency__pdc_theta,0.0
conn__global_efficiency__plv_alpha,0.0
conn__global_efficiency__imcoh_delta,0.0
conn__clustering__wpli_alpha,0.0
conn__clustering__wpli_beta,0.0
conn__clustering__wpli_delta,0.0
conn__clustering__wpli_gamma,0.0
conn__clustering__wpli_theta,0.0
conn__clustering__plv_theta,0.0
conn__clustering__plv_gamma,0.0
conn__clustering__plv_delta,0.0
conn__clustering__pdc_gamma,0.0
conn__global_efficiency__coh_alpha,0.0
conn__clustering__plv_alpha,0.0
conn__global_efficiency__coh_beta,0.0
conn__global_efficiency__coh_delta,0.0
conn__clustering__pdc_theta,0.0
conn__global_efficiency__coh_gamma,0.0
conn__global_efficiency__coh_theta,0.0
conn__global_efficiency__dtf_alpha,0.0
conn__clustering__plv_beta,0.0
conn__modularity__imcoh_alpha,0.0
conn__modularity__imcoh_beta,0.0
conn__modularity__imcoh_delta,0.0
conn__modularity__imcoh_gamma,0.0
conn__modularity__imcoh_theta,0.0
conn__modularity__pdc_alpha,0.0
conn__modularity__pdc_beta,0.0
conn__modularity__pdc_delta,0.0
conn__clustering__pdc_beta,0.0
conn__modularity__pdc_theta,0.0
conn__modularity__plv_alpha,0.0
conn__modularity__plv_beta,0.0
conn__modularity__plv_delta,0.0
conn__modularity__plv_gamma,0.0
conn__modularity__plv_theta,0.0
conn__modularity__wpli_alpha,0.0
conn__modularity__wpli_beta,0.0
conn__modularity__wpli_delta,0.0
conn__modularity__pdc_gamma,0.0
conn__global_efficiency__plv_beta,0.0
conn__global_efficiency__plv_delta,0.0
conn__global_efficiency__plv_gamma,0.0
conn__global_efficiency__plv_theta,0.0
conn__global_efficiency__wpli_alpha,0.0
conn__global_efficiency__wpli_beta,0.0
conn__global_efficiency__wpli_delta,0.0
conn__global_efficiency__wpli_gamma,0.0
conn__modularity__dtf_theta,0.0
conn__modularity__coh_alpha,0.0
conn__modularity__coh_beta,0.0
conn__modularity__coh_delta,0.0
conn__modularity__coh_gamma,0.0
conn__modularity__coh_theta,0.0
conn__modularity__dtf_alpha,0.0
conn__modularity__dtf_beta,0.0
conn__modularity__dtf_delta,0.0
conn__modularity__dtf_gamma,0.0
conn__global_efficiency__wpli_theta,0.0
conn__n_roi_used__pdc_alpha,0.0
conn__n_roi_used__pdc_beta,0.0
conn__n_roi_used__pdc_delta,0.0
conn__n_roi_used__pdc_gamma,0.0
conn__n_roi_used__pdc_theta,0.0
conn__n_roi_used__plv_alpha,0.0
conn__n_roi_used__plv_beta,0.0
conn__n_roi_used__plv_delta,0.0
conn__n_roi_used__plv_gamma,0.0
conn__clustering__imcoh_gamma,0.0
conn__n_roi_used__wpli_alpha,0.0
conn__n_roi_used__wpli_beta,0.0
conn__n_roi_used__wpli_delta,0.0
conn__n_roi_used__wpli_gamma,0.0
conn__n_roi_used__wpli_theta,0.0
conn__mean_strength__coh_alpha,0.0
conn__mean_strength__coh_beta,0.0
conn__mean_strength__coh_delta,0.0
conn__mean_strength__coh_gamma,0.0
conn__n_roi_used__plv_theta,0.0
tfr__value__temporal_tfr_alpha_cv,0.0
tfr__value__temporal_tfr_mean_alpha,0.0
tfr__value__temporal_tfr_mean_beta,0.0
tfr__value__temporal_tfr_mean_delta,0.0
tfr__value__temporal_tfr_mean_gamma,0.0
tfr__value__temporal_tfr_mean_theta,0.0
conn__n_roi_used__coh_alpha,0.0
conn__n_roi_used__coh_beta,0.0
conn__n_roi_used__coh_delta,0.0
conn__n_roi_used__imcoh_theta,0.0
conn__n_roi_used__coh_theta,0.0
conn__n_roi_used__dtf_alpha,0.0
conn__n_roi_used__dtf_beta,0.0
conn__n_roi_used__dtf_delta,0.0
conn__n_roi_used__dtf_gamma,0.0
conn__n_roi_used__dtf_theta,0.0
conn__n_roi_used__imcoh_alpha,0.0
conn__n_roi_used__imcoh_beta,0.0
conn__n_roi_used__imcoh_delta,0.0
conn__n_roi_used__imcoh_gamma,0.0
conn__n_roi_used__coh_gamma,0.0
conn__mean_strength__wpli_beta,0.0
conn__mean_strength__wpli_delta,0.0
conn__mean_strength__wpli_gamma,0.0
conn__mean_strength__wpli_theta,0.0
conn__clustering__coh_alpha,0.0
conn__clustering__coh_beta,0.0
conn__clustering__coh_delta,0.0
conn__clustering__coh_gamma,0.0
conn__clustering__coh_theta,0.0
conn__mean_strength__coh_theta,0.0
conn__clustering__dtf_beta,0.0
conn__clustering__dtf_delta,0.0
conn__clustering__dtf_gamma,0.0
conn__clustering__dtf_theta,0.0
conn__clustering__imcoh_alpha,0.0
conn__clustering__imcoh_beta,0.0
conn__clustering__imcoh_delta,0.0
conn__modularity__wpli_gamma,0.0
conn__clustering__imcoh_theta,0.0
conn__clustering__pdc_alpha,0.0
conn__clustering__dtf_alpha,0.0
conn__mean_strength__dtf_alpha,0.0
conn__mean_strength__dtf_beta,0.0
conn__mean_strength__dtf_delta,0.0
conn__mean_strength__dtf_gamma,0.0
conn__mean_strength__dtf_theta,0.0
conn__mean_strength__imcoh_alpha,0.0
conn__mean_strength__imcoh_beta,0.0
conn__mean_strength__imcoh_delta,0.0
conn__mean_strength__imcoh_gamma,0.0
conn__mean_strength__wpli_alpha,0.0
conn__mean_strength__pdc_alpha,0.0
conn__mean_strength__pdc_beta,0.0
conn__mean_strength__pdc_delta,0.0
conn__mean_strength__pdc_gamma,0.0
conn__mean_strength__pdc_theta,0.0
conn__mean_strength__plv_alpha,0.0
conn__mean_strength__plv_beta,0.0
conn__mean_strength__plv_delta,0.0
conn__mean_strength__plv_gamma,0.0
conn__mean_strength__plv_theta,0.0
conn__mean_strength__imcoh_theta,0.0
conn__asymmetry__pdc_alpha,0.0
conn__asymmetry__pdc_beta,0.0
conn__asymmetry__pdc_delta,0.0
conn__asymmetry__pdc_gamma,0.0
conn__asymmetry__pdc_theta,0.0
conn__asymmetry__plv_alpha,0.0
conn__asymmetry__plv_beta,0.0
conn__asymmetry__plv_delta,0.0
conn__asymmetry__plv_gamma,0.0
conn__small_worldness__coh_gamma,0.0
conn__asymmetry__wpli_alpha,0.0
conn__asymmetry__wpli_beta,0.0
conn__asymmetry__wpli_delta,0.0
conn__asymmetry__wpli_gamma,0.0
conn__asymmetry__wpli_theta,0.0
conn__graph_density__coh_alpha,0.0
conn__graph_density__coh_beta,0.0
conn__graph_density__coh_delta,0.0
conn__graph_density__coh_gamma,0.0
conn__asymmetry__plv_theta,0.0
conn__n_hubs__wpli_alpha,0.0
conn__n_hubs__wpli_beta,0.0
conn__n_hubs__wpli_delta,0.0
conn__n_hubs__wpli_gamma,0.0
conn__n_hubs__wpli_theta,0.0
conn__asymmetry__coh_alpha,0.0
conn__asymmetry__coh_beta,0.0
conn__asymmetry__coh_delta,0.0
conn__asymmetry__coh_gamma,0.0
conn__asymmetry__imcoh_theta,0.0
conn__asymmetry__dtf_alpha,0.0
conn__asymmetry__dtf_beta,0.0
conn__asymmetry__dtf_delta,0.0
conn__asymmetry__dtf_gamma,0.0
conn__asymmetry__dtf_theta,0.0
conn__asymmetry__imcoh_alpha,0.0
conn__asymmetry__imcoh_beta,0.0
conn__asymmetry__imcoh_delta,0.0
conn__asymmetry__imcoh_gamma,0.0
conn__asymmetry__coh_theta,0.0
conn__graph_density__wpli_beta,0.0
conn__graph_density__wpli_delta,0.0
conn__graph_density__wpli_gamma,0.0
meta__size_mb,0.0
event__n_events,0.0
event__peak_to_peak_uv,0.0
event__auc_abs_uvs,0.0
event__energy_uv2s,0.0
event__line_length_uv,0.0
conn__graph_density__coh_theta,0.0
event__slope_fall_uvs,0.0
event__sharpness_uv,0.0
event__z_peak,0.0
event__slow_peak_uv,0.0
event__spike_to_slow_ratio,0.0
event__n_involved_ch,0.0
event__lr_index,0.0
event__spread_rois,0.0
event__propagation_ms,0.0
event__slope_rise_uvs,0.0
conn__graph_density__dtf_alpha,0.0
conn__graph_density__dtf_beta,0.0
conn__graph_density__dtf_delta,0.0
conn__graph_density__dtf_gamma,0.0
conn__graph_density__dtf_theta,0.0
conn__graph_density__imcoh_alpha,0.0
conn__graph_density__imcoh_beta,0.0
conn__graph_density__imcoh_delta,0.0
conn__graph_density__imcoh_gamma,0.0
conn__graph_density__wpli_alpha,0.0
conn__graph_density__pdc_alpha,0.0
conn__graph_density__pdc_beta,0.0
conn__graph_density__pdc_delta,0.0
conn__graph_density__pdc_gamma,0.0
conn__graph_density__pdc_theta,0.0
conn__graph_density__plv_alpha,0.0
conn__graph_density__plv_beta,0.0
conn__graph_density__plv_delta,0.0
conn__graph_density__plv_gamma,0.0
conn__graph_density__plv_theta,0.0
conn__graph_density__wpli_theta,0.0
conn__small_worldness__plv_gamma,0.0
conn__small_worldness__plv_theta,0.0
conn__small_worldness__wpli_alpha,0.0
conn__small_worldness__wpli_delta,0.0
conn__small_worldness__wpli_gamma,0.0
conn__small_worldness__wpli_theta,0.0
conn__hub_z_max__coh_alpha,0.0
conn__hub_z_max__coh_beta,0.0
conn__hub_z_max__coh_delta,0.0
conn__n_hubs__plv_theta,0.0
conn__hub_z_max__coh_theta,0.0
conn__hub_z_max__dtf_alpha,0.0
conn__hub_z_max__dtf_beta,0.0
conn__hub_z_max__dtf_delta,0.0
conn__hub_z_max__dtf_gamma,0.0
conn__hub_z_max__dtf_theta,0.0
conn__hub_z_max__imcoh_alpha,0.0
conn__hub_z_max__imcoh_beta,0.0
conn__hub_z_max__imcoh_delta,0.0
conn__hub_z_max__coh_gamma,0.0
conn__modularity__wpli_theta,0.0
conn__small_worldness__coh_beta,0.0
conn__small_worldness__coh_delta,0.0
tfr__value__parietal_tfr_mean_theta,0.0
conn__small_worldness__coh_theta,0.0
conn__small_worldness__dtf_alpha,0.0
conn__small_worldness__dtf_beta,0.0
conn__small_worldness__dtf_delta,0.0
conn__small_worldness__dtf_gamma,0.0
conn__small_worldness__plv_delta,0.0
conn__small_worldness__imcoh_alpha,0.0
conn__small_worldness__imcoh_beta,0.0
conn__small_worldness__imcoh_gamma,0.0
conn__small_worldness__imcoh_theta,0.0
conn__small_worldness__pdc_alpha,0.0
conn__small_worldness__pdc_beta,0.0
conn__small_worldness__pdc_gamma,0.0
conn__small_worldness__plv_alpha,0.0
conn__small_worldness__plv_beta,0.0
conn__small_worldness__dtf_theta,0.0
conn__n_hubs__dtf_alpha,0.0
conn__n_hubs__dtf_beta,0.0
conn__n_hubs__dtf_delta,0.0
conn__n_hubs__dtf_gamma,0.0
conn__n_hubs__dtf_theta,0.0
conn__n_hubs__imcoh_alpha,0.0
conn__n_hubs__imcoh_beta,0.0
conn__n_hubs__imcoh_delta,0.0
conn__n_hubs__imcoh_gamma,0.0
conn__hub_z_max__imcoh_gamma,0.0
conn__n_hubs__pdc_alpha,0.0
conn__n_hubs__pdc_beta,0.0
conn__n_hubs__pdc_delta,0.0
conn__n_hubs__pdc_gamma,0.0
conn__n_hubs__pdc_theta,0.0
conn__n_hubs__plv_alpha,0.0
conn__n_hubs__plv_beta,0.0
conn__n_hubs__plv_delta,0.0
conn__n_hubs__plv_gamma,0.0
conn__n_hubs__imcoh_theta,0.0
conn__hub_z_max__imcoh_theta,0.0
conn__hub_z_max__pdc_alpha,0.0
conn__hub_z_max__pdc_beta,0.0
conn__hub_z_max__pdc_delta,0.0
conn__hub_z_max__pdc_gamma,0.0
conn__hub_z_max__pdc_theta,0.0
conn__hub_z_max__plv_alpha,0.0
conn__hub_z_max__plv_beta,0.0
conn__hub_z_max__plv_delta,0.0
conn__n_hubs__coh_theta,0.0
conn__hub_z_max__plv_theta,0.0
conn__hub_z_max__wpli_alpha,0.0
conn__hub_z_max__wpli_beta,0.0
conn__hub_z_max__wpli_delta,0.0
conn__hub_z_max__wpli_gamma,0.0
conn__hub_z_max__wpli_theta,0.0
conn__n_hubs__coh_alpha,0.0
conn__n_hubs__coh_beta,0.0
conn__n_hubs__coh_delta,0.0
conn__n_hubs__coh_gamma,0.0
conn__hub_z_max__plv_gamma,0.0
spec_shape__spectral_entropy_raw__temporal,0.0
spec_shape__fmin__central,0.0
spec_shape__fmin__frontal,0.0
spec_shape__fmin__occipital,0.0
spec_shape__fmin__parietal,0.0
spec_shape__fmin__temporal,0.0
spec_shape__fmax__central,0.0
spec_shape__fmax__frontal,0.0
spec_shape__fmax__occipital,0.0
tfr__value__parietal_tfr_alpha_cv,0.0
spec_shape__fmax__temporal,0.0
aper__fit_fmin__central,0.0
aper__fit_fmin__frontal,0.0
aper__fit_fmin__occipital,0.0
aper__fit_fmin__parietal,0.0
aper__fit_fmin__temporal,0.0
aper__fit_fmax__central,0.0
aper__fit_fmax__frontal,0.0
aper__fit_fmax__occipital,0.0
spec_shape__fmax__parietal,0.0
alpha_peak__alpha_win_hi__temporal,0.0
alpha_peak__smooth_w__central,0.0
alpha_peak__smooth_w__frontal,0.0
alpha_peak__smooth_w__occipital,0.0
alpha_peak__smooth_w__parietal,0.0
alpha_peak__smooth_w__temporal,0.0
spec_shape__sef95_hz__central,0.0
spec_shape__sef95_hz__frontal,0.0
spec_shape__sef95_hz__occipital,0.0
spec_shape__spectral_entropy_raw__parietal,0.0
spec_shape__sef95_hz__temporal,0.0
spec_shape__spectral_entropy_norm__central,0.0
spec_shape__spectral_entropy_norm__frontal,0.0
spec_shape__spectral_entropy_norm__occipital,0.0
spec_shape__spectral_entropy_norm__parietal,0.0
spec_shape__spectral_entropy_norm__temporal,0.0
spec_shape__spectral_entropy_raw__central,0.0
spec_shape__spectral_entropy_raw__frontal,0.0
spec_shape__spectral_entropy_raw__occipital,0.0
spec_shape__sef95_hz__parietal,0.0
aper__alpha_peak_cf_hz__temporal,0.0
aper__alpha_peak_amp_log10__central,0.0
aper__alpha_peak_amp_log10__frontal,0.0
aper__alpha_peak_amp_log10__occipital,0.0
aper__alpha_peak_amp_log10__parietal,0.0
aper__alpha_peak_amp_log10__temporal,0.0
aper__alpha_peak_width_hz__occipital,0.0
aper__n_fit_points__central,0.0
aper__n_fit_points__frontal,0.0
aper__fit_fmax__parietal,0.0
aper__n_fit_points__parietal,0.0
aper__n_fit_points__temporal,0.0
gamma__gamma_rel__central,0.0
gamma__gamma_rel__frontal,0.0
gamma__gamma_rel__occipital,0.0
gamma__gamma_rel__parietal,0.0
gamma__gamma_abs__central,0.0
gamma__gamma_abs__frontal,0.0
gamma__gamma_abs__occipital,0.0
aper__n_fit_points__occipital,0.0
aper__fit_fmax__temporal,0.0
aper__aperiodic_intercept_log10__central,0.0
aper__aperiodic_intercept_log10__frontal,0.0
aper__aperiodic_intercept_log10__occipital,0.0
aper__aperiodic_intercept_log10__parietal,0.0
aper__aperiodic_intercept_log10__temporal,0.0
aper__aperiodic_slope__central,0.0
aper__aperiodic_slope__frontal,0.0
aper__aperiodic_slope__occipital,0.0
aper__alpha_peak_cf_hz__parietal,0.0
aper__aperiodic_slope__temporal,0.0
aper__aperiodic_exponent__central,0.0
aper__aperiodic_exponent__frontal,0.0
aper__aperiodic_exponent__occipital,0.0
aper__aperiodic_exponent__parietal,0.0
aper__aperiodic_exponent__temporal,0.0
aper__alpha_peak_cf_hz__central,0.0
aper__alpha_peak_cf_hz__frontal,0.0
aper__alpha_peak_cf_hz__occipital,0.0
aper__aperiodic_slope__parietal,0.0
bp__band_fmin__occipital_gamma,0.0
bp__band_fmin__occipital_theta,0.0
bp__band_fmin__parietal_alpha,0.0
bp__band_fmin__parietal_beta,0.0
bp__band_fmin__parietal_delta,0.0
bp__band_fmin__parietal_gamma,0.0
bp__band_fmin__parietal_theta,0.0
bp__band_fmin__temporal_alpha,0.0
bp__band_fmin__temporal_beta,0.0
alpha_peak__alpha_win_hi__parietal,0.0
bp__band_fmin__frontal_gamma,0.0
bp__band_fmin__temporal_theta,0.0
bp__band_fmax__central_alpha,0.0
bp__band_fmax__central_beta,0.0
bp__band_fmax__central_delta,0.0
bp__band_fmax__central_gamma,0.0
bp__band_fmax__central_theta,0.0
bp__band_fmax__frontal_alpha,0.0
bp__band_fmax__frontal_beta,0.0
bp__band_fmin__temporal_delta,0.0
meta__n_channels,0.0
meta__tmin_sec,0.0
meta__tmax_sec,0.0
meta__epoch_len_sec,0.0
bp__band_fmin__central_alpha,0.0
bp__band_fmin__central_beta,0.0
bp__band_fmin__central_delta,0.0
bp__band_fmin__central_gamma,0.0
bp__band_fmin__central_theta,0.0
bp__band_fmin__occipital_delta,0.0
bp__band_fmin__frontal_beta,0.0
bp__band_fmin__frontal_delta,0.0
conn__graph_density__imcoh_theta,0.0
bp__band_fmin__temporal_gamma,0.0
event__duration_sec,0.0
meta__n_epochs,0.0
bp__band_fmin__frontal_theta,0.0
bp__band_fmin__occipital_alpha,0.0
bp__band_fmin__occipital_beta,0.0
bp__band_fmin__frontal_alpha,0.0
alpha_peak__paf_hz__temporal,0.0
alpha_peak__alpha_peak_amp_db__central,0.0
alpha_peak__alpha_peak_amp_db__frontal,0.0
alpha_peak__alpha_peak_amp_db__occipital,0.0
alpha_peak__alpha_peak_amp_db__parietal,0.0
alpha_peak__alpha_peak_amp_db__temporal,0.0
alpha_peak__alpha_peak_db__central,0.0
alpha_peak__alpha_peak_db__frontal,0.0
alpha_peak__alpha_peak_db__occipital,0.0
bp__band_fmax__frontal_delta,0.0
alpha_peak__alpha_peak_db__temporal,0.0
alpha_peak__alpha_win_lo__central,0.0
alpha_peak__alpha_win_lo__frontal,0.0
alpha_peak__alpha_win_lo__occipital,0.0
alpha_peak__alpha_win_lo__parietal,0.0
alpha_peak__alpha_win_lo__temporal,0.0
alpha_peak__alpha_win_hi__central,0.0
alpha_peak__alpha_win_hi__frontal,0.0
alpha_peak__alpha_win_hi__occipital,0.0
alpha_peak__alpha_peak_db__parietal,0.0
bp__band_fmax__frontal_gamma,0.0
bp__band_fmax__frontal_theta,0.0
bp__band_fmax__occipital_alpha,0.0
bp__band_fmax__occipital_beta,0.0
bp__band_fmax__occipital_delta,0.0
bp__band_fmax__occipital_gamma,0.0
bp__band_fmax__occipital_theta,0.0
bp__band_fmax__parietal_alpha,0.0
bp__band_fmax__parietal_beta,0.0
alpha_peak__paf_hz__parietal,0.0
bp__band_fmax__parietal_gamma,0.0
bp__band_fmax__parietal_theta,0.0
bp__band_fmax__temporal_alpha,0.0
bp__band_fmax__temporal_beta,0.0
bp__band_fmax__temporal_delta,0.0
bp__band_fmax__temporal_gamma,0.0
bp__band_fmax__temporal_theta,0.0
alpha_peak__paf_hz__central,0.0
alpha_peak__paf_hz__frontal,0.0
alpha_peak__paf_hz__occipital,0.0
bp__band_fmax__parietal_delta,0.0
burst__mean_peak__central_alpha,0.0
burst__mean_peak__central_beta,0.0
burst__mean_peak__frontal_alpha,0.0
burst__mean_peak__frontal_beta,0.0
burst__mean_peak__occipital_beta,0.0
burst__mean_peak__parietal_alpha,0.0
burst__mean_peak__parietal_beta,0.0
burst__mean_peak__temporal_alpha,0.0
burst__mean_peak__temporal_beta,0.0
gamma__gamma_abs__parietal,0.0
burst__mean_ibi_sec__central_beta,0.0
burst__mean_ibi_sec__frontal_alpha,0.0
burst__mean_ibi_sec__frontal_beta,0.0
burst__mean_ibi_sec__occipital_beta,0.0
burst__mean_ibi_sec__parietal_alpha,0.0
burst__mean_ibi_sec__parietal_beta,0.0
burst__mean_ibi_sec__temporal_alpha,0.0
burst__mean_ibi_sec__temporal_beta,0.0
burst__median_ibi_sec__central_alpha,0.0
burst__mean_ibi_sec__central_alpha,0.0
burst__mean_dur_sec__temporal_alpha,0.0
burst__mean_dur_sec__temporal_beta,0.0
burst__median_dur_sec__central_alpha,0.0
burst__median_dur_sec__central_beta,0.0
burst__median_dur_sec__frontal_alpha,0.0
burst__median_dur_sec__frontal_beta,0.0
burst__median_dur_sec__occipital_beta,0.0
burst__median_dur_sec__parietal_alpha,0.0
burst__median_dur_sec__parietal_beta,0.0
burst__mean_amp__temporal_beta,0.0
burst__median_dur_sec__temporal_beta,0.0
burst__mean_amp__central_alpha,0.0
burst__mean_amp__central_beta,0.0
burst__mean_amp__frontal_alpha,0.0
burst__mean_amp__frontal_beta,0.0
burst__mean_amp__occipital_beta,0.0
burst__mean_amp__parietal_alpha,0.0
burst__mean_amp__parietal_beta,0.0
burst__mean_amp__temporal_alpha,0.0
burst__median_dur_sec__temporal_alpha,0.0
tfr__value__central_tfr_mean_gamma,0.0
tfr__value__central_tfr_mean_theta,0.0
tfr__value__frontal_tfr_alpha_cv,0.0
tfr__value__frontal_tfr_mean_alpha,0.0
tfr__value__frontal_tfr_mean_beta,0.0
tfr__value__frontal_tfr_mean_delta,0.0
tfr__value__frontal_tfr_mean_gamma,0.0
tfr__value__frontal_tfr_mean_theta,0.0
tfr__value__occipital_tfr_alpha_cv,0.0
burst__median_ibi_sec__central_beta,0.0
tfr__value__occipital_tfr_mean_beta,0.0
tfr__value__occipital_tfr_mean_delta,0.0
tfr__value__occipital_tfr_mean_gamma,0.0
tfr__value__occipital_tfr_mean_theta,0.0
meta__sfreq_hz,0.0
tfr__value__parietal_tfr_mean_alpha,0.0
tfr__value__parietal_tfr_mean_beta,0.0
tfr__value__parietal_tfr_mean_delta,0.0
tfr__value__parietal_tfr_mean_gamma,0.0
tfr__value__occipital_tfr_mean_alpha,0.0
burst__median_ibi_sec__frontal_alpha,0.0
burst__median_ibi_sec__frontal_beta,0.0
burst__median_ibi_sec__occipital_beta,0.0
burst__median_ibi_sec__parietal_alpha,0.0
burst__median_ibi_sec__parietal_beta,0.0
burst__median_ibi_sec__temporal_alpha,0.0
burst__median_ibi_sec__temporal_beta,0.0
burst__total_sec__central_alpha,0.0
burst__total_sec__central_beta,0.0
tfr__value__central_tfr_mean_delta,0.0
burst__total_sec__frontal_beta,0.0
burst__total_sec__occipital_alpha,0.0
burst__total_sec__occipital_beta,0.0
burst__total_sec__parietal_alpha,0.0
burst__total_sec__parietal_beta,0.0
burst__total_sec__temporal_alpha,0.0
burst__total_sec__temporal_beta,0.0
tfr__value__central_tfr_alpha_cv,0.0
tfr__value__central_tfr_mean_alpha,0.0
tfr__value__central_tfr_mean_beta,0.0
burst__total_sec__frontal_alpha,0.0
dfa__env_fs__parietal_alpha,0.0
dfa__env_fs__parietal_beta,0.0
dfa__env_fs__temporal_alpha,0.0
dfa__env_fs__temporal_beta,0.0
dfa__n_scales_used__central_alpha,0.0
dfa__n_scales_used__central_beta,0.0
dfa__n_scales_used__frontal_alpha,0.0
dfa__n_scales_used__frontal_beta,0.0
dfa__n_scales_used__occipital_alpha,0.0
burst__mean_dur_sec__parietal_beta,0.0
dfa__n_scales_used__parietal_alpha,0.0
dfa__n_scales_used__parietal_beta,0.0
dfa__n_scales_used__temporal_alpha,0.0
dfa__n_scales_used__temporal_beta,0.0
dfa__n_epochs_used__central_alpha,0.0
dfa__n_epochs_used__central_beta,0.0
dfa__n_epochs_used__frontal_alpha,0.0
dfa__n_epochs_used__frontal_beta,0.0
dfa__n_epochs_used__occipital_alpha,0.0
dfa__n_scales_used__occipital_beta,0.0
gamma__gamma_res__central,0.0
gamma__gamma_res__frontal,0.0
gamma__gamma_res__occipital,0.0
gamma__gamma_res__parietal,0.0
dfa__dfa_exp__central_alpha,0.0
dfa__dfa_exp__central_beta,0.0
dfa__dfa_exp__frontal_alpha,0.0
dfa__dfa_exp__frontal_beta,0.0
dfa__dfa_exp__occipital_alpha,0.0
dfa__env_fs__occipital_beta,0.0
dfa__dfa_exp__parietal_alpha,0.0
dfa__dfa_exp__parietal_beta,0.0
dfa__dfa_exp__temporal_alpha,0.0
dfa__dfa_exp__temporal_beta,0.0
dfa__env_fs__central_alpha,0.0
dfa__env_fs__central_beta,0.0
dfa__env_fs__frontal_alpha,0.0
dfa__env_fs__frontal_beta,0.0
dfa__env_fs__occipital_alpha,0.0
dfa__dfa_exp__occipital_beta,0.0
burst__rate_per_min__parietal_beta,0.0
burst__rate_per_min__temporal_alpha,0.0
burst__rate_per_min__temporal_beta,0.0
burst__pct_time__central_alpha,0.0
burst__pct_time__central_beta,0.0
burst__pct_time__frontal_alpha,0.0
burst__pct_time__frontal_beta,0.0
burst__pct_time__occipital_alpha,0.0
burst__pct_time__occipital_beta,0.0
dfa__n_epochs_used__occipital_beta,0.0
burst__pct_time__parietal_beta,0.0
burst__pct_time__temporal_alpha,0.0
burst__pct_time__temporal_beta,0.0
burst__mean_dur_sec__central_alpha,0.0
burst__mean_dur_sec__central_beta,0.0
burst__mean_dur_sec__frontal_alpha,0.0
burst__mean_dur_sec__frontal_beta,0.0
burst__mean_dur_sec__occipital_beta,0.0
burst__mean_dur_sec__parietal_alpha,0.0
burst__pct_time__parietal_alpha,0.0
dfa__n_epochs_used__parietal_alpha,0.0
dfa__n_epochs_used__parietal_beta,0.0
dfa__n_epochs_used__temporal_alpha,0.0
dfa__n_epochs_used__temporal_beta,0.0
burst__n_bursts__central_alpha,0.0
burst__n_bursts__central_beta,0.0
burst__n_bursts__frontal_alpha,0.0
burst__n_bursts__frontal_beta,0.0
burst__n_bursts__occipital_alpha,0.0
burst__rate_per_min__parietal_alpha,0.0
burst__n_bursts__parietal_alpha,0.0
burst__n_bursts__parietal_beta,0.0
burst__n_bursts__temporal_alpha,0.0
burst__n_bursts__temporal_beta,0.0
burst__rate_per_min__central_alpha,0.0
burst__rate_per_min__central_beta,0.0
burst__rate_per_min__frontal_alpha,0.0
burst__rate_per_min__frontal_beta,0.0
burst__rate_per_min__occipital_alpha,0.0
burst__rate_per_min__occipital_beta,0.0
burst__n_bursts__occipital_beta,0.0
