feature,block
bp__band_fmin__central_alpha,bp
bp__band_fmin__central_beta,bp
bp__band_fmin__central_delta,bp
bp__band_fmin__central_theta,bp
bp__band_fmin__frontal_alpha,bp
bp__band_fmin__frontal_beta,bp
bp__band_fmin__frontal_delta,bp
bp__band_fmin__frontal_theta,bp
bp__band_fmin__occipital_alpha,bp
bp__band_fmin__occipital_beta,bp
bp__band_fmin__occipital_delta,bp
bp__band_fmin__occipital_theta,bp
bp__band_fmin__parietal_alpha,bp
bp__band_fmin__parietal_beta,bp
bp__band_fmin__parietal_delta,bp
bp__band_fmin__parietal_theta,bp
bp__band_fmin__temporal_alpha,bp
bp__band_fmin__temporal_beta,bp
bp__band_fmin__temporal_delta,bp
bp__band_fmin__temporal_theta,bp
bp__band_fmax__central_alpha,bp
bp__band_fmax__central_beta,bp
bp__band_fmax__central_delta,bp
bp__band_fmax__central_theta,bp
bp__band_fmax__frontal_alpha,bp
bp__band_fmax__frontal_beta,bp
bp__band_fmax__frontal_delta,bp
bp__band_fmax__frontal_theta,bp
bp__band_fmax__occipital_alpha,bp
bp__band_fmax__occipital_beta,bp
bp__band_fmax__occipital_delta,bp
bp__band_fmax__occipital_theta,bp
bp__band_fmax__parietal_alpha,bp
bp__band_fmax__parietal_beta,bp
bp__band_fmax__parietal_delta,bp
bp__band_fmax__parietal_theta,bp
bp__band_fmax__temporal_alpha,bp
bp__band_fmax__temporal_beta,bp
bp__band_fmax__temporal_delta,bp
bp__band_fmax__temporal_theta,bp
alpha_peak__paf_hz__central,alpha_peak
alpha_peak__paf_hz__frontal,alpha_peak
alpha_peak__paf_hz__occipital,alpha_peak
alpha_peak__paf_hz__parietal,alpha_peak
alpha_peak__paf_hz__temporal,alpha_peak
alpha_peak__alpha_peak_amp_db__central,alpha_peak
alpha_peak__alpha_peak_amp_db__frontal,alpha_peak
alpha_peak__alpha_peak_amp_db__occipital,alpha_peak
alpha_peak__alpha_peak_amp_db__parietal,alpha_peak
alpha_peak__alpha_peak_amp_db__temporal,alpha_peak
alpha_peak__alpha_peak_db__central,alpha_peak
alpha_peak__alpha_peak_db__frontal,alpha_peak
alpha_peak__alpha_peak_db__occipital,alpha_peak
alpha_peak__alpha_peak_db__parietal,alpha_peak
alpha_peak__alpha_peak_db__temporal,alpha_peak
alpha_peak__alpha_win_lo__central,alpha_peak
alpha_peak__alpha_win_lo__frontal,alpha_peak
alpha_peak__alpha_win_lo__occipital,alpha_peak
alpha_peak__alpha_win_lo__parietal,alpha_peak
alpha_peak__alpha_win_lo__temporal,alpha_peak
alpha_peak__alpha_win_hi__central,alpha_peak
alpha_peak__alpha_win_hi__frontal,alpha_peak
alpha_peak__alpha_win_hi__occipital,alpha_peak
alpha_peak__alpha_win_hi__parietal,alpha_peak
alpha_peak__alpha_win_hi__temporal,alpha_peak
alpha_peak__smooth_w__central,alpha_peak
alpha_peak__smooth_w__frontal,alpha_peak
alpha_peak__smooth_w__occipital,alpha_peak
alpha_peak__smooth_w__parietal,alpha_peak
alpha_peak__smooth_w__temporal,alpha_peak
spec_shape__sef95_hz__central,spec_shape
spec_shape__sef95_hz__frontal,spec_shape
spec_shape__sef95_hz__occipital,spec_shape
spec_shape__sef95_hz__parietal,spec_shape
spec_shape__sef95_hz__temporal,spec_shape
spec_shape__spectral_entropy_norm__central,spec_shape
spec_shape__spectral_entropy_norm__frontal,spec_shape
spec_shape__spectral_entropy_norm__occipital,spec_shape
spec_shape__spectral_entropy_norm__parietal,spec_shape
spec_shape__spectral_entropy_norm__temporal,spec_shape
spec_shape__spectral_entropy_raw__central,spec_shape
spec_shape__spectral_entropy_raw__frontal,spec_shape
spec_shape__spectral_entropy_raw__occipital,spec_shape
spec_shape__spectral_entropy_raw__parietal,spec_shape
spec_shape__spectral_entropy_raw__temporal,spec_shape
spec_shape__fmin__central,spec_shape
spec_shape__fmin__frontal,spec_shape
spec_shape__fmin__occipital,spec_shape
spec_shape__fmin__parietal,spec_shape
spec_shape__fmin__temporal,spec_shape
spec_shape__fmax__central,spec_shape
spec_shape__fmax__frontal,spec_shape
spec_shape__fmax__occipital,spec_shape
spec_shape__fmax__parietal,spec_shape
spec_shape__fmax__temporal,spec_shape
aper__fit_fmin__central,aper
aper__fit_fmin__frontal,aper
aper__fit_fmin__occipital,aper
aper__fit_fmin__parietal,aper
aper__fit_fmin__temporal,aper
aper__fit_fmax__central,aper
aper__fit_fmax__frontal,aper
aper__fit_fmax__occipital,aper
aper__fit_fmax__parietal,aper
aper__fit_fmax__temporal,aper
aper__aperiodic_intercept_log10__central,aper
aper__aperiodic_intercept_log10__frontal,aper
aper__aperiodic_intercept_log10__occipital,aper
aper__aperiodic_intercept_log10__parietal,aper
aper__aperiodic_intercept_log10__temporal,aper
aper__aperiodic_slope__central,aper
aper__aperiodic_slope__frontal,aper
aper__aperiodic_slope__occipital,aper
aper__aperiodic_slope__parietal,aper
aper__aperiodic_slope__temporal,aper
aper__aperiodic_exponent__central,aper
aper__aperiodic_exponent__frontal,aper
aper__aperiodic_exponent__occipital,aper
aper__aperiodic_exponent__parietal,aper
aper__aperiodic_exponent__temporal,aper
aper__alpha_peak_cf_hz__central,aper
aper__alpha_peak_cf_hz__frontal,aper
aper__alpha_peak_cf_hz__occipital,aper
aper__alpha_peak_cf_hz__parietal,aper
aper__alpha_peak_cf_hz__temporal,aper
aper__alpha_peak_amp_log10__central,aper
aper__alpha_peak_amp_log10__frontal,aper
aper__alpha_peak_amp_log10__occipital,aper
aper__alpha_peak_amp_log10__parietal,aper
aper__alpha_peak_amp_log10__temporal,aper
aper__alpha_peak_width_hz__central,aper
aper__alpha_peak_width_hz__frontal,aper
aper__alpha_peak_width_hz__occipital,aper
aper__alpha_peak_width_hz__parietal,aper
aper__alpha_peak_width_hz__temporal,aper
aper__n_fit_points__central,aper
aper__n_fit_points__frontal,aper
aper__n_fit_points__occipital,aper
aper__n_fit_points__parietal,aper
aper__n_fit_points__temporal,aper
dfa__dfa_exp__central_alpha,dfa
dfa__dfa_exp__central_beta,dfa
dfa__dfa_exp__frontal_alpha,dfa
dfa__dfa_exp__frontal_beta,dfa
dfa__dfa_exp__occipital_alpha,dfa
dfa__dfa_exp__occipital_beta,dfa
dfa__dfa_exp__parietal_alpha,dfa
dfa__dfa_exp__parietal_beta,dfa
dfa__dfa_exp__temporal_alpha,dfa
dfa__dfa_exp__temporal_beta,dfa
dfa__env_fs__central_alpha,dfa
dfa__env_fs__central_beta,dfa
dfa__env_fs__frontal_alpha,dfa
dfa__env_fs__frontal_beta,dfa
dfa__env_fs__occipital_alpha,dfa
dfa__env_fs__occipital_beta,dfa
dfa__env_fs__parietal_alpha,dfa
dfa__env_fs__parietal_beta,dfa
dfa__env_fs__temporal_alpha,dfa
dfa__env_fs__temporal_beta,dfa
dfa__n_scales_used__central_alpha,dfa
dfa__n_scales_used__central_beta,dfa
dfa__n_scales_used__frontal_alpha,dfa
dfa__n_scales_used__frontal_beta,dfa
dfa__n_scales_used__occipital_alpha,dfa
dfa__n_scales_used__occipital_beta,dfa
dfa__n_scales_used__parietal_alpha,dfa
dfa__n_scales_used__parietal_beta,dfa
dfa__n_scales_used__temporal_alpha,dfa
dfa__n_scales_used__temporal_beta,dfa
burst__rate_per_min__central_alpha,burst
burst__rate_per_min__central_beta,burst
burst__rate_per_min__frontal_alpha,burst
burst__rate_per_min__frontal_beta,burst
burst__rate_per_min__occipital_alpha,burst
burst__rate_per_min__occipital_beta,burst
burst__rate_per_min__parietal_alpha,burst
burst__rate_per_min__parietal_beta,burst
burst__rate_per_min__temporal_alpha,burst
burst__rate_per_min__temporal_beta,burst
burst__pct_time__central_alpha,burst
burst__pct_time__central_beta,burst
burst__pct_time__frontal_alpha,burst
burst__pct_time__frontal_beta,burst
burst__pct_time__occipital_alpha,burst
burst__pct_time__occipital_beta,burst
burst__pct_time__parietal_alpha,burst
burst__pct_time__parietal_beta,burst
burst__pct_time__temporal_alpha,burst
burst__pct_time__temporal_beta,burst
burst__mean_amp__central_alpha,burst
burst__mean_amp__central_beta,burst
burst__mean_amp__frontal_alpha,burst
burst__mean_amp__frontal_beta,burst
burst__mean_amp__occipital_alpha,burst
burst__mean_amp__occipital_beta,burst
burst__mean_amp__parietal_alpha,burst
burst__mean_amp__parietal_beta,burst
burst__mean_amp__temporal_alpha,burst
burst__mean_amp__temporal_beta,burst
burst__mean_peak__central_alpha,burst
burst__mean_peak__central_beta,burst
burst__mean_peak__frontal_alpha,burst
burst__mean_peak__frontal_beta,burst
burst__mean_peak__occipital_alpha,burst
burst__mean_peak__occipital_beta,burst
burst__mean_peak__parietal_alpha,burst
burst__mean_peak__parietal_beta,burst
burst__mean_peak__temporal_alpha,burst
burst__mean_peak__temporal_beta,burst
tfr__value__central_tfr_alpha_cv,tfr
tfr__value__central_tfr_mean_alpha,tfr
tfr__value__central_tfr_mean_beta,tfr
tfr__value__central_tfr_mean_delta,tfr
tfr__value__central_tfr_mean_theta,tfr
tfr__value__frontal_tfr_alpha_cv,tfr
tfr__value__frontal_tfr_mean_alpha,tfr
tfr__value__frontal_tfr_mean_beta,tfr
tfr__value__frontal_tfr_mean_delta,tfr
tfr__value__frontal_tfr_mean_theta,tfr
tfr__value__occipital_tfr_alpha_cv,tfr
tfr__value__occipital_tfr_mean_alpha,tfr
tfr__value__occipital_tfr_mean_beta,tfr
tfr__value__occipital_tfr_mean_delta,tfr
tfr__value__occipital_tfr_mean_theta,tfr
tfr__value__parietal_tfr_alpha_cv,tfr
tfr__value__parietal_tfr_mean_alpha,tfr
tfr__value__parietal_tfr_mean_beta,tfr
tfr__value__parietal_tfr_mean_delta,tfr
tfr__value__parietal_tfr_mean_theta,tfr
tfr__value__temporal_tfr_alpha_cv,tfr
tfr__value__temporal_tfr_mean_alpha,tfr
tfr__value__temporal_tfr_mean_beta,tfr
tfr__value__temporal_tfr_mean_delta,tfr
tfr__value__temporal_tfr_mean_theta,tfr
conn__n_roi_used__coh_alpha,conn
conn__n_roi_used__coh_beta,conn
conn__n_roi_used__coh_delta,conn
conn__n_roi_used__coh_theta,conn
conn__n_roi_used__dtf_alpha,conn
conn__n_roi_used__dtf_beta,conn
conn__n_roi_used__dtf_delta,conn
conn__n_roi_used__dtf_theta,conn
conn__n_roi_used__imcoh_alpha,conn
conn__n_roi_used__imcoh_beta,conn
conn__n_roi_used__imcoh_delta,conn
conn__n_roi_used__imcoh_theta,conn
conn__n_roi_used__pdc_alpha,conn
conn__n_roi_used__pdc_beta,conn
conn__n_roi_used__pdc_delta,conn
conn__n_roi_used__pdc_theta,conn
conn__n_roi_used__plv_alpha,conn
conn__n_roi_used__plv_beta,conn
conn__n_roi_used__plv_delta,conn
conn__n_roi_used__plv_theta,conn
conn__n_roi_used__wpli_alpha,conn
conn__n_roi_used__wpli_beta,conn
conn__n_roi_used__wpli_delta,conn
conn__n_roi_used__wpli_theta,conn
conn__mean_strength__coh_alpha,conn
conn__mean_strength__coh_beta,conn
conn__mean_strength__coh_delta,conn
conn__mean_strength__coh_theta,conn
conn__mean_strength__dtf_alpha,conn
conn__mean_strength__dtf_beta,conn
conn__mean_strength__dtf_delta,conn
conn__mean_strength__dtf_theta,conn
conn__mean_strength__imcoh_alpha,conn
conn__mean_strength__imcoh_beta,conn
conn__mean_strength__imcoh_delta,conn
conn__mean_strength__imcoh_theta,conn
conn__mean_strength__pdc_alpha,conn
conn__mean_strength__pdc_beta,conn
conn__mean_strength__pdc_delta,conn
conn__mean_strength__pdc_theta,conn
conn__mean_strength__plv_alpha,conn
conn__mean_strength__plv_beta,conn
conn__mean_strength__plv_delta,conn
conn__mean_strength__plv_theta,conn
conn__mean_strength__wpli_alpha,conn
conn__mean_strength__wpli_beta,conn
conn__mean_strength__wpli_delta,conn
conn__mean_strength__wpli_theta,conn
conn__clustering__coh_alpha,conn
conn__clustering__coh_beta,conn
conn__clustering__coh_delta,conn
conn__clustering__coh_theta,conn
conn__clustering__dtf_alpha,conn
conn__clustering__dtf_beta,conn
conn__clustering__dtf_delta,conn
conn__clustering__dtf_theta,conn
conn__clustering__imcoh_alpha,conn
conn__clustering__imcoh_beta,conn
conn__clustering__imcoh_delta,conn
conn__clustering__imcoh_theta,conn
conn__clustering__pdc_alpha,conn
conn__clustering__pdc_beta,conn
conn__clustering__pdc_delta,conn
conn__clustering__pdc_theta,conn
conn__clustering__plv_alpha,conn
conn__clustering__plv_beta,conn
conn__clustering__plv_delta,conn
conn__clustering__plv_theta,conn
conn__clustering__wpli_alpha,conn
conn__clustering__wpli_beta,conn
conn__clustering__wpli_delta,conn
conn__clustering__wpli_theta,conn
conn__global_efficiency__coh_alpha,conn
conn__global_efficiency__coh_beta,conn
conn__global_efficiency__coh_delta,conn
conn__global_efficiency__coh_theta,conn
conn__global_efficiency__dtf_alpha,conn
conn__global_efficiency__dtf_beta,conn
conn__global_efficiency__dtf_delta,conn
conn__global_efficiency__dtf_theta,conn
conn__global_efficiency__imcoh_alpha,conn
conn__global_efficiency__imcoh_beta,conn
conn__global_efficiency__imcoh_delta,conn
conn__global_efficiency__imcoh_theta,conn
conn__global_efficiency__pdc_alpha,conn
conn__global_efficiency__pdc_beta,conn
conn__global_efficiency__pdc_delta,conn
conn__global_efficiency__pdc_theta,conn
conn__global_efficiency__plv_alpha,conn
conn__global_efficiency__plv_beta,conn
conn__global_efficiency__plv_delta,conn
conn__global_efficiency__plv_theta,conn
conn__global_efficiency__wpli_alpha,conn
conn__global_efficiency__wpli_beta,conn
conn__global_efficiency__wpli_delta,conn
conn__global_efficiency__wpli_theta,conn
conn__modularity__coh_alpha,conn
conn__modularity__coh_beta,conn
conn__modularity__coh_delta,conn
conn__modularity__coh_theta,conn
conn__modularity__dtf_alpha,conn
conn__modularity__dtf_beta,conn
conn__modularity__dtf_delta,conn
conn__modularity__dtf_theta,conn
conn__modularity__imcoh_alpha,conn
conn__modularity__imcoh_beta,conn
conn__modularity__imcoh_delta,conn
conn__modularity__imcoh_theta,conn
conn__modularity__pdc_alpha,conn
conn__modularity__pdc_beta,conn
conn__modularity__pdc_delta,conn
conn__modularity__pdc_theta,conn
conn__modularity__plv_alpha,conn
conn__modularity__plv_beta,conn
conn__modularity__plv_delta,conn
conn__modularity__plv_theta,conn
conn__modularity__wpli_alpha,conn
conn__modularity__wpli_beta,conn
conn__modularity__wpli_delta,conn
conn__modularity__wpli_theta,conn
conn__small_worldness__coh_alpha,conn
conn__small_worldness__coh_beta,conn
conn__small_worldness__coh_delta,conn
conn__small_worldness__coh_theta,conn
conn__small_worldness__dtf_alpha,conn
conn__small_worldness__dtf_beta,conn
conn__small_worldness__dtf_delta,conn
conn__small_worldness__dtf_theta,conn
conn__small_worldness__imcoh_alpha,conn
conn__small_worldness__imcoh_beta,conn
conn__small_worldness__imcoh_delta,conn
conn__small_worldness__imcoh_theta,conn
conn__small_worldness__pdc_alpha,conn
conn__small_worldness__pdc_beta,conn
conn__small_worldness__pdc_delta,conn
conn__small_worldness__pdc_theta,conn
conn__small_worldness__plv_alpha,conn
conn__small_worldness__plv_beta,conn
conn__small_worldness__plv_delta,conn
conn__small_worldness__plv_theta,conn
conn__small_worldness__wpli_alpha,conn
conn__small_worldness__wpli_beta,conn
conn__small_worldness__wpli_delta,conn
conn__small_worldness__wpli_theta,conn
conn__hub_z_max__coh_alpha,conn
conn__hub_z_max__coh_beta,conn
conn__hub_z_max__coh_delta,conn
conn__hub_z_max__coh_theta,conn
conn__hub_z_max__dtf_alpha,conn
conn__hub_z_max__dtf_beta,conn
conn__hub_z_max__dtf_delta,conn
conn__hub_z_max__dtf_theta,conn
conn__hub_z_max__imcoh_alpha,conn
conn__hub_z_max__imcoh_beta,conn
conn__hub_z_max__imcoh_delta,conn
conn__hub_z_max__imcoh_theta,conn
conn__hub_z_max__pdc_alpha,conn
conn__hub_z_max__pdc_beta,conn
conn__hub_z_max__pdc_delta,conn
conn__hub_z_max__pdc_theta,conn
conn__hub_z_max__plv_alpha,conn
conn__hub_z_max__plv_beta,conn
conn__hub_z_max__plv_delta,conn
conn__hub_z_max__plv_theta,conn
conn__hub_z_max__wpli_alpha,conn
conn__hub_z_max__wpli_beta,conn
conn__hub_z_max__wpli_delta,conn
conn__hub_z_max__wpli_theta,conn
conn__n_hubs__coh_alpha,conn
conn__n_hubs__coh_beta,conn
conn__n_hubs__coh_delta,conn
conn__n_hubs__coh_theta,conn
conn__n_hubs__dtf_alpha,conn
conn__n_hubs__dtf_beta,conn
conn__n_hubs__dtf_delta,conn
conn__n_hubs__dtf_theta,conn
conn__n_hubs__imcoh_alpha,conn
conn__n_hubs__imcoh_beta,conn
conn__n_hubs__imcoh_delta,conn
conn__n_hubs__imcoh_theta,conn
conn__n_hubs__pdc_alpha,conn
conn__n_hubs__pdc_beta,conn
conn__n_hubs__pdc_delta,conn
conn__n_hubs__pdc_theta,conn
conn__n_hubs__plv_alpha,conn
conn__n_hubs__plv_beta,conn
conn__n_hubs__plv_delta,conn
conn__n_hubs__plv_theta,conn
conn__n_hubs__wpli_alpha,conn
conn__n_hubs__wpli_beta,conn
conn__n_hubs__wpli_delta,conn
conn__n_hubs__wpli_theta,conn
conn__asymmetry__coh_alpha,conn
conn__asymmetry__coh_beta,conn
conn__asymmetry__coh_delta,conn
conn__asymmetry__coh_theta,conn
conn__asymmetry__dtf_alpha,conn
conn__asymmetry__dtf_beta,conn
conn__asymmetry__dtf_delta,conn
conn__asymmetry__dtf_theta,conn
conn__asymmetry__imcoh_alpha,conn
conn__asymmetry__imcoh_beta,conn
conn__asymmetry__imcoh_delta,conn
conn__asymmetry__imcoh_theta,conn
conn__asymmetry__pdc_alpha,conn
conn__asymmetry__pdc_beta,conn
conn__asymmetry__pdc_delta,conn
conn__asymmetry__pdc_theta,conn
conn__asymmetry__plv_alpha,conn
conn__asymmetry__plv_beta,conn
conn__asymmetry__plv_delta,conn
conn__asymmetry__plv_theta,conn
conn__asymmetry__wpli_alpha,conn
conn__asymmetry__wpli_beta,conn
conn__asymmetry__wpli_delta,conn
conn__asymmetry__wpli_theta,conn
conn__graph_density__coh_alpha,conn
conn__graph_density__coh_beta,conn
conn__graph_density__coh_delta,conn
conn__graph_density__coh_theta,conn
conn__graph_density__dtf_alpha,conn
conn__graph_density__dtf_beta,conn
conn__graph_density__dtf_delta,conn
conn__graph_density__dtf_theta,conn
conn__graph_density__imcoh_alpha,conn
conn__graph_density__imcoh_beta,conn
conn__graph_density__imcoh_delta,conn
conn__graph_density__imcoh_theta,conn
conn__graph_density__pdc_alpha,conn
conn__graph_density__pdc_beta,conn
conn__graph_density__pdc_delta,conn
conn__graph_density__pdc_theta,conn
conn__graph_density__plv_alpha,conn
conn__graph_density__plv_beta,conn
conn__graph_density__plv_delta,conn
conn__graph_density__plv_theta,conn
conn__graph_density__wpli_alpha,conn
conn__graph_density__wpli_beta,conn
conn__graph_density__wpli_delta,conn
conn__graph_density__wpli_theta,conn
event__peak_to_peak_uv,event
event__auc_abs_uvs,event
event__energy_uv2s,event
event__line_length_uv,event
event__slope_rise_uvs,event
event__slope_fall_uvs,event
event__sharpness_uv,event
event__z_peak,event
event__slow_peak_uv,event
event__spike_to_slow_ratio,event
event__n_involved_ch,event
event__lr_index,event
event__spread_rois,event
event__propagation_ms,event
