column,reason
meta__size_mb,QC/meta
meta__n_epochs,QC/meta
meta__sfreq_hz,QC/meta; zero_variance
meta__n_channels,QC/meta; zero_variance
meta__tmin_sec,QC/meta
meta__tmax_sec,QC/meta
meta__epoch_len_sec,QC/meta; zero_variance
bp__band_fmin__central_alpha,zero_variance
bp__band_fmin__central_beta,zero_variance
bp__band_fmin__central_delta,zero_variance
bp__band_fmin__central_gamma,gamma; zero_variance
bp__band_fmin__central_theta,zero_variance
bp__band_fmin__frontal_alpha,zero_variance
bp__band_fmin__frontal_beta,zero_variance
bp__band_fmin__frontal_delta,zero_variance
bp__band_fmin__frontal_gamma,gamma; zero_variance
bp__band_fmin__frontal_theta,zero_variance
bp__band_fmin__occipital_alpha,zero_variance
bp__band_fmin__occipital_beta,zero_variance
bp__band_fmin__occipital_delta,zero_variance
bp__band_fmin__occipital_gamma,gamma; zero_variance
bp__band_fmin__occipital_theta,zero_variance
bp__band_fmin__parietal_alpha,zero_variance
bp__band_fmin__parietal_beta,zero_variance
bp__band_fmin__parietal_delta,zero_variance
bp__band_fmin__parietal_gamma,gamma; zero_variance
bp__band_fmin__parietal_theta,zero_variance
bp__band_fmin__temporal_alpha,zero_variance
bp__band_fmin__temporal_beta,zero_variance
bp__band_fmin__temporal_delta,zero_variance
bp__band_fmin__temporal_gamma,gamma; zero_variance
bp__band_fmin__temporal_theta,zero_variance
bp__band_fmax__central_alpha,zero_variance
bp__band_fmax__central_beta,zero_variance
bp__band_fmax__central_delta,zero_variance
bp__band_fmax__central_gamma,gamma; zero_variance
bp__band_fmax__central_theta,zero_variance
bp__band_fmax__frontal_alpha,zero_variance
bp__band_fmax__frontal_beta,zero_variance
bp__band_fmax__frontal_delta,zero_variance
bp__band_fmax__frontal_gamma,gamma; zero_variance
bp__band_fmax__frontal_theta,zero_variance
bp__band_fmax__occipital_alpha,zero_variance
bp__band_fmax__occipital_beta,zero_variance
bp__band_fmax__occipital_delta,zero_variance
bp__band_fmax__occipital_gamma,gamma; zero_variance
bp__band_fmax__occipital_theta,zero_variance
bp__band_fmax__parietal_alpha,zero_variance
bp__band_fmax__parietal_beta,zero_variance
bp__band_fmax__parietal_delta,zero_variance
bp__band_fmax__parietal_gamma,gamma; zero_variance
bp__band_fmax__parietal_theta,zero_variance
bp__band_fmax__temporal_alpha,zero_variance
bp__band_fmax__temporal_beta,zero_variance
bp__band_fmax__temporal_delta,zero_variance
bp__band_fmax__temporal_gamma,gamma; zero_variance
bp__band_fmax__temporal_theta,zero_variance
alpha_peak__alpha_win_lo__central,zero_variance
alpha_peak__alpha_win_lo__frontal,zero_variance
alpha_peak__alpha_win_lo__occipital,zero_variance
alpha_peak__alpha_win_lo__parietal,zero_variance
alpha_peak__alpha_win_lo__temporal,zero_variance
alpha_peak__alpha_win_hi__central,zero_variance
alpha_peak__alpha_win_hi__frontal,zero_variance
alpha_peak__alpha_win_hi__occipital,zero_variance
alpha_peak__alpha_win_hi__parietal,zero_variance
alpha_peak__alpha_win_hi__temporal,zero_variance
alpha_peak__smooth_w__central,zero_variance
alpha_peak__smooth_w__frontal,zero_variance
alpha_peak__smooth_w__occipital,zero_variance
alpha_peak__smooth_w__parietal,zero_variance
alpha_peak__smooth_w__temporal,zero_variance
spec_shape__fmin__central,zero_variance
spec_shape__fmin__frontal,zero_variance
spec_shape__fmin__occipital,zero_variance
spec_shape__fmin__parietal,zero_variance
spec_shape__fmin__temporal,zero_variance
spec_shape__fmax__central,zero_variance
spec_shape__fmax__frontal,zero_variance
spec_shape__fmax__occipital,zero_variance
spec_shape__fmax__parietal,zero_variance
spec_shape__fmax__temporal,zero_variance
aper__fit_fmin__central,zero_variance
aper__fit_fmin__frontal,zero_variance
aper__fit_fmin__occipital,zero_variance
aper__fit_fmin__parietal,zero_variance
aper__fit_fmin__temporal,zero_variance
aper__fit_fmax__central,zero_variance
aper__fit_fmax__frontal,zero_variance
aper__fit_fmax__occipital,zero_variance
aper__fit_fmax__parietal,zero_variance
aper__fit_fmax__temporal,zero_variance
aper__n_fit_points__frontal,zero_variance
aper__n_fit_points__occipital,zero_variance
aper__n_fit_points__parietal,zero_variance
aper__n_fit_points__temporal,zero_variance
gamma__gamma_rel__central,gamma
gamma__gamma_rel__frontal,gamma
gamma__gamma_rel__occipital,gamma
gamma__gamma_rel__parietal,gamma
gamma__gamma_abs__central,gamma
gamma__gamma_abs__frontal,gamma
gamma__gamma_abs__occipital,gamma
gamma__gamma_abs__parietal,gamma
gamma__gamma_res__central,gamma
gamma__gamma_res__frontal,gamma
gamma__gamma_res__occipital,gamma
gamma__gamma_res__parietal,gamma
dfa__env_fs__central_alpha,zero_variance
dfa__env_fs__central_beta,zero_variance
dfa__env_fs__frontal_alpha,zero_variance
dfa__env_fs__frontal_beta,zero_variance
dfa__env_fs__occipital_alpha,zero_variance
dfa__env_fs__occipital_beta,zero_variance
dfa__env_fs__parietal_alpha,zero_variance
dfa__env_fs__parietal_beta,zero_variance
dfa__env_fs__temporal_alpha,zero_variance
dfa__env_fs__temporal_beta,zero_variance
dfa__n_scales_used__central_alpha,zero_variance
dfa__n_scales_used__central_beta,zero_variance
dfa__n_scales_used__frontal_alpha,zero_variance
dfa__n_scales_used__frontal_beta,zero_variance
dfa__n_scales_used__occipital_alpha,zero_variance
dfa__n_scales_used__occipital_beta,zero_variance
dfa__n_scales_used__parietal_alpha,zero_variance
dfa__n_scales_used__parietal_beta,zero_variance
dfa__n_scales_used__temporal_alpha,zero_variance
dfa__n_scales_used__temporal_beta,zero_variance
dfa__n_epochs_used__central_alpha,QC/meta
dfa__n_epochs_used__central_beta,QC/meta
dfa__n_epochs_used__frontal_alpha,QC/meta
dfa__n_epochs_used__frontal_beta,QC/meta
dfa__n_epochs_used__occipital_alpha,QC/meta
dfa__n_epochs_used__occipital_beta,QC/meta
dfa__n_epochs_used__parietal_alpha,QC/meta
dfa__n_epochs_used__parietal_beta,QC/meta
dfa__n_epochs_used__temporal_alpha,QC/meta
dfa__n_epochs_used__temporal_beta,QC/meta
tfr__value__central_tfr_mean_gamma,gamma
tfr__value__frontal_tfr_mean_gamma,gamma
tfr__value__occipital_tfr_mean_gamma,gamma
tfr__value__parietal_tfr_mean_gamma,gamma
tfr__value__temporal_tfr_mean_gamma,gamma
conn__n_roi_used__coh_alpha,zero_variance
conn__n_roi_used__coh_beta,zero_variance
conn__n_roi_used__coh_delta,zero_variance
conn__n_roi_used__coh_gamma,gamma; zero_variance
conn__n_roi_used__coh_theta,zero_variance
conn__n_roi_used__dtf_alpha,zero_variance
conn__n_roi_used__dtf_beta,zero_variance
conn__n_roi_used__dtf_delta,zero_variance
conn__n_roi_used__dtf_gamma,gamma; zero_variance
conn__n_roi_used__dtf_theta,zero_variance
conn__n_roi_used__imcoh_alpha,zero_variance
conn__n_roi_used__imcoh_beta,zero_variance
conn__n_roi_used__imcoh_delta,zero_variance
conn__n_roi_used__imcoh_gamma,gamma; zero_variance
conn__n_roi_used__imcoh_theta,zero_variance
conn__n_roi_used__pdc_alpha,zero_variance
conn__n_roi_used__pdc_beta,zero_variance
conn__n_roi_used__pdc_delta,zero_variance
conn__n_roi_used__pdc_gamma,gamma; zero_variance
conn__n_roi_used__pdc_theta,zero_variance
conn__n_roi_used__plv_alpha,zero_variance
conn__n_roi_used__plv_beta,zero_variance
conn__n_roi_used__plv_delta,zero_variance
conn__n_roi_used__plv_gamma,gamma; zero_variance
conn__n_roi_used__plv_theta,zero_variance
conn__n_roi_used__wpli_alpha,zero_variance
conn__n_roi_used__wpli_beta,zero_variance
conn__n_roi_used__wpli_delta,zero_variance
conn__n_roi_used__wpli_gamma,gamma; zero_variance
conn__n_roi_used__wpli_theta,zero_variance
conn__mean_strength__coh_gamma,gamma
conn__mean_strength__dtf_gamma,gamma
conn__mean_strength__imcoh_gamma,gamma
conn__mean_strength__pdc_gamma,gamma
conn__mean_strength__plv_gamma,gamma
conn__mean_strength__wpli_gamma,gamma
conn__clustering__coh_gamma,gamma
conn__clustering__dtf_gamma,gamma
conn__clustering__imcoh_gamma,gamma
conn__clustering__pdc_gamma,gamma
conn__clustering__plv_gamma,gamma
conn__clustering__wpli_gamma,gamma
conn__global_efficiency__coh_gamma,gamma
conn__global_efficiency__dtf_gamma,gamma
conn__global_efficiency__imcoh_gamma,gamma
conn__global_efficiency__pdc_gamma,gamma
conn__global_efficiency__plv_gamma,gamma
conn__global_efficiency__wpli_gamma,gamma
conn__modularity__coh_gamma,gamma
conn__modularity__dtf_gamma,gamma
conn__modularity__imcoh_gamma,gamma
conn__modularity__pdc_gamma,gamma
conn__modularity__plv_gamma,gamma
conn__modularity__wpli_gamma,gamma
conn__small_worldness__coh_gamma,gamma
conn__small_worldness__dtf_gamma,gamma
conn__small_worldness__imcoh_gamma,gamma
conn__small_worldness__pdc_gamma,gamma
conn__small_worldness__plv_gamma,gamma
conn__small_worldness__wpli_gamma,gamma
conn__hub_z_max__coh_gamma,gamma
conn__hub_z_max__dtf_gamma,gamma
conn__hub_z_max__imcoh_gamma,gamma
conn__hub_z_max__pdc_gamma,gamma
conn__hub_z_max__plv_gamma,gamma
conn__hub_z_max__wpli_gamma,gamma
conn__n_hubs__coh_gamma,gamma
conn__n_hubs__dtf_gamma,gamma
conn__n_hubs__imcoh_gamma,gamma
conn__n_hubs__pdc_gamma,gamma
conn__n_hubs__plv_gamma,gamma
conn__n_hubs__wpli_gamma,gamma
conn__asymmetry__coh_alpha,zero_variance
conn__asymmetry__coh_beta,zero_variance
conn__asymmetry__coh_delta,zero_variance
conn__asymmetry__coh_gamma,gamma; zero_variance
conn__asymmetry__coh_theta,zero_variance
conn__asymmetry__dtf_gamma,gamma
conn__asymmetry__imcoh_alpha,zero_variance
conn__asymmetry__imcoh_beta,zero_variance
conn__asymmetry__imcoh_delta,zero_variance
conn__asymmetry__imcoh_gamma,gamma; zero_variance
conn__asymmetry__imcoh_theta,zero_variance
conn__asymmetry__pdc_gamma,gamma
conn__asymmetry__plv_alpha,zero_variance
conn__asymmetry__plv_beta,zero_variance
conn__asymmetry__plv_delta,zero_variance
conn__asymmetry__plv_gamma,gamma; zero_variance
conn__asymmetry__plv_theta,zero_variance
conn__asymmetry__wpli_alpha,zero_variance
conn__asymmetry__wpli_beta,zero_variance
conn__asymmetry__wpli_delta,zero_variance
conn__asymmetry__wpli_gamma,gamma; zero_variance
conn__asymmetry__wpli_theta,zero_variance
conn__graph_density__coh_alpha,zero_variance
conn__graph_density__coh_beta,zero_variance
conn__graph_density__coh_delta,zero_variance
conn__graph_density__coh_gamma,gamma; zero_variance
conn__graph_density__coh_theta,zero_variance
conn__graph_density__dtf_alpha,zero_variance
conn__graph_density__dtf_beta,zero_variance
conn__graph_density__dtf_delta,zero_variance
conn__graph_density__dtf_gamma,gamma; zero_variance
conn__graph_density__dtf_theta,zero_variance
conn__graph_density__imcoh_alpha,zero_variance
conn__graph_density__imcoh_beta,zero_variance
conn__graph_density__imcoh_delta,zero_variance
conn__graph_density__imcoh_gamma,gamma; zero_variance
conn__graph_density__imcoh_theta,zero_variance
conn__graph_density__pdc_alpha,zero_variance
conn__graph_density__pdc_beta,zero_variance
conn__graph_density__pdc_delta,zero_variance
conn__graph_density__pdc_gamma,gamma; zero_variance
conn__graph_density__pdc_theta,zero_variance
conn__graph_density__plv_alpha,zero_variance
conn__graph_density__plv_beta,zero_variance
conn__graph_density__plv_delta,zero_variance
conn__graph_density__plv_gamma,gamma; zero_variance
conn__graph_density__plv_theta,zero_variance
conn__graph_density__wpli_alpha,zero_variance
conn__graph_density__wpli_beta,zero_variance
conn__graph_density__wpli_delta,zero_variance
conn__graph_density__wpli_gamma,gamma; zero_variance
conn__graph_density__wpli_theta,zero_variance
n_records_subject,QC/meta
size_mb,QC/meta
n_epochs,QC/meta
sfreq_hz,QC/meta; zero_variance
n_channels,QC/meta; zero_variance
tmin_sec,QC/meta
tmax_sec,QC/meta
epoch_len_sec,QC/meta; zero_variance
n_epochs_sum,QC/meta
n_epochs_median,QC/meta
y,id/target
