feature,feature_ru,block,block_ru,roc_auc_raw,roc_auc_oriented,hedges_g_tbi_minus_control,abs_hedges_g,p_mannwhitney,missing_rate,std,q_fdr
event__z_peak,Амплитуда события (z),event,Транзиентные события,0.03502415458937198,0.964975845410628,-2.3302479574189605,2.3302479574189605,1.9035173368917526e-24,0.0,0.7621082393908679,5.653446490568505e-22
event__propagation_ms,"Распространение события, мс",event,Транзиентные события,0.9412741545893721,0.9412741545893721,2.2034857008326165,2.2034857008326165,3.517084520033315e-22,0.0,13.438820698624538,5.222870512249473e-20
event__spike_to_slow_ratio,Транзиентные события · spike to slow ratio,event,Транзиентные события,0.9202898550724639,0.9202898550724639,1.0829277517849636,1.0829277517849636,2.884725172442206e-20,0.0,0.4322354242007282,2.855877920717784e-18
conn__clustering__plv_theta,Функциональная связность · clustering · plv theta,conn,Функциональная связность,0.13088768115942026,0.8691123188405797,-1.3512420460605923,1.3512420460605923,5.50138828328426e-16,0.0,0.060433727074931484,4.0847808003385634e-14
event__n_involved_ch,Транзиентные события · n involved ch,event,Транзиентные события,0.8408061594202899,0.8408061594202899,1.1307276973039035,1.1307276973039035,6.457638758560081e-14,0.0,3.3551115893170795,3.8358374225846884e-12
event__line_length_uv,Транзиентные события · line length uv,event,Транзиентные события,0.8331823671497585,0.8331823671497585,0.5497899025899595,0.5497899025899595,2.646424987086715e-13,0.0,61.11634697139047,1.309980368607924e-11
event__slow_peak_uv,Транзиентные события · slow peak uv,event,Транзиентные события,0.8194444444444445,0.8194444444444445,1.0803857516580142,1.0803857516580142,2.387721694354603e-12,0.0,12.496849244745766,1.0130762046047386e-10
event__peak_to_peak_uv,Транзиентные события · peak to peak uv,event,Транзиентные события,0.8159722222222223,0.8159722222222223,0.9720211555015174,0.9720211555015174,4.104873602379383e-12,0.0,12.43737281858098,1.523934324883346e-10
conn__hub_z_max__plv_delta,Функциональная связность · hub z max · plv delta,conn,Функциональная связность,0.18674516908212557,0.8132548309178744,-1.129118548691132,1.129118548691132,6.2478896447178316e-12,0.0,0.1363893016369371,2.0618035827568843e-10
aper__aperiodic_intercept_log10__parietal,Апериодический компонент · Апериодический компонентiodic intercept log10 · parietal,aper,Апериодический компонент,0.8057065217391304,0.8057065217391304,1.1420608092640874,1.1420608092640874,1.9703417093645045e-11,0.0,0.49732067767528787,5.442046526118179e-10
aper__aperiodic_intercept_log10__temporal,Апериодический компонент · Апериодический компонентiodic intercept log10 · temporal,aper,Апериодический компонент,0.8055555555555556,0.8055555555555556,1.1375749353435916,1.1375749353435916,2.0155727874511774e-11,0.0,0.5727193655062421,5.442046526118179e-10
burst__pct_time__occipital_alpha,Burst-активность · pct time · occipital alpha,burst,Burst-активность,0.8020833333333333,0.8020833333333333,0.9997637822086023,0.9997637822086023,3.387022526561812e-11,0.0,3.5338644214619475,8.382880753240485e-10
aper__aperiodic_intercept_log10__frontal,Апериодический компонент · Апериодический компонентiodic intercept log10 · frontal,aper,Апериодический компонент,0.7964975845410628,0.7964975845410628,1.1285406098796067,1.1285406098796067,7.713719275527255e-11,0.0,0.5202983869535476,1.7622881729473806e-09
conn__hub_z_max__dtf_delta,Функциональная связность · hub z max · dtf delta,conn,Функциональная связность,0.7916666666666666,0.7916666666666666,1.1237997120696217,1.1237997120696217,1.553285578126389e-10,0.0,0.1991181267779172,3.2951844050252677e-09
conn__clustering__coh_theta,Функциональная связность · clustering · coh theta,conn,Функциональная связность,0.21769323671497584,0.7823067632850241,-0.6759977867116944,0.6759977867116944,5.842958024259096e-10,0.0,0.06436329700247455,1.0424945272889713e-08
spec_shape__spectral_entropy_norm__frontal,Форма спектра · spectral entropy norm · frontal,spec_shape,Форма спектра,0.21784420289855072,0.7821557971014492,-1.045041959178796,1.045041959178796,5.967140391889735e-10,0.0,0.0732457693763617,1.0424945272889713e-08
spec_shape__spectral_entropy_raw__frontal,Форма спектра · spectral entropy raw · frontal,spec_shape,Форма спектра,0.21784420289855072,0.7821557971014492,-1.0450419591787885,1.0450419591787885,5.967140391889735e-10,0.0,0.37913106956961895,1.0424945272889713e-08
conn__clustering__pdc_beta,Функциональная связность · clustering · pdc beta,conn,Функциональная связность,0.7777777777777778,0.7777777777777778,1.067154377275833,1.067154377275833,1.0929763625306882e-09,0.0,0.09963347056407887,1.744244460911262e-08
dfa__dfa_exp__frontal_alpha,DFA · DFA exp · frontal alpha,dfa,DFA,0.7776268115942029,0.7776268115942029,1.042285237626885,1.042285237626885,1.1158466248253865e-09,0.0,0.09113307170423532,1.744244460911262e-08
dfa__dfa_exp__occipital_alpha,DFA · DFA exp · occipital alpha,dfa,DFA,0.7768719806763286,0.7768719806763286,1.0969821672769275,1.0969821672769275,1.237380663779967e-09,0.0,0.09937206001132262,1.8375102857132512e-08
conn__hub_z_max__plv_beta,Функциональная связность · hub z max · plv beta,conn,Функциональная связность,0.223731884057971,0.776268115942029,-1.066771737493484,1.066771737493484,1.343812160857829e-09,0.0,0.1369433733449152,1.8458428514792757e-08
aper__aperiodic_slope__frontal,Апериодический компонент · Апериодический компонентiodic slope · frontal,aper,Апериодический компонент,0.22418478260869568,0.7758152173913043,-0.9693323545586681,0.9693323545586681,1.429440592054658e-09,0.0,0.4843260813902156,1.8458428514792757e-08
aper__aperiodic_exponent__frontal,Апериодический компонент · Апериодический компонентiodic exponent · frontal,aper,Апериодический компонент,0.7758152173913043,0.7758152173913043,0.9693323545586681,0.9693323545586681,1.429440592054658e-09,0.0,0.4843260813902156,1.8458428514792757e-08
aper__aperiodic_intercept_log10__central,Апериодический компонент · Апериодический компонентiodic intercept log10 · central,aper,Апериодический компонент,0.7743055555555556,0.7743055555555556,1.0490147568707586,1.0490147568707586,1.7550466249389762e-09,0.0,0.4889698271094543,2.171870198361983e-08
spec_shape__spectral_entropy_raw__central,Форма спектра · spectral entropy raw · central,spec_shape,Форма спектра,0.2267512077294686,0.7732487922705313,-1.0081510450692717,1.0081510450692717,2.0248716106955044e-09,0.0,0.31833175147681786,2.3130264168329416e-08
spec_shape__spectral_entropy_norm__central,Форма спектра · spectral entropy norm · central,spec_shape,Форма спектра,0.2267512077294686,0.7732487922705313,-1.0081510450692663,1.0081510450692663,2.0248716106955044e-09,0.0,0.061499718501869555,2.3130264168329416e-08
dfa__dfa_exp__parietal_alpha,DFA · DFA exp · parietal alpha,dfa,DFA,0.7715881642512078,0.7715881642512078,1.0199965450147548,1.0199965450147548,2.532423756542999e-09,0.0,0.0970466699984155,2.785666132197299e-08
conn__global_efficiency__plv_theta,Функциональная связность · global efficiency · plv theta,conn,Функциональная связность,0.23022342995169082,0.7697765700483092,-0.9378487017738449,0.9378487017738449,3.227483493482515e-09,0.0,0.0335246229271541,3.423437848443953e-08
aper__aperiodic_slope__parietal,Апериодический компонент · Апериодический компонентiodic slope · parietal,aper,Апериодический компонент,0.2326388888888889,0.7673611111111112,-0.9890745135324296,0.9890745135324296,4.448965797086122e-09,0.0,0.3181748751324984,4.4044761391152604e-08
aper__aperiodic_exponent__parietal,Апериодический компонент · Апериодический компонентiodic exponent · parietal,aper,Апериодический компонент,0.7673611111111112,0.7673611111111112,0.9890745135324296,0.9890745135324296,4.448965797086122e-09,0.0,0.3181748751324984,4.4044761391152604e-08
conn__global_efficiency__pdc_beta,Функциональная связность · global efficiency · pdc beta,conn,Функциональная связность,0.23958333333333334,0.7604166666666666,-0.9503946936191081,0.9503946936191081,1.1025328082098923e-08,0.0,0.023730328111688643,1.0232882626198063e-07
conn__hub_z_max__coh_delta,Функциональная связность · hub z max · coh delta,conn,Функциональная связность,0.24139492753623185,0.7586050724637682,-0.9479797066387464,0.9479797066387464,1.3918491000834622e-08,0.0,0.1223442985199699,1.252664190075116e-07
burst__pct_time__frontal_alpha,Burst-активность · pct time · frontal alpha,burst,Burst-активность,0.7580012077294687,0.7580012077294687,0.951274927971627,0.951274927971627,1.503687673929626e-08,0.0,3.078617384642853,1.313515409285585e-07
aper__aperiodic_slope__temporal,Апериодический компонент · Апериодический компонентiodic slope · temporal,aper,Апериодический компонент,0.24290458937198064,0.7570954106280193,-0.9890803146166957,0.9890803146166957,1.6881667724483666e-08,0.0,0.5135720236459981,1.3927375872699025e-07
aper__aperiodic_exponent__temporal,Апериодический компонент · Апериодический компонентiodic exponent · temporal,aper,Апериодический компонент,0.7570954106280193,0.7570954106280193,0.9890803146166957,0.9890803146166957,1.6881667724483666e-08,0.0,0.5135720236459981,1.3927375872699025e-07
spec_shape__sef95_hz__frontal,Форма спектра · sef95 hz · frontal,spec_shape,Форма спектра,0.2456219806763285,0.7543780193236715,-0.9746918387024786,0.9746918387024786,2.3830197465703984e-08,0.0,6.183526087246523,1.9128563911659684e-07
burst__pct_time__parietal_alpha,Burst-активность · pct time · parietal alpha,burst,Burst-активность,0.7540760869565218,0.7540760869565218,0.9235073241276345,0.9235073241276345,2.4754838220591385e-08,0.0,3.2235639084796097,1.9213500441844273e-07
burst__pct_time__central_alpha,Burst-активность · pct time · central alpha,burst,Burst-активность,0.7539251207729469,0.7539251207729469,0.9933777521342236,0.9933777521342236,2.5229849065048034e-08,0.0,2.4990480804604065,1.9213500441844273e-07
conn__clustering__plv_delta,Функциональная связность · clustering · plv delta,conn,Функциональная связность,0.24864130434782608,0.751358695652174,-0.8560275978972943,0.8560275978972943,3.48106358833652e-08,0.0,0.05072279317867875,2.5216485017949917e-07
event__slope_rise_uvs,Транзиентные события · slope rise uvs,event,Транзиентные события,0.7468297101449275,0.7468297101449275,0.5935143413376659,0.5935143413376659,6.096937438900616e-08,0.0,1393.8636738041052,4.3114057603654355e-07
spec_shape__spectral_entropy_norm__temporal,Форма спектра · spectral entropy norm · temporal,spec_shape,Форма спектра,0.257548309178744,0.742451690821256,-0.8410157663110327,0.8410157663110327,1.0385695257002083e-07,0.0,0.08063109649986203,7.010344298476406e-07
spec_shape__spectral_entropy_raw__temporal,Форма спектра · spectral entropy raw · temporal,spec_shape,Форма спектра,0.257548309178744,0.742451690821256,-0.8410157663110321,0.8410157663110321,1.0385695257002083e-07,0.0,0.4173586285848955,7.010344298476406e-07
event__slope_fall_uvs,Транзиентные события · slope fall uvs,event,Транзиентные события,0.2595108695652174,0.7404891304347826,-0.5579543084276651,0.5579543084276651,1.3148278360292617e-07,0.0,1294.458139474496,8.677863717793126e-07
conn__mean_strength__plv_theta,Функциональная связность · mean strength · plv theta,conn,Функциональная связность,0.26388888888888884,0.7361111111111112,-0.7592799904636308,0.7592799904636308,2.2108403161754152e-07,0.0,0.13963898243164896,1.4274338563132572e-06
aper__aperiodic_intercept_log10__occipital,Апериодический компонент · Апериодический компонентiodic intercept log10 · occipital,aper,Апериодический компонент,0.7356582125603865,0.7356582125603865,0.8614408481124481,0.8614408481124481,2.331753152613854e-07,0.0,0.4897321606106593,1.4734695453751375e-06
aper__aperiodic_slope__central,Апериодический компонент · Апериодический компонентiodic slope · central,aper,Апериодический компонент,0.2660024154589372,0.7339975845410628,-0.9095961341514031,0.9095961341514031,2.8321691602350554e-07,0.0,0.41561788374341163,1.7166413073261458e-06
aper__aperiodic_exponent__central,Апериодический компонент · Апериодический компонентiodic exponent · central,aper,Апериодический компонент,0.7339975845410628,0.7339975845410628,0.9095961341514031,0.9095961341514031,2.8321691602350554e-07,0.0,0.41561788374341163,1.7166413073261458e-06
conn__asymmetry__pdc_beta,Функциональная связность · asymmetry · pdc beta,conn,Функциональная связность,0.2688707729468599,0.7311292270531401,-0.8548326794879458,0.8548326794879458,3.950462452242334e-07,0.0,0.14721023294153213,2.3005634280705358e-06
conn__n_hubs__plv_delta,Функциональная связность · n hubs · plv delta,conn,Функциональная связность,0.27015398550724634,0.7298460144927537,-0.9662551376690595,0.9662551376690595,3.0864102967097694e-08,0.0,0.459982072304091,2.2916596453070037e-07
event__auc_abs_uvs,Транзиентные события · auc abs uvs,event,Транзиентные события,0.7297705314009663,0.7297705314009663,0.6729617247212687,0.6729617247212687,4.6187796226698e-07,0.0,0.5381597070131305,2.638033746024866e-06
event__sharpness_uv,Транзиентные события · sharpness uv,event,Транзиентные события,0.7294685990338163,0.7294685990338163,0.5980659462960258,0.5980659462960258,4.781462641727354e-07,0.0,5.077227732105493,2.679423404892498e-06
conn__global_efficiency__pdc_alpha,Функциональная связность · global efficiency · pdc alpha,conn,Функциональная связность,0.271286231884058,0.728713768115942,-0.9096515882681813,0.9096515882681813,5.212713268295296e-07,0.0,0.02515566724660191,2.8669922975624127e-06
spec_shape__sef95_hz__temporal,Форма спектра · sef95 hz · temporal,spec_shape,Форма спектра,0.2747584541062802,0.7252415458937198,-0.832347289726649,0.832347289726649,7.728457131884436e-07,0.0,6.388041970296792,4.173366851217596e-06
spec_shape__sef95_hz__central,Форма спектра · sef95 hz · central,spec_shape,Форма спектра,0.2758152173913044,0.7241847826086956,-0.9033915499490599,0.9033915499490599,8.702840379801742e-07,0.0,5.85571939746753,4.615613558573424e-06
conn__n_hubs__coh_delta,Функциональная связность · n hubs · coh delta,conn,Функциональная связность,0.27747584541062803,0.7225241545893719,-0.9643291397142586,0.9643291397142586,8.492814674644174e-09,0.0,0.38433986608096155,8.136664381836515e-08
conn__hub_z_max__pdc_alpha,Функциональная связность · hub z max · pdc alpha,conn,Функциональная связность,0.2821557971014493,0.7178442028985508,-0.7888993830744875,0.7888993830744875,1.7552167158263862e-06,0.0,0.2180616287231539,8.987920079317873e-06
alpha_peak__alpha_peak_db__parietal,Альфа-пик · Альфа-пик db · parietal,alpha_peak,Альфа-пик,0.7140700483091786,0.7140700483091786,0.7342473181696393,0.7342473181696393,2.641362936204265e-06,0.0,2.3826420640047297,1.3296352407672318e-05
dfa__dfa_exp__central_alpha,DFA · DFA exp · central alpha,dfa,DFA,0.712409420289855,0.712409420289855,0.8017442787829143,0.8017442787829143,3.1551267390737137e-06,0.0,0.09082848283920214,1.5617877358414882e-05
conn__hub_z_max__plv_theta,Функциональная связность · hub z max · plv theta,conn,Функциональная связность,0.2881944444444444,0.7118055555555556,-0.8200868154459982,0.8200868154459982,3.3647098836431594e-06,0.0,0.11871362734318079,1.611804573293578e-05
conn__global_efficiency__plv_delta,Функциональная связность · global efficiency · plv delta,conn,Функциональная связность,0.2881944444444444,0.7118055555555556,-0.7588676551431861,0.7588676551431861,3.3647098836431594e-06,0.0,0.035325150439280625,1.611804573293578e-05
conn__asymmetry__dtf_beta,Функциональная связность · asymmetry · dtf beta,conn,Функциональная связность,0.2886473429951691,0.711352657004831,-0.7839986104287673,0.7839986104287673,3.5305918352665683e-06,0.0,0.204216067532231,1.6644218651970965e-05
conn__clustering__plv_alpha,Функциональная связность · clustering · plv alpha,conn,Функциональная связность,0.2910628019323671,0.7089371980676329,-0.7625490190397487,0.7625490190397487,4.556336049046845e-06,0.0,0.07108610569262865,2.1144246977608015e-05
conn__clustering__coh_beta,Функциональная связность · clustering · coh beta,conn,Функциональная связность,0.29181763285024154,0.7081823671497585,-0.6260046939048262,0.6260046939048262,4.931623101851013e-06,0.0,0.04117312431524125,2.253372401922694e-05
conn__global_efficiency__pdc_theta,Функциональная связность · global efficiency · pdc theta,conn,Функциональная связность,0.29332729468599034,0.7066727053140096,-0.7381213535840112,0.7381213535840112,5.7728164938916585e-06,0.0,0.02218369784835851,2.597767422251246e-05
burst__rate_per_min__parietal_beta,Burst-активность · rate per min · parietal beta,burst,Burst-активность,0.7048611111111113,0.7048611111111113,0.7469014001846134,0.7469014001846134,6.956842193252263e-06,0.0,4.627922499740831,3.0838539274566e-05
conn__clustering__pdc_theta,Функциональная связность · clustering · pdc theta,conn,Функциональная связность,0.7032004830917875,0.7032004830917875,0.7278333162608164,0.7278333162608164,8.260074823400052e-06,0.0,0.09819313728984629,3.607709150808552e-05
conn__clustering__pdc_delta,Функциональная связность · clustering · pdc delta,conn,Функциональная связность,0.7027475845410629,0.7027475845410629,0.731526152725907,0.731526152725907,8.651663508264488e-06,0.0,0.1014756735091431,3.72397690138341e-05
conn__hub_z_max__pdc_beta,Функциональная связность · hub z max · pdc beta,conn,Функциональная связность,0.2995169082125604,0.7004830917874396,-0.759152883308247,0.759152883308247,1.0890797097255021e-05,0.0,0.20229051268382275,4.6208096255496306e-05
conn__n_hubs__plv_beta,Функциональная связность · n hubs · plv beta,conn,Функциональная связность,0.2996678743961353,0.7003321256038647,-0.7873692003314003,0.7873692003314003,1.3416651719907662e-06,0.0,0.4409152202066459,6.990781685636098e-06
spec_shape__spectral_entropy_raw__parietal,Форма спектра · spectral entropy raw · parietal,spec_shape,Форма спектра,0.3002717391304348,0.6997282608695652,-0.7483586790795292,0.7483586790795292,1.1753056570960446e-05,0.0,0.31356699020551093,4.848135835521184e-05
spec_shape__spectral_entropy_norm__parietal,Форма спектра · spectral entropy norm · parietal,spec_shape,Форма спектра,0.3002717391304348,0.6997282608695652,-0.7483586790795274,0.7483586790795274,1.1753056570960446e-05,0.0,0.06057919619910038,4.848135835521184e-05
alpha_peak__alpha_peak_db__occipital,Альфа-пик · Альфа-пик db · occipital,alpha_peak,Альфа-пик,0.6953502415458938,0.6953502415458938,0.6848100466600096,0.6848100466600096,1.818967324905854e-05,0.0,2.1650417069641823,7.203110606627183e-05
conn__global_efficiency__coh_theta,Функциональная связность · global efficiency · coh theta,conn,Функциональная связность,0.3046497584541063,0.6953502415458936,-0.5173496706386319,0.5173496706386319,1.818967324905854e-05,0.0,0.04338829470025322,7.203110606627183e-05
burst__rate_per_min__temporal_beta,Burst-активность · rate per min · temporal beta,burst,Burst-активность,0.6925573671497585,0.6925573671497585,0.6829507703346366,0.6829507703346366,2.3905032851847757e-05,0.0,6.190605486696331,9.341835206577347e-05
conn__clustering__pdc_alpha,Функциональная связность · clustering · pdc alpha,conn,Функциональная связность,0.6917270531400965,0.6917270531400965,0.7060071018433022,0.7060071018433022,2.5935273940482635e-05,0.0,0.09956983624221598,0.00010003605662757588
burst__rate_per_min__frontal_beta,Burst-активность · rate per min · frontal beta,burst,Burst-активность,0.6911986714975845,0.6911986714975845,0.6772754937316076,0.6772754937316076,2.7268640555254815e-05,0.0,5.108681093193969,0.00010383059288347026
spec_shape__sef95_hz__parietal,Форма спектра · sef95 hz · parietal,spec_shape,Форма спектра,0.3090277777777778,0.6909722222222222,-0.756622026328052,0.756622026328052,2.7903393457278657e-05,0.0,5.932077881466817,0.00010490263109888305
conn__clustering__coh_delta,Функциональная связность · clustering · coh delta,conn,Функциональная связность,0.31265096618357485,0.6873490338164252,-0.3243590535632492,0.3243590535632492,3.949553534856748e-05,0.0,0.08558231033125922,0.00014662717498155675
alpha_peak__alpha_peak_db__temporal,Альфа-пик · Альфа-пик db · temporal,alpha_peak,Альфа-пик,0.6870471014492754,0.6870471014492754,0.6155726230900066,0.6155726230900066,4.0644686388000466e-05,0.0,1.9403962406808315,0.0001490305167560017
burst__pct_time__temporal_alpha,Burst-активность · pct time · temporal alpha,burst,Burst-активность,0.6856884057971013,0.6856884057971013,0.6745289720101295,0.6745289720101295,4.621938611092181e-05,0.0,2.1483524155297626,0.00016740436188955826
burst__rate_per_min__occipital_beta,Burst-активность · rate per min · occipital beta,burst,Burst-активность,0.6831974637681159,0.6831974637681159,0.6283257107284206,0.6283257107284206,5.833395842127809e-05,0.0,7.031152031509,0.00020873717651951316
burst__mean_amp__parietal_alpha,Burst-активность · mean amp · parietal alpha,burst,Burst-активность,0.6796497584541064,0.6796497584541064,0.5999834756548323,0.5999834756548323,8.099997874557217e-05,0.0,3.7109100097304068e-06,0.00028639278199327304
conn__global_efficiency__dtf_delta,Функциональная связность · global efficiency · dtf delta,conn,Функциональная связность,0.6784420289855072,0.6784420289855072,0.7063958136276363,0.7063958136276363,9.043647483725387e-05,0.0,0.033673912527279776,0.00031599568266663997
conn__clustering__plv_beta,Функциональная связность · clustering · plv beta,conn,Функциональная связность,0.3220108695652174,0.6779891304347826,-0.5645545739450836,0.5645545739450836,9.42357638926971e-05,0.0,0.048411422614254136,0.000325442114838733
conn__hub_z_max__plv_alpha,Функциональная связность · hub z max · plv alpha,conn,Функциональная связность,0.3229166666666667,0.6770833333333333,-0.6960530067314463,0.6960530067314463,0.00010229102083860137,0.0,0.13165764408926028,0.00034920038148350123
dfa__dfa_exp__temporal_alpha,DFA · DFA exp · temporal alpha,dfa,DFA,0.6769323671497585,0.6769323671497585,0.5709800373884085,0.5709800373884085,0.00010369518622356321,0.0,0.08770578963668918,0.00034997125350452583
event__spread_rois,Транзиентные события · spread rois,event,Транзиентные события,0.673762077294686,0.673762077294686,0.7844654110686076,0.7844654110686076,3.212378567073157e-07,0.0,0.3715386556407504,1.908152868841455e-06
burst__pct_time__occipital_beta,Burst-активность · pct time · occipital beta,burst,Burst-активность,0.6733091787439613,0.6733091787439613,0.6372824145705441,0.6372824145705441,0.00014337633700701026,0.0,1.4368762204077907,0.0004784581133829444
conn__n_hubs__plv_theta,Функциональная связность · n hubs · plv theta,conn,Функциональная связность,0.3277475845410628,0.6722524154589372,-0.6844531822057338,0.6844531822057338,1.2134218444590414e-05,0.0,0.42633900415096926,4.9367984630730855e-05
conn__asymmetry__pdc_alpha,Функциональная связность · asymmetry · pdc alpha,conn,Функциональная связность,0.32895531400966177,0.6710446859903383,-0.6024872606759792,0.6024872606759792,0.0001750436247627207,0.0,0.1463934501719685,0.0005712962258739346
conn__hub_z_max__pdc_theta,Функциональная связность · hub z max · pdc theta,conn,Функциональная связность,0.3289553140096618,0.6710446859903382,-0.5938876305030034,0.5938876305030034,0.0001750436247627207,0.0,0.22014592456155668,0.0005712962258739346
dfa__dfa_exp__occipital_beta,DFA · DFA exp · occipital beta,dfa,DFA,0.6708937198067634,0.6708937198067634,0.563525356739438,0.563525356739438,0.0001773724675469711,0.0,0.07160835667466442,0.0005726045963201133
conn__hub_z_max__dtf_beta,Функциональная связность · hub z max · dtf beta,conn,Функциональная связность,0.6680253623188407,0.6680253623188407,0.5017063018020019,0.5017063018020019,0.00022755454853086562,0.0,0.1988488471482384,0.0007189755416347563
conn__global_efficiency__pdc_delta,Функциональная связность · global efficiency · pdc delta,conn,Функциональная связность,0.3319746376811594,0.6680253623188406,-0.5371713926740077,0.5371713926740077,0.00022755006707985738,0.0,0.020537466584211586,0.0007189755416347563
burst__mean_peak__parietal_alpha,Burst-активность · mean peak · parietal alpha,burst,Burst-активность,0.667572463768116,0.667572463768116,0.5609936738958551,0.5609936738958551,0.00023660314666232107,0.0,4.455328774740202e-06,0.0007396961532495722
alpha_peak__alpha_peak_db__central,Альфа-пик · Альфа-пик db · central,alpha_peak,Альфа-пик,0.6666666666666666,0.6666666666666666,0.5577680323879399,0.5577680323879399,0.00025572229542843416,0.0,2.0997050407862465,0.0007911408514817182
conn__hub_z_max__dtf_theta,Функциональная связность · hub z max · dtf theta,conn,Функциональная связность,0.6644021739130435,0.6644021739130435,0.484558757326689,0.484558757326689,0.0003100473769033234,0.0,0.19744389505220805,0.0009493203189720315
conn__asymmetry__dtf_delta,Функциональная связность · asymmetry · dtf delta,conn,Функциональная связность,0.3393719806763285,0.6606280193236715,-0.527881446070004,0.527881446070004,0.0004252133550138109,0.0,0.2303844036294573,0.0012886568003989984
alpha_peak__alpha_peak_db__frontal,Альфа-пик · Альфа-пик db · frontal,alpha_peak,Альфа-пик,0.6601751207729469,0.6601751207729469,0.5681417948736062,0.5681417948736062,0.0004414477091684876,0.0,1.6344461920210556,0.0013243431275054627
conn__asymmetry__pdc_delta,Функциональная связность · asymmetry · pdc delta,conn,Функциональная связность,0.3405797101449275,0.6594202898550725,-0.5575351161724661,0.5575351161724661,0.0004697966587647662,0.0,0.15235251020051027,0.0013952960765313556
event__energy_uv2s,Транзиентные события · energy uv2s,event,Транзиентные события,0.6592693236714976,0.6592693236714976,0.4195080876406125,0.4195080876406125,0.0004756664975013784,0.0,29.767422583778014,0.001398742076810984
conn__global_efficiency__dtf_beta,Функциональная связность · global efficiency · dtf beta,conn,Функциональная связность,0.6565519323671498,0.6565519323671498,0.5628229382193644,0.5628229382193644,0.0005937472514422461,0.0,0.029986341947784406,0.0017288522909641871
aper__aperiodic_exponent__occipital,Апериодический компонент · Апериодический компонентiodic exponent · occipital,aper,Апериодический компонент,0.6559480676328503,0.6559480676328503,0.5979646438812802,0.5979646438812802,0.0006234531050451045,0.0,0.334062607421762,0.0017804381942153466
aper__aperiodic_slope__occipital,Апериодический компонент · Апериодический компонентiodic slope · occipital,aper,Апериодический компонент,0.34405193236714976,0.6559480676328502,-0.5979646438812802,0.5979646438812802,0.0006234531050451045,0.0,0.334062607421762,0.0017804381942153466
conn__mean_strength__coh_theta,Функциональная связность · mean strength · coh theta,conn,Функциональная связность,0.35129830917874394,0.6487016908212561,-0.3034490164493696,0.3034490164493696,0.0011056979084365665,0.0,0.16498964188928833,0.0030690867178099087
conn__asymmetry__pdc_theta,Функциональная связность · asymmetry · pdc theta,conn,Функциональная связность,0.356280193236715,0.643719806763285,-0.44180950633891797,0.44180950633891797,0.0016170910280318455,0.0,0.1508382257074453,0.004447000327087575
burst__mean_amp__occipital_alpha,Burst-активность · mean amp · occipital alpha,burst,Burst-активность,0.6435688405797101,0.6435688405797101,0.3883869241074725,0.3883869241074725,0.0016355417774557238,0.0,5.7394151408033836e-06,0.004456476219305963
aper__alpha_peak_cf_hz__frontal,Апериодический компонент · Альфа-пик cf hz · frontal,aper,Апериодический компонент,0.6410024154589373,0.6410024154589373,0.41239588356601803,0.41239588356601803,0.001956645799107024,0.0,1.5927864851197884,0.0051886053779891615
burst__mean_peak__occipital_alpha,Burst-активность · mean peak · occipital alpha,burst,Burst-активность,0.640096618357488,0.640096618357488,0.34965219518371987,0.34965219518371987,0.0021171833868263317,0.0,7.080633781663071e-06,0.005564632441481598
conn__global_efficiency__dtf_theta,Функциональная связность · global efficiency · dtf theta,conn,Функциональная связность,0.6397946859903382,0.6397946859903382,0.4788948398884144,0.4788948398884144,0.002164685865436387,0.0,0.029868995078408022,0.005639576333636902
burst__pct_time__parietal_beta,Burst-активность · pct time · parietal beta,burst,Burst-активность,0.6378321256038647,0.6378321256038647,0.5297890577783736,0.5297890577783736,0.0024980355764154744,0.0,1.2793970795667942,0.006395832467201689
conn__hub_z_max__coh_alpha,Функциональная связность · hub z max · coh alpha,conn,Функциональная связность,0.36262077294685996,0.63737922705314,-0.4546470292021562,0.4546470292021562,0.0025813496856274282,0.0,0.11801684157708135,0.00655265689428501
conn__global_efficiency__coh_delta,Функциональная связность · global efficiency · coh delta,conn,Функциональная связность,0.3627717391304348,0.6372282608695652,-0.21837651965054147,0.21837651965054147,0.0026096807349210082,0.0,0.06695868780790203,0.006568433714165589
conn__mean_strength__dtf_delta,Функциональная связность · mean strength · dtf delta,conn,Функциональная связность,0.6364734299516908,0.6364734299516908,0.5229872823225812,0.5229872823225812,0.0027556469961057765,0.0,0.09882235645575455,0.0068775391415413075
conn__clustering__dtf_theta,Функциональная связность · clustering · dtf theta,conn,Функциональная связность,0.3650362318840579,0.6349637681159421,-0.39649315503371446,0.39649315503371446,0.0030701792727249465,0.0,0.06895688269998483,0.0075358945785066874
burst__pct_time__frontal_beta,Burst-активность · pct time · frontal beta,burst,Burst-активность,0.6337560386473431,0.6337560386473431,0.5082967629527384,0.5082967629527384,0.003344836029032575,0.0,1.2319147251782607,0.00814275656248094
conn__modularity__dtf_beta,Функциональная связность · modularity · dtf beta,conn,Функциональная связность,0.3676026570048309,0.632397342995169,-0.48300312549203617,0.48300312549203617,0.0007795422857342289,0.0,0.09011663063559988,0.0022049910367911043
burst__rate_per_min__central_beta,Burst-активность · rate per min · central beta,burst,Burst-активность,0.6320199275362319,0.6320199275362319,0.3932576927086906,0.3932576927086906,0.0037777066505894135,0.0,5.065923031105361,0.009121779473374439
dfa__dfa_exp__parietal_beta,DFA · DFA exp · parietal beta,dfa,DFA,0.6290760869565218,0.6290760869565218,0.4503861776054617,0.4503861776054617,0.004634535741418902,0.0,0.07528834957910492,0.011100460606463016
spec_shape__spectral_entropy_norm__occipital,Форма спектра · spectral entropy norm · occipital,spec_shape,Форма спектра,0.3715277777777778,0.6284722222222222,-0.48425151198909694,0.48425151198909694,0.004830250654354938,0.0,0.06519442340207532,0.011385590828122355
spec_shape__spectral_entropy_raw__occipital,Форма спектра · spectral entropy raw · occipital,spec_shape,Форма спектра,0.3715277777777778,0.6284722222222222,-0.48425151198909605,0.48425151198909605,0.004830250654354938,0.0,0.33745609725795706,0.011385590828122355
alpha_peak__alpha_peak_amp_db__parietal,Альфа-пик · Альфа-пик amp db · parietal,alpha_peak,Альфа-пик,0.37349033816425126,0.6265096618357487,-0.4474454207283884,0.4474454207283884,0.0055190519119344885,0.0,2.556975502728201,0.012906759195626323
conn__small_worldness__dtf_delta,Функциональная связность · small worldness · dtf delta,conn,Функциональная связность,0.3743961352657005,0.6256038647342995,-0.255188850481779,0.255188850481779,0.002898988536384506,0.0,1.7473695729197865,0.0071749966275516525
conn__small_worldness__pdc_delta,Функциональная связность · small worldness · pdc delta,conn,Функциональная связность,0.6239432367149759,0.6239432367149759,0.4714922902793102,0.4714922902793102,0.0018098822365492043,0.0,2.6445657725249943,0.00484941737453601
burst__mean_amp__frontal_alpha,Burst-активность · mean amp · frontal alpha,burst,Burst-активность,0.6204710144927537,0.6204710144927537,0.36440584321385616,0.36440584321385616,0.008229027754475614,0.0,3.1254701765099547e-06,0.01894590110914153
conn__hub_z_max__coh_theta,Функциональная связность · hub z max · coh theta,conn,Функциональная связность,0.3804347826086956,0.6195652173913044,-0.4319562647187622,0.4319562647187622,0.008725028722479954,0.0,0.10149369218217513,0.01993333485058882
burst__mean_amp__temporal_alpha,Burst-активность · mean amp · temporal alpha,burst,Burst-активность,0.618659420289855,0.618659420289855,0.38218494133301456,0.38218494133301456,0.009247576874196826,0.0,2.043089383725736e-06,0.02096588039417143
conn__mean_strength__plv_delta,Функциональная связность · mean strength · plv delta,conn,Функциональная связность,0.38254830917874394,0.6174516908212561,-0.43853932679834223,0.43853932679834223,0.009987689131492224,0.0,0.1443251765277405,0.022472300545857506
conn__hub_z_max__imcoh_theta,Функциональная связность · hub z max · imcoh theta,conn,Функциональная связность,0.6159420289855073,0.6159420289855073,0.3822802016970218,0.3822802016970218,0.010986745303465141,0.0,0.18997988475175376,0.024401495397501857
spec_shape__sef95_hz__occipital,Форма спектра · sef95 hz · occipital,spec_shape,Форма спектра,0.3845108695652174,0.6154891304347826,-0.458617326136908,0.458617326136908,0.011303302776042912,0.0,6.294587300078852,0.024867266107294405
burst__mean_peak__frontal_alpha,Burst-активность · mean peak · frontal alpha,burst,Burst-активность,0.6142814009661836,0.6142814009661836,0.3281279604750754,0.3281279604750754,0.012187392242382876,0.0,3.747278761850701e-06,0.026615113941086135
alpha_peak__alpha_peak_amp_db__central,Альфа-пик · Альфа-пик amp db · central,alpha_peak,Альфа-пик,0.3858695652173913,0.6141304347826086,-0.3829701746179126,0.3829701746179126,0.012302104335519584,0.0,2.313974071640322,0.026669525457294282
burst__mean_peak__central_beta,Burst-активность · mean peak · central beta,burst,Burst-активность,0.3878321256038648,0.6121678743961352,-0.39235383251408523,0.39235383251408523,0.01388277575804053,0.0,1.3023458561271112e-06,0.029663197123295234
conn__small_worldness__dtf_alpha,Функциональная связность · small worldness · dtf alpha,conn,Функциональная связность,0.38888888888888884,0.6111111111111112,-0.121719277645703,0.121719277645703,0.011009428899882993,0.0,2.219063725978294,0.024401495397501857
conn__n_hubs__coh_beta,Функциональная связность · n hubs · coh beta,conn,Функциональная связность,0.3913043478260869,0.6086956521739131,-0.4929939727408689,0.4929939727408689,0.0018124085137154785,0.0,0.35575493038572736,0.00484941737453601
conn__hub_z_max__coh_beta,Функциональная связность · hub z max · coh beta,conn,Функциональная связность,0.3922101449275362,0.6077898550724639,-0.39919101321345773,0.39919101321345773,0.018069518784123724,0.0,0.11789296198990179,0.03779328928792075
burst__mean_amp__occipital_beta,Burst-активность · mean amp · occipital beta,burst,Burst-активность,0.6041666666666667,0.6041666666666667,0.27824712973678895,0.27824712973678895,0.022332407085847293,0.0,2.0840639646600693e-06,0.04606058961456004
alpha_peak__alpha_peak_amp_db__frontal,Альфа-пик · Альфа-пик amp db · frontal,alpha_peak,Альфа-пик,0.3961352657004831,0.6038647342995169,-0.33567494401069387,0.33567494401069387,0.022724242637477087,0.0,2.059310632074338,0.04648704434960788
burst__mean_peak__occipital_beta,Burst-активность · mean peak · occipital beta,burst,Burst-активность,0.6023550724637681,0.6023550724637681,0.2591938787457834,0.2591938787457834,0.02477429119694184,0.0,2.5449437578157645e-06,0.05005418017341311
conn__modularity__imcoh_theta,Функциональная связность · modularity · imcoh theta,conn,Функциональная связность,0.6022041062801933,0.6022041062801933,0.4255328330758985,0.4255328330758985,0.014501893941448296,0.0,0.10196460918636478,0.03054654255751875
conn__n_hubs__plv_alpha,Функциональная связность · n hubs · plv alpha,conn,Функциональная связность,0.3977958937198067,0.6022041062801933,-0.3189726877401155,0.3189726877401155,0.008153642555933977,0.0,0.45330557669805505,0.018918998743065556
conn__mean_strength__dtf_beta,Функциональная связность · mean strength · dtf beta,conn,Функциональная связность,0.6002415458937198,0.6002415458937198,0.3718226426628849,0.3718226426628849,0.027912432887894585,0.0,0.09507073195349679,0.055637534011440885
burst__mean_amp__central_beta,Burst-активность · mean amp · central beta,burst,Burst-активность,0.40066425120772947,0.5993357487922706,-0.33226239102223165,0.33226239102223165,0.029358879794404852,0.0,1.0943447668981533e-06,0.05774561125124662
alpha_peak__alpha_peak_amp_db__occipital,Альфа-пик · Альфа-пик amp db · occipital,alpha_peak,Альфа-пик,0.4018719806763285,0.5981280193236715,-0.3167689980860307,0.3167689980860307,0.031387451328515274,0.0,2.577291945052205,0.06132942792479629
conn__n_hubs__coh_theta,Функциональная связность · n hubs · coh theta,conn,Функциональная связность,0.40285326086956524,0.5971467391304348,-0.5104240897771009,0.5104240897771009,0.0022932288155357527,0.0,0.3062621023115888,0.00592251268012277
alpha_peak__paf_hz__temporal,Альфа-пик · paf hz · temporal,alpha_peak,Альфа-пик,0.40391002415458943,0.5960899758454106,-0.5514967582116671,0.5514967582116671,0.000895646346730913,0.0,2.6254372741370755,0.0025094996696139733
burst__pct_time__temporal_beta,Burst-активность · pct time · temporal beta,burst,Burst-активность,0.5951086956521741,0.5951086956521741,0.3031420060625372,0.3031420060625372,0.03699119808278467,0.0,1.4616078809535697,0.07134115938998198
conn__global_efficiency__coh_beta,Функциональная связность · global efficiency · coh beta,conn,Функциональная связность,0.4048913043478261,0.5951086956521738,-0.3082282748017654,0.3082282748017654,0.03699171227628695,0.0,0.03776411624939377,0.07134115938998198
conn__clustering__coh_alpha,Функциональная связность · clustering · coh alpha,conn,Функциональная связность,0.4050422705314009,0.594957729468599,-0.34067935029167074,0.34067935029167074,0.03729298976406977,0.0,0.09256710336289459,0.07145818038663691
burst__mean_peak__temporal_alpha,Burst-активность · mean peak · temporal alpha,burst,Burst-активность,0.5939009661835749,0.5939009661835749,0.3216851016415427,0.3216851016415427,0.03946096794175238,0.0,2.395295461218847e-06,0.07464909222102202
conn__clustering__dtf_beta,Функциональная связность · clustering · dtf beta,conn,Функциональная связность,0.40609903381642515,0.5939009661835748,-0.33693674320013606,0.33693674320013606,0.03946096794175238,0.0,0.06408492484276898,0.07464909222102202
conn__global_efficiency__wpli_delta,Функциональная связность · global efficiency · wpli delta,conn,Функциональная связность,0.40760869565217384,0.5923913043478262,-0.09050811814297026,0.09050811814297026,0.04274303228511961,0.0,0.11160596881904634,0.07984075841937435
conn__small_worldness__pdc_beta,Функциональная связность · small worldness · pdc beta,conn,Функциональная связность,0.5916364734299517,0.5916364734299517,0.4121230012732738,0.4121230012732738,0.014290265684276226,0.0,1.5673634277194815,0.030315777915928852
conn__global_efficiency__plv_alpha,Функциональная связность · global efficiency · plv alpha,conn,Функциональная связность,0.40851449275362317,0.5914855072463768,-0.3465130745062837,0.3465130745062837,0.0448209185806982,0.0,0.048474385028204135,0.08319883011542104
conn__mean_strength__wpli_delta,Функциональная связность · mean strength · wpli delta,conn,Функциональная связность,0.40896739130434784,0.5910326086956521,-0.0620125335510816,0.0620125335510816,0.04589141121459556,0.0,0.4375369387259976,0.08465682689897441
conn__global_efficiency__imcoh_alpha,Функциональная связность · global efficiency · imcoh alpha,conn,Функциональная связность,0.5904287439613527,0.5904287439613527,0.2087716610551062,0.2087716610551062,0.0473521662094064,0.0,0.07466910909808917,0.0862797138907589
conn__mean_strength__imcoh_alpha,Функциональная связность · mean strength · imcoh alpha,conn,Функциональная связность,0.5872584541062803,0.5872584541062803,0.2243541120614461,0.2243541120614461,0.05567730539423016,0.0,0.272056708727554,0.10083024208589243
conn__modularity__pdc_alpha,Функциональная связность · modularity · pdc alpha,conn,Функциональная связность,0.5857487922705313,0.5857487922705313,0.3535315875165304,0.3535315875165304,0.02923893679826279,0.0,0.09159908002570562,0.05774561125124662
conn__global_efficiency__plv_beta,Функциональная связность · global efficiency · plv beta,conn,Функциональная связность,0.41455314009661837,0.5854468599033816,-0.25943685305865,0.25943685305865,0.06095926733260971,0.0,0.03273667387381485,0.10906567709509085
conn__clustering__imcoh_delta,Функциональная связность · clustering · imcoh delta,conn,Функциональная связность,0.4154589371980676,0.5845410628019324,-0.17787856931952037,0.17787856931952037,0.06375207802130557,0.0,0.07304343048831495,0.11337944414567518
aper__alpha_peak_amp_log10__central,Апериодический компонент · Альфа-пик amp log10 · central,aper,Апериодический компонент,0.5843900966183575,0.5843900966183575,0.2510373755315487,0.2510373755315487,0.06422766655140616,0.0,0.37101682140537545,0.11354533908195018
alpha_peak__alpha_peak_amp_db__temporal,Альфа-пик · Альфа-пик amp db · temporal,alpha_peak,Альфа-пик,0.4159118357487922,0.5840881642512078,-0.29450255805146003,0.29450255805146003,0.06518763207552834,0.0,1.893660742668823,0.11456051317415336
conn__modularity__dtf_delta,Функциональная связность · modularity · dtf delta,conn,Функциональная связность,0.41711956521739135,0.5828804347826086,-0.26881044568752394,0.26881044568752394,0.02216896708459467,0.0,0.081253974882608,0.046043239329542775
conn__hub_z_max__dtf_alpha,Функциональная связность · hub z max · dtf alpha,conn,Функциональная связность,0.5827294685990339,0.5827294685990339,0.1743422692196532,0.1743422692196532,0.06965500881092256,0.0,0.18840161400123093,0.12169139774614118
conn__modularity__pdc_delta,Функциональная связность · modularity · pdc delta,conn,Функциональная связность,0.41749698067632857,0.5825030193236714,-0.2616357485373202,0.2616357485373202,0.04700287192546972,0.0,0.09297818908636106,0.08617193186336115
conn__small_worldness__pdc_theta,Функциональная связность · small worldness · pdc theta,conn,Функциональная связность,0.5809178743961352,0.5809178743961352,0.3763457683516663,0.3763457683516663,0.04077879313071781,0.0,1.4241160306944138,0.0766538073406531
conn__hub_z_max__wpli_delta,Функциональная связность · hub z max · wpli delta,conn,Функциональная связность,0.5806159420289855,0.5806159420289855,0.2440608678276372,0.2440608678276372,0.07710130002542043,0.0,0.17839584398695524,0.1323646595812131
conn__small_worldness__dtf_theta,Функциональная связность · small worldness · dtf theta,conn,Функциональная связность,0.42028985507246375,0.5797101449275363,-0.12735337388559206,0.12735337388559206,0.05732037104997529,0.0,1.6018591162233056,0.10317666788995553
conn__hub_z_max__wpli_theta,Функциональная связность · hub z max · wpli theta,conn,Функциональная связность,0.5794082125603865,0.5794082125603865,0.24302186843490012,0.24302186843490012,0.08163971018959809,0.0,0.18163846605322106,0.13935053980638296
burst__mean_amp__parietal_beta,Burst-активность · mean amp · parietal beta,burst,Burst-активность,0.5791062801932367,0.5791062801932367,0.2743913667524569,0.2743913667524569,0.08280755016522089,0.0,1.4361208366968232e-06,0.14053624228040346
conn__hub_z_max__imcoh_delta,Функциональная связность · hub z max · imcoh delta,conn,Функциональная связность,0.5774456521739131,0.5774456521739131,0.25148983122483654,0.25148983122483654,0.08947479970807048,0.0,0.1951871762404058,0.15013568086608436
burst__mean_amp__central_alpha,Burst-активность · mean amp · central alpha,burst,Burst-активность,0.5768417874396136,0.5768417874396136,0.17543748881673588,0.17543748881673588,0.09200388686420649,0.0,1.7430070739385112e-06,0.1535121033633108
conn__clustering__imcoh_alpha,Функциональная связность · clustering · imcoh alpha,conn,Функциональная связность,0.5760869565217391,0.5760869565217391,0.27876468735856674,0.27876468735856674,0.09524565932509077,0.0,0.07757084998318847,0.15715533788639977
conn__hub_z_max__imcoh_beta,Функциональная связность · hub z max · imcoh beta,conn,Функциональная связность,0.5760869565217391,0.5760869565217391,0.1874685331589951,0.1874685331589951,0.09524565932509077,0.0,0.19739556686141824,0.15715533788639977
conn__mean_strength__dtf_theta,Функциональная связность · mean strength · dtf theta,conn,Функциональная связность,0.5748792270531402,0.5748792270531402,0.24798230431379897,0.24798230431379897,0.10062213589507342,0.0,0.09444042708583163,0.16420205692767476
conn__modularity__imcoh_beta,Функциональная связность · modularity · imcoh beta,conn,Функциональная связность,0.5746527777777777,0.5746527777777777,0.31496294107692485,0.31496294107692485,0.07599862240486598,0.0,0.09760134722286457,0.13123017938514647
conn__hub_z_max__imcoh_alpha,Функциональная связность · hub z max · imcoh alpha,conn,Функциональная связность,0.5744263285024155,0.5744263285024155,0.24620815750659047,0.24620815750659047,0.10269961869084472,0.0,0.1824824752453963,0.16667643033432178
alpha_peak__paf_hz__parietal,Альфа-пик · paf hz · parietal,alpha_peak,Альфа-пик,0.42610205314009664,0.5738979468599034,-0.36030345579567213,0.36030345579567213,0.026169766980328767,0.0,3.0125653964184407,0.05251635671052462
alpha_peak__paf_hz__central,Альфа-пик · paf hz · central,alpha_peak,Альфа-пик,0.4261775362318841,0.573822463768116,-0.42146700720865066,0.42146700720865066,0.013307028588004241,0.0,2.7294197739081962,0.028639039787226518
conn__modularity__wpli_theta,Функциональная связность · modularity · wpli theta,conn,Функциональная связность,0.5736714975845411,0.5736714975845411,0.35462960296200824,0.35462960296200824,0.07200941461411625,0.0,0.09779381298636923,0.12506898327714927
conn__asymmetry__dtf_theta,Функциональная связность · asymmetry · dtf theta,conn,Функциональная связность,0.4272342995169082,0.5727657004830917,-0.20124189731619171,0.20124189731619171,0.11061034375402658,0.0,0.24398702223588747,0.17853952225514072
conn__clustering__dtf_delta,Функциональная связность · clustering · dtf delta,conn,Функциональная связность,0.5726147342995169,0.5726147342995169,0.24511613762682807,0.24511613762682807,0.1113527342900184,0.0,0.06795874367789058,0.17876628153586738
aper__alpha_peak_cf_hz__temporal,Апериодический компонент · Альфа-пик cf hz · temporal,aper,Апериодический компонент,0.5710295893719807,0.5710295893719807,0.19156477833686425,0.19156477833686425,0.1189631440209393,0.0,1.4939699073241683,0.1889414640332565
conn__small_worldness__wpli_alpha,Функциональная связность · small worldness · wpli alpha,conn,Функциональная связность,0.4303291062801933,0.5696708937198067,-0.11627613825986204,0.11627613825986204,0.11524735971467572,0.0,1.8441858041727714,0.1840240098669822
burst__mean_peak__central_alpha,Burst-активность · mean peak · central alpha,burst,Burst-активность,0.5688405797101449,0.5688405797101449,0.13316229810345637,0.13316229810345637,0.13122098221670375,0.0,2.1034316066253243e-06,0.20476463771792408
conn__modularity__coh_delta,Функциональная связность · modularity · coh delta,conn,Функциональная связность,0.4338013285024154,0.5661986714975846,-0.3267003665003252,0.3267003665003252,0.09795071684299295,0.0,0.1535339334665684,0.16072576189154092
conn__mean_strength__plv_alpha,Функциональная связность · mean strength · plv alpha,conn,Функциональная связность,0.4358393719806763,0.5641606280193237,-0.24814059186328388,0.24814059186328388,0.1595502895587736,0.0,0.22036876512583584,0.2442599793760606
conn__clustering__wpli_alpha,Функциональная связность · clustering · wpli alpha,conn,Функциональная связность,0.5635567632850242,0.5635567632850242,0.21453108438693985,0.21453108438693985,0.16351953681740694,0.0,0.15522308632630183,0.24757926057504243
burst__mean_peak__parietal_beta,Burst-активность · mean peak · parietal beta,burst,Burst-активность,0.5632548309178744,0.5632548309178744,0.21838145187440136,0.21838145187440136,0.16553186207663217,0.0,1.7179228744477438e-06,0.24829779311494826
conn__hub_z_max__pdc_delta,Функциональная связность · hub z max · pdc delta,conn,Функциональная связность,0.43916062801932365,0.5608393719806763,-0.2550853936069622,0.2550853936069622,0.1823059980990822,0.0,0.1945076673081726,0.2707244071771371
conn__modularity__plv_delta,Функциональная связность · modularity · plv delta,conn,Функциональная связность,0.44021739130434784,0.5597826086956521,-0.3470383577586019,0.3470383577586019,0.08946653893313937,0.0,0.1272239213242505,0.15013568086608436
burst__mean_peak__frontal_beta,Burst-активность · mean peak · frontal beta,burst,Burst-активность,0.44036835748792275,0.5596316425120773,-0.18876484878244693,0.18876484878244693,0.191151482002748,0.0,1.554665682969882e-06,0.2810494562119612
conn__modularity__pdc_beta,Функциональная связность · modularity · pdc beta,conn,Функциональная связность,0.5595561594202898,0.5595561594202898,0.2636551989328145,0.2636551989328145,0.12119321647478393,0.0,0.09049256678698543,0.1914594962394193
conn__modularity__wpli_delta,Функциональная связность · modularity · wpli delta,conn,Функциональная связность,0.5593297101449275,0.5593297101449275,0.31339285112315196,0.31339285112315196,0.13551961588509848,0.0,0.08671183913877345,0.20963190582226168
conn__modularity__pdc_theta,Функциональная связность · modularity · pdc theta,conn,Функциональная связность,0.5585748792270531,0.5585748792270531,0.2572604950752862,0.2572604950752862,0.13168365590613973,0.0,0.08809414487935106,0.20476463771792408
conn__small_worldness__dtf_beta,Функциональная связность · small worldness · dtf beta,conn,Функциональная связность,0.557367149758454,0.557367149758454,0.3690721508590809,0.3690721508590809,0.16122175281856344,0.0,2.2251659394489307,0.24555313121596586
conn__global_efficiency__wpli_alpha,Функциональная связность · global efficiency · wpli alpha,conn,Функциональная связность,0.5567632850241545,0.5567632850241545,0.18690177684070078,0.18690177684070078,0.21341728476960464,0.0,0.18331049572333755,0.3091947979345004
conn__mean_strength__wpli_alpha,Функциональная связность · mean strength · wpli alpha,conn,Функциональная связность,0.5566123188405797,0.5566123188405797,0.18824583007253498,0.18824583007253498,0.21463897000870535,0.0,0.7523645674549011,0.30945521404167714
aper__alpha_peak_amp_log10__parietal,Апериодический компонент · Альфа-пик amp log10 · parietal,aper,Апериодический компонент,0.5561594202898551,0.5561594202898551,0.20829257033519058,0.20829257033519058,0.21833425626006986,0.0,0.4244415804392751,0.3132621937644481
conn__small_worldness__coh_delta,Функциональная связность · small worldness · coh delta,conn,Функциональная связность,0.4445954106280193,0.5554045893719807,0.002861356367321625,0.002861356367321625,0.22459331247018366,0.0,3.3982148958916936,0.32069333559444496
conn__n_hubs__pdc_theta,Функциональная связность · n hubs · pdc theta,conn,Функциональная связность,0.4465579710144928,0.5534420289855072,-0.3790397329850952,0.3790397329850952,0.02285221708768603,0.0,0.20214127383232652,0.04648704434960788
conn__global_efficiency__imcoh_beta,Функциональная связность · global efficiency · imcoh beta,conn,Функциональная связность,0.5532910628019324,0.5532910628019324,0.1693910997812889,0.1693910997812889,0.2428015928936782,0.0,0.026778688879408024,0.3433908242353449
dfa__dfa_exp__central_beta,DFA · DFA exp · central beta,dfa,DFA,0.5523852657004831,0.5523852657004831,0.16973080430835039,0.16973080430835039,0.25091417774933344,0.0,0.08707427871795763,0.35075243707993725
aper__alpha_peak_amp_log10__frontal,Апериодический компонент · Альфа-пик amp log10 · frontal,aper,Апериодический компонент,0.5523852657004831,0.5523852657004831,0.14591548126515036,0.14591548126515036,0.25091417774933344,0.0,0.35020327187268796,0.35075243707993725
conn__mean_strength__imcoh_beta,Функциональная связность · mean strength · imcoh beta,conn,Функциональная связность,0.5493659420289855,0.5493659420289855,0.16876355108337224,0.16876355108337224,0.2793140647185882,0.0,0.0967298122214551,0.3840568389880588
conn__n_hubs__coh_alpha,Функциональная связность · n hubs · coh alpha,conn,Функциональная связность,0.45138888888888884,0.5486111111111112,-0.037264280384176326,0.037264280384176326,0.1802597501885218,0.0,0.4329160939926288,0.26903088344719084
aper__alpha_peak_amp_log10__temporal,Апериодический компонент · Альфа-пик amp log10 · temporal,aper,Апериодический компонент,0.5469504830917875,0.5469504830917875,0.10364607639812244,0.10364607639812244,0.3035523585450477,0.0,0.30310462568851065,0.41546106215612516
conn__modularity__coh_alpha,Функциональная связность · modularity · coh alpha,conn,Функциональная связность,0.453804347826087,0.5461956521739131,-0.1776041506835519,0.1776041506835519,0.26982644026113334,0.0,0.16794894278335204,0.3744787512035355
conn__small_worldness__pdc_alpha,Функциональная связность · small worldness · pdc alpha,conn,Функциональная связность,0.5452898550724637,0.5452898550724637,0.2764343272684014,0.2764343272684014,0.2321876213170525,0.0,1.3549263857767038,0.3299508302926536
conn__asymmetry__dtf_alpha,Функциональная связность · asymmetry · dtf alpha,conn,Функциональная связность,0.45471014492753625,0.5452898550724637,-0.15872519883511635,0.15872519883511635,0.3210040433213607,0.0,0.2217501882298901,0.4373311966350648
conn__small_worldness__imcoh_theta,Функциональная связность · small worldness · imcoh theta,conn,Функциональная связность,0.45486111111111105,0.545138888888889,-0.0935913256005585,0.0935913256005585,0.2722819819620901,0.0,1.5608344768920634,0.3761290634546081
aper__alpha_peak_width_hz__frontal,Апериодический компонент · Альфа-пик width hz · frontal,aper,Апериодический компонент,0.5448369565217392,0.5448369565217392,0.09874541398928398,0.09874541398928398,0.32521053814156664,0.0,1.1856973465018328,0.43942106839914086
conn__clustering__imcoh_theta,Функциональная связность · clustering · imcoh theta,conn,Функциональная связность,0.4556159420289855,0.5443840579710145,-0.09315814232539292,0.09315814232539292,0.33079408774769625,0.0,0.07717707977802588,0.44455133059305785
conn__global_efficiency__dtf_alpha,Функциональная связность · global efficiency · dtf alpha,conn,Функциональная связность,0.5442330917874396,0.5442330917874396,0.20180125568883753,0.20180125568883753,0.3324443490706668,0.0,0.028764683046561785,0.44475662916210823
conn__mean_strength__coh_delta,Функциональная связность · mean strength · coh delta,conn,Функциональная связность,0.4572765700483092,0.5427234299516908,0.02309091076731833,0.02309091076731833,0.34923868552961335,0.0,0.2847424577960066,0.46512954978607696
conn__mean_strength__imcoh_delta,Функциональная связность · mean strength · imcoh delta,conn,Функциональная связность,0.45772946859903385,0.5422705314009661,0.17851035390331926,0.17851035390331926,0.354380254765857,0.0,0.1642114318652388,0.46778193629093123
conn__mean_strength__wpli_theta,Функциональная связность · mean strength · wpli theta,conn,Функциональная связность,0.4577294685990338,0.5422705314009661,-0.040957065660495354,0.040957065660495354,0.354380254765857,0.0,0.458358432096922,0.46778193629093123
burst__mean_amp__frontal_beta,Burst-активность · mean amp · frontal beta,burst,Burst-активность,0.45818236714975846,0.5418176328502415,-0.137220559461202,0.137220559461202,0.3595693764385274,0.0,1.3152232571777186e-06,0.47253143717806473
conn__small_worldness__plv_beta,Функциональная связность · small worldness · plv beta,conn,Функциональная связность,0.5406099033816426,0.5406099033816426,0.21900364473247877,0.21900364473247877,0.3736375898811871,0.0,5.132594687009764,0.4845867432083518
dfa__dfa_exp__frontal_beta,DFA · DFA exp · frontal beta,dfa,DFA,0.5403079710144928,0.5403079710144928,0.12758984216710823,0.12758984216710823,0.3772088095669882,0.0,0.07705800679628477,0.48709137583215434
conn__global_efficiency__wpli_theta,Функциональная связность · global efficiency · wpli theta,conn,Функциональная связность,0.4602958937198068,0.5397041062801933,-0.04956127252836655,0.04956127252836655,0.3844114701749327,0.0,0.11732708933744708,0.4942433187963421
alpha_peak__paf_hz__occipital,Альфа-пик · paf hz · occipital,alpha_peak,Альфа-пик,0.4603713768115942,0.5396286231884058,-0.18477762994647956,0.18477762994647956,0.1909758319663577,0.0,2.5585354228182156,0.2810494562119612
conn__mean_strength__coh_beta,Функциональная связность · mean strength · coh beta,conn,Функциональная связность,0.46059782608695654,0.5394021739130435,-0.1372701047936523,0.1372701047936523,0.3880441378004642,0.0,0.14075017464916934,0.49676340054628393
conn__n_hubs__imcoh_delta,Функциональная связность · n hubs · imcoh delta,conn,Функциональная связность,0.46150362318840576,0.5384963768115942,-0.21506822091984812,0.21506822091984812,0.1376317566037388,0.0,0.24166273493010146,0.21179601922958768
conn__global_efficiency__coh_alpha,Функциональная связность · global efficiency · coh alpha,conn,Функциональная связность,0.4619565217391305,0.5380434782608695,-0.13501511989747575,0.13501511989747575,0.40464840498181265,0.0,0.0664182608202495,0.511406707572759
aper__alpha_peak_amp_log10__occipital,Апериодический компонент · Альфа-пик amp log10 · occipital,aper,Апериодический компонент,0.5368357487922705,0.5368357487922705,0.11352259277635453,0.11352259277635453,0.41975863420959525,0.0,0.44627854336307266,0.5282555693230924
conn__clustering__dtf_alpha,Функциональная связность · clustering · dtf alpha,conn,Функциональная связность,0.4636171497584541,0.536382850241546,-0.16280146817569988,0.16280146817569988,0.4255093848962622,0.0,0.06771401867092171,0.5309928038411339
conn__small_worldness__imcoh_delta,Функциональная связность · small worldness · imcoh delta,conn,Функциональная связность,0.46467391304347827,0.5353260869565217,0.006731030330368189,0.006731030330368189,0.3986218639458097,0.0,1.6342186739832747,0.5081145647721265
conn__modularity__imcoh_alpha,Функциональная связность · modularity · imcoh alpha,conn,Функциональная связность,0.535024154589372,0.535024154589372,0.17243701265564562,0.17243701265564562,0.4029137375068358,0.0,0.09470274390243903,0.5113905129894455
conn__n_hubs__wpli_beta,Функциональная связность · n hubs · wpli beta,conn,Функциональная связность,0.4651268115942029,0.5348731884057971,-0.2645757506832362,0.2645757506832362,0.3254970877030673,0.0,0.3519064040226428,0.43942106839914086
conn__small_worldness__wpli_theta,Функциональная связность · small worldness · wpli theta,conn,Функциональная связность,0.4658816425120773,0.5341183574879227,-0.014678343825527069,0.014678343825527069,0.4219207989350914,0.0,1.7048181295970248,0.5287361910705576
conn__small_worldness__plv_delta,Функциональная связность · small worldness · plv delta,conn,Функциональная связность,0.46610809178743967,0.5338919082125604,0.08083227735238362,0.08083227735238362,0.45794945058069314,0.0,3.423247399243382,0.5643609411720575
conn__modularity__dtf_alpha,Функциональная связность · modularity · dtf alpha,conn,Функциональная связность,0.5336654589371981,0.5336654589371981,0.24085793530666336,0.24085793530666336,0.36914327362945387,0.0,0.08681562204091056,0.480857685385736
conn__n_hubs__pdc_alpha,Функциональная связность · n hubs · pdc alpha,conn,Функциональная связность,0.4664100241545893,0.5335899758454107,-0.2726429127438789,0.2726429127438789,0.12900892772197342,0.0,0.22999608795783288,0.20272831499167251
conn__small_worldness__coh_alpha,Функциональная связность · small worldness · coh alpha,conn,Функциональная связность,0.5333635265700484,0.5333635265700484,0.11741622525292482,0.11741622525292482,0.46500530839005116,0.0,2.225352487873571,0.5706883330241537
burst__rate_per_min__central_alpha,Burst-активность · rate per min · central alpha,burst,Burst-активность,0.5329861111111112,0.5329861111111112,0.09423014288682256,0.09423014288682256,0.47005549729192175,0.0,3.8234689647197277,0.5729006033995876
conn__n_hubs__wpli_alpha,Функциональная связность · n hubs · wpli alpha,conn,Функциональная связность,0.4673913043478261,0.5326086956521738,-0.2261677172937982,0.2261677172937982,0.3653688180577518,0.0,0.3562118718964212,0.47803761657776334
conn__hub_z_max__wpli_beta,Функциональная связность · hub z max · wpli beta,conn,Функциональная связность,0.46754227053140096,0.532457729468599,-0.14053173588171766,0.14053173588171766,0.47724026792902674,0.0,0.18530809685179342,0.5785320798976366
conn__small_worldness__wpli_delta,Функциональная связность · small worldness · wpli delta,conn,Функциональная связность,0.4681461352657005,0.5318538647342995,-0.017918841042724117,0.017918841042724117,0.47066581558753995,0.0,1.6842883243661881,0.5729006033995876
conn__n_hubs__imcoh_theta,Функциональная связность · n hubs · imcoh theta,conn,Функциональная связность,0.5312500000000001,0.5312500000000001,0.1427190871390234,0.1427190871390234,0.20712959780039908,0.0,0.21821687605917556,0.3030418253532932
conn__global_efficiency__imcoh_theta,Функциональная связность · global efficiency · imcoh theta,conn,Функциональная связность,0.5303442028985507,0.5303442028985507,0.15721167485542914,0.15721167485542914,0.5064605251548602,0.0,0.03528511041491369,0.6089828986679897
conn__small_worldness__coh_theta,Функциональная связность · small worldness · coh theta,conn,Функциональная связность,0.471165458937198,0.5288345410628019,0.09989564303476042,0.09989564303476042,0.5278932618077675,0.0,3.0154625724288953,0.6271371950276279
alpha_peak__paf_hz__frontal,Альфа-пик · paf hz · frontal,alpha_peak,Альфа-пик,0.4724486714975845,0.5275513285024155,-0.25429015425530666,0.25429015425530666,0.16421924017940526,0.0,1.5441162723262845,0.24757926057504243
conn__global_efficiency__imcoh_delta,Функциональная связность · global efficiency · imcoh delta,conn,Функциональная связность,0.47282608695652173,0.5271739130434783,0.19999581180803505,0.19999581180803505,0.5519936644409396,0.0,0.044720752511603144,0.6505639616625359
burst__mean_peak__temporal_beta,Burst-активность · mean peak · temporal beta,burst,Burst-активность,0.47282608695652173,0.5271739130434783,-0.14843277679664982,0.14843277679664982,0.5519936644409396,0.0,1.8329444070252211e-06,0.6505639616625359
conn__small_worldness__coh_beta,Функциональная связность · small worldness · coh beta,conn,Функциональная связность,0.5264945652173914,0.5264945652173914,0.14989768859159566,0.14989768859159566,0.5620054506089884,0.0,2.7023414744385863,0.659745528975769
conn__mean_strength__plv_beta,Функциональная связность · mean strength · plv beta,conn,Функциональная связность,0.47403381642512077,0.5259661835748792,-0.08541101068623999,0.08541101068623999,0.5698535261552276,0.0,0.1419798572735656,0.6663247923941047
conn__modularity__wpli_alpha,Функциональная связность · modularity · wpli alpha,conn,Функциональная связность,0.5258907004830918,0.5258907004830918,0.25330523168781793,0.25330523168781793,0.4875690737438647,0.0,0.0856213086950812,0.5886504670810073
conn__modularity__dtf_theta,Функциональная связность · modularity · dtf theta,conn,Функциональная связность,0.4747886473429952,0.5252113526570048,0.01740458762058316,0.01740458762058316,0.5194232727950446,0.0,0.0890302855594536,0.6195530603218002
aper__alpha_peak_width_hz__central,Апериодический компонент · Альфа-пик width hz · central,aper,Апериодический компонент,0.5241545893719808,0.5241545893719808,0.048062348816905597,0.048062348816905597,0.5966487857007248,0.0,1.3334457165528557,0.6922058177856065
conn__modularity__coh_theta,Функциональная связность · modularity · coh theta,conn,Функциональная связность,0.47622282608695654,0.5237771739130435,-0.20622622045587138,0.20622622045587138,0.5130563889705961,0.0,0.13819408262873406,0.6144264013075285
conn__mean_strength__coh_alpha,Функциональная связность · mean strength · coh alpha,conn,Функциональная связность,0.4770531400966183,0.5229468599033817,-0.07171410751663106,0.07171410751663106,0.6156696311636596,0.0,0.2887690158845222,0.7087359707581662
conn__clustering__wpli_theta,Функциональная связность · clustering · wpli theta,conn,Функциональная связность,0.4770531400966183,0.5229468599033817,0.018250617715485765,0.018250617715485765,0.6156696311636596,0.0,0.10583595215901867,0.7087359707581662
conn__small_worldness__imcoh_beta,Функциональная связность · small worldness · imcoh beta,conn,Функциональная связность,0.477506038647343,0.522493961352657,0.10803950768089973,0.10803950768089973,0.5820933315797949,0.0,1.5985415683519477,0.6779675273694082
conn__n_hubs__pdc_beta,Функциональная связность · n hubs · pdc beta,conn,Функциональная связность,0.4782608695652174,0.5217391304347826,-0.11790258237406172,0.11790258237406172,0.25154972760278327,0.0,0.1827234641923378,0.35075243707993725
conn__small_worldness__wpli_beta,Функциональная связность · small worldness · wpli beta,conn,Функциональная связность,0.5215881642512077,0.5215881642512077,0.12518627574268898,0.12518627574268898,0.624163228443273,0.0,1.8623567998455772,0.7157393005700852
conn__mean_strength__wpli_beta,Функциональная связность · mean strength · wpli beta,conn,Функциональная связность,0.5214371980676329,0.5214371980676329,0.09175925142751674,0.09175925142751674,0.6391683621838846,0.0,0.5955047877988433,0.7273295155885583
conn__hub_z_max__wpli_alpha,Функциональная связность · hub z max · wpli alpha,conn,Функциональная связность,0.47916666666666663,0.5208333333333334,-0.08274635458901898,0.08274635458901898,0.6486720055577112,0.0,0.18247603166655033,0.7353266627887032
dfa__dfa_exp__temporal_beta,DFA · DFA exp · temporal beta,dfa,DFA,0.5202294685990339,0.5202294685990339,0.03426026320377261,0.03426026320377261,0.6582332108628686,0.0,0.11107067885033498,0.7433279985789808
aper__alpha_peak_cf_hz__central,Апериодический компонент · Альфа-пик cf hz · central,aper,Апериодический компонент,0.5193236714975845,0.5193236714975845,0.026459043472255354,0.026459043472255354,0.6722856992200803,0.0,1.5523643223817112,0.7542228314028402
conn__small_worldness__plv_alpha,Функциональная связность · small worldness · plv alpha,conn,Функциональная связность,0.48112922705314015,0.5188707729468598,0.0973441438228957,0.0973441438228957,0.6799493930151048,0.0,3.0281261926408707,0.7563482012190491
conn__mean_strength__dtf_alpha,Функциональная связность · mean strength · dtf alpha,conn,Функциональная связность,0.48278985507246375,0.5172101449275363,-0.03667795046351344,0.03667795046351344,0.7068547750434055,0.0,0.09068880156095684,0.7804307367579608
aper__alpha_peak_width_hz__occipital,Апериодический компонент · Альфа-пик width hz · occipital,aper,Апериодический компонент,0.48316727053140096,0.516832729468599,-0.009266030891670706,0.009266030891670706,0.7126887820941772,0.0,1.216899592854045,0.7835939184903058
conn__modularity__plv_alpha,Функциональная связность · modularity · plv alpha,conn,Функциональная связность,0.48331823671497587,0.5166817632850241,-0.08198203672600325,0.08198203672600325,0.6921148545696707,0.0,0.17127110675994836,0.7670078798775829
aper__alpha_peak_cf_hz__occipital,Апериодический компонент · Альфа-пик cf hz · occipital,aper,Апериодический компонент,0.5166817632850241,0.5166817632850241,-0.05064804875817783,0.05064804875817783,0.71499647108038,0.0,1.3524262752593568,0.7835939184903058
conn__modularity__coh_beta,Функциональная связность · modularity · coh beta,conn,Функциональная связность,0.4841485507246377,0.5158514492753623,-0.11270016722043322,0.11270016722043322,0.6754992362059107,0.0,0.14508919570026005,0.7542228314028402
conn__global_efficiency__wpli_beta,Функциональная связность · global efficiency · wpli beta,conn,Функциональная связность,0.5158514492753623,0.5158514492753623,0.07665420772554689,0.07665420772554689,0.7291458560004317,0.0,0.14914315174907655,0.7932465905938763
conn__small_worldness__plv_theta,Функциональная связность · small worldness · plv theta,conn,Функциональная связность,0.5155495169082125,0.5155495169082125,0.12509433902602776,0.12509433902602776,0.7341311187837123,0.0,2.774453498045731,0.7957552637911042
conn__n_hubs__pdc_delta,Функциональная связность · n hubs · pdc delta,conn,Функциональная связность,0.5147192028985508,0.5147192028985508,0.1671051667596157,0.1671051667596157,0.43824720730162137,0.0,0.15605468161060645,0.5446000860610106
conn__n_hubs__wpli_delta,Функциональная связность · n hubs · wpli delta,conn,Функциональная связность,0.5144927536231884,0.5144927536231884,-0.036523364738346525,0.036523364738346525,0.6732989796339384,0.0,0.31900210632995923,0.7542228314028402
conn__mean_strength__imcoh_theta,Функциональная связность · mean strength · imcoh theta,conn,Функциональная связность,0.5131340579710145,0.5131340579710145,0.13768270034619853,0.13768270034619853,0.7744042566795184,0.0,0.12401221501002115,0.8333263196877426
aper__n_fit_points__central,Апериодический компонент · n fit points · central,aper,Апериодический компонент,0.5108695652173914,0.5108695652173914,0.18658561746005403,0.18658561746005403,0.21268965978500276,0.0,0.34729343575361327,0.3091947979345004
conn__small_worldness__imcoh_alpha,Функциональная связность · small worldness · imcoh alpha,conn,Функциональная связность,0.48928140096618356,0.5107185990338164,0.02800973461677727,0.02800973461677727,0.7680764959937538,0.0,1.2899740764698975,0.8295226156732541
conn__modularity__imcoh_delta,Функциональная связность · modularity · imcoh delta,conn,Функциональная связность,0.5102657004830918,0.5102657004830918,0.14984613913041228,0.14984613913041228,0.8010010197884087,0.0,0.08907880359648558,0.8588350284373912
conn__n_hubs__imcoh_alpha,Функциональная связность · n hubs · imcoh alpha,conn,Функциональная связность,0.5095863526570049,0.5095863526570049,0.05283543314574004,0.05283543314574004,0.6301784452011621,0.0,0.18662421881466937,0.719857685479789
conn__clustering__imcoh_beta,Функциональная связность · clustering · imcoh beta,conn,Функциональная связность,0.5095108695652174,0.5095108695652174,0.04634599637783426,0.04634599637783426,0.8359360792224714,0.0,0.07205508323826797,0.8898674391723083
conn__n_hubs__dtf_theta,Функциональная связность · n hubs · dtf theta,conn,Функциональная связность,0.4907155797101449,0.5092844202898551,-0.09455767169014667,0.09455767169014667,0.4493810766407135,0.0,0.13914602082004912,0.556109082342883
aper__alpha_peak_cf_hz__parietal,Апериодический компонент · Альфа-пик cf hz · parietal,aper,Апериодический компонент,0.508756038647343,0.508756038647343,-0.06633165717813919,0.06633165717813919,0.8487147884940317,0.0,1.4000947649340232,0.8970401857036563
conn__n_hubs__imcoh_beta,Функциональная связность · n hubs · imcoh beta,conn,Функциональная связность,0.4913194444444444,0.5086805555555556,-0.15350234057373213,0.15350234057373213,0.7209443291449159,0.0,0.23809784955084679,0.7872075946913236
conn__modularity__plv_beta,Функциональная связность · modularity · plv beta,conn,Функциональная связность,0.5076992753623188,0.5076992753623188,-0.0239058632174708,0.0239058632174708,0.8395109642200799,0.0,0.14955551552581486,0.8904812727620133
aper__alpha_peak_width_hz__temporal,Апериодический компонент · Альфа-пик width hz · temporal,aper,Апериодический компонент,0.507397342995169,0.507397342995169,0.06099722445468159,0.06099722445468159,0.8721456233742839,0.0,1.233358890303347,0.9138854387753946
burst__rate_per_min__occipital_alpha,Burst-активность · rate per min · occipital alpha,burst,Burst-активность,0.5071708937198068,0.5071708937198068,-0.02459786894657033,0.02459786894657033,0.876230349829098,0.0,4.309833005189574,0.9138854387753946
conn__n_hubs__wpli_theta,Функциональная связность · n hubs · wpli theta,conn,Функциональная связность,0.4929045893719807,0.5070954106280193,-0.10306620600844132,0.10306620600844132,0.818891790902879,0.0,0.29019522034855594,0.8748592154609894
burst__rate_per_min__parietal_alpha,Burst-активность · rate per min · parietal alpha,burst,Burst-активность,0.4929800724637681,0.5070199275362319,-0.03611791198672944,0.03611791198672944,0.8788454811527318,0.0,4.279399765727164,0.9138854387753946
burst__rate_per_min__temporal_alpha,Burst-активность · rate per min · temporal alpha,burst,Burst-активность,0.50618961352657,0.50618961352657,0.007913370247565353,0.007913370247565353,0.8932407071083571,0.0,3.6017531275148174,0.9211544792054932
burst__rate_per_min__frontal_alpha,Burst-активность · rate per min · frontal alpha,burst,Burst-активность,0.4944142512077295,0.5055857487922705,-0.04445419253011053,0.04445419253011053,0.9037301173986557,0.0,3.9471775498720567,0.9237599304405785
event__lr_index,Транзиентные события · lr index,event,Транзиентные события,0.4951690821256039,0.5048309178743962,-0.041236724446635106,0.041236724446635106,0.9050981136640012,0.0,0.02846403641713367,0.9237599304405785
conn__clustering__wpli_delta,Функциональная связность · clustering · wpli delta,conn,Функциональная связность,0.5042270531400965,0.5042270531400965,0.04840355081120271,0.04840355081120271,0.9273959954021104,0.0,0.1023398214976724,0.94327606381653
conn__modularity__plv_theta,Функциональная связность · modularity · plv theta,conn,Функциональная связность,0.49599939613526567,0.5040006038647343,0.014196427517787234,0.014196427517787234,0.899541578794924,0.0,0.1144084377184034,0.9237599304405785
burst__mean_amp__temporal_beta,Burst-активность · mean amp · temporal beta,burst,Burst-активность,0.49667874396135264,0.5033212560386473,-0.07157317849747502,0.07157317849747502,0.9432063502425625,0.0,1.5002081730492778e-06,0.9560828874472391
conn__n_hubs__dtf_beta,Функциональная связность · n hubs · dtf beta,conn,Функциональная связность,0.49682971014492755,0.5031702898550725,-0.09972820585704745,0.09972820585704745,0.8884589265407222,0.0,0.17992971560584758,0.9194156835630471
conn__n_hubs__dtf_alpha,Функциональная связность · n hubs · dtf alpha,conn,Функциональная связность,0.5026419082125604,0.5026419082125604,-0.014911192598790016,0.014911192598790016,0.8800378299318614,0.0,0.1602568487920905,0.9138854387753946
conn__clustering__wpli_beta,Функциональная связность · clustering · wpli beta,conn,Функциональная связность,0.49833937198067635,0.5016606280193237,0.035653423379061404,0.035653423379061404,0.972245702474829,0.0,0.12389618959581473,0.978181590723288
aper__alpha_peak_width_hz__parietal,Апериодический компонент · Альфа-пик width hz · parietal,aper,Апериодический компонент,0.5015851449275363,0.5015851449275363,0.035411265598256615,0.035411265598256615,0.9735343767897431,0.0,1.200068897672635,0.978181590723288
conn__n_hubs__dtf_delta,Функциональная связность · n hubs · dtf delta,conn,Функциональная связность,0.5015096618357487,0.5015096618357487,0.027216900149808362,0.027216900149808362,0.8684854298871987,0.0,0.054878048780487805,0.9138854387753946
burst__pct_time__central_beta,Burst-активность · pct time · central beta,burst,Burst-активность,0.49849033816425126,0.5015096618357487,0.020042025077793877,0.020042025077793877,0.9748880500137821,0.0,1.3659529996977364,0.978181590723288
conn__modularity__wpli_beta,Функциональная связность · modularity · wpli beta,conn,Функциональная связность,0.5000754830917875,0.5000754830917875,0.10782513398674289,0.10782513398674289,1.0,0.0,0.08418030200166907,1.0
