feature,feature_ru,block,block_ru,n_models_top_n,mean_rank,best_rank,mean_importance,max_importance,models_top_n,roc_auc_oriented,hedges_g_tbi_minus_control,abs_hedges_g,q_fdr
event__z_peak,"Пик события, z",event,События,3,1.6666666666666667,1,0.002464494569757741,0.0063909774436090696,Логистическая регрессия; Случайный лес; SVM с RBF-ядром,0.964975845410628,-2.3302479574189605,2.3302479574189605,5.748622357413093e-22
aper__n_fit_points__central,Апериодика · n fit points · central,aper,Апериодика,3,5.333333333333333,1,0.001378446115288212,0.004135338345864636,Логистическая регрессия; Случайный лес; SVM с RBF-ядром,0.5108695652173914,0.18658561746005403,0.18658561746005403,0.3083828708154096
conn__clustering__plv_theta,Связность · clustering · plv theta,conn,Связность,3,3.6666666666666665,2,0.0015037593984962452,0.004511278195488736,Логистическая регрессия; Случайный лес; SVM с RBF-ядром,0.8691123188405797,-1.3512420460605923,1.3512420460605923,4.153548153879617e-14
conn__small_worldness__pdc_delta,Связность · small worldness · pdc delta,conn,Связность,3,5.0,2,0.0004594820384294028,0.001253132832080191,Логистическая регрессия; Случайный лес; SVM с RBF-ядром,0.6239432367149759,0.4714922902793102,0.4714922902793102,0.004887030099482809
conn__asymmetry__dtf_beta,Связность · asymmetry · dtf beta,conn,Связность,3,6.0,2,4.177109440267242e-05,0.00012531328320801726,Логистическая регрессия; Случайный лес; SVM с RBF-ядром,0.711352657004831,-0.7839986104287673,0.7839986104287673,1.6924424353182597e-05
event__n_involved_ch,События · n involved ch,event,События,3,4.0,3,0.00029239766081871557,0.0008771929824561468,Логистическая регрессия; Случайный лес; SVM с RBF-ядром,0.8408061594202899,1.1307276973039035,1.1307276973039035,3.900413810170289e-12
conn__small_worldness__dtf_alpha,Связность · small worldness · dtf alpha,conn,Связность,3,6.0,3,4.177109440267366e-05,0.00012531328320802097,Логистическая регрессия; Случайный лес; SVM с RBF-ядром,0.6111111111111112,-0.121719277645703,0.121719277645703,0.024628500205664174
aper__aperiodic_exponent__frontal,Апериодика · Апериодикаiodic exponent · frontal,aper,Апериодика,3,4.333333333333333,4,0.00020885547201336828,0.0006265664160401049,Логистическая регрессия; Случайный лес; SVM с RBF-ядром,0.7758152173913043,0.9693323545586681,0.9693323545586681,1.876917646958725e-08
conn__clustering__coh_delta,Связность · clustering · coh delta,conn,Связность,3,4.333333333333333,4,0.00020885547201336828,0.0006265664160401049,Логистическая регрессия; Случайный лес; SVM с RBF-ядром,0.6873490338164252,-0.3243590535632492,0.3243590535632492,0.00014909564594084223
conn__hub_z_max__plv_delta,Связность · hub z max · plv delta,conn,Связность,3,5.0,4,0.00012531328320802097,0.0003759398496240629,Логистическая регрессия; Случайный лес; SVM с RBF-ядром,0.8132548309178744,-1.129118548691132,1.129118548691132,2.0965140807830945e-10
spec_shape__spectral_entropy_raw__frontal,Форма спектра · spectral entropy raw · frontal,spec_shape,Форма спектра,3,5.0,4,0.00012531328320802097,0.0003759398496240629,Логистическая регрессия; Случайный лес; SVM с RBF-ядром,0.7821557971014492,-1.0450419591787885,1.0450419591787885,1.060044940206294e-08
conn__hub_z_max__plv_beta,Связность · hub z max · plv beta,conn,Связность,3,5.666666666666667,4,8.354218880534731e-05,0.00025062656641604194,Логистическая регрессия; Случайный лес; SVM с RBF-ядром,0.776268115942029,-1.066771737493484,1.066771737493484,1.876917646958725e-08
aper__aperiodic_slope__frontal,Апериодика · Апериодикаiodic slope · frontal,aper,Апериодика,3,6.0,4,4.177109440267366e-05,0.00012531328320802097,Логистическая регрессия; Случайный лес; SVM с RBF-ядром,0.7758152173913043,-0.9693323545586681,0.9693323545586681,1.876917646958725e-08
conn__global_efficiency__plv_theta,Связность · global efficiency · plv theta,conn,Связность,3,6.0,4,4.177109440267366e-05,0.00012531328320802097,Логистическая регрессия; Случайный лес; SVM с RBF-ядром,0.7697765700483092,-0.9378487017738449,0.9378487017738449,3.481071482256141e-08
alpha_peak__alpha_peak_amp_db__central,Альфа-пик · Альфа-пик amp db · central,alpha_peak,Альфа-пик,3,6.666666666666667,4,0.0,0.0,Логистическая регрессия; Случайный лес; SVM с RBF-ядром,0.6141304347826086,-0.3829701746179126,0.3829701746179126,0.02692199644439793
alpha_peak__alpha_peak_amp_db__frontal,Альфа-пик · Альфа-пик amp db · frontal,alpha_peak,Альфа-пик,3,6.666666666666667,4,0.0,0.0,Логистическая регрессия; Случайный лес; SVM с RBF-ядром,0.6038647342995169,-0.33567494401069387,0.33567494401069387,0.04663087540865663
alpha_peak__alpha_peak_amp_db__occipital,Альфа-пик · Альфа-пик amp db · occipital,alpha_peak,Альфа-пик,3,6.666666666666667,4,0.0,0.0,Логистическая регрессия; Случайный лес; SVM с RBF-ядром,0.5981280193236715,-0.3167689980860307,0.3167689980860307,0.06155201494293255
alpha_peak__alpha_peak_amp_db__parietal,Альфа-пик · Альфа-пик amp db · parietal,alpha_peak,Альфа-пик,3,6.666666666666667,4,0.0,0.0,Логистическая регрессия; Случайный лес; SVM с RBF-ядром,0.6265096618357487,-0.4474454207283884,0.4474454207283884,0.013021513104720434
alpha_peak__alpha_peak_amp_db__temporal,Альфа-пик · Альфа-пик amp db · temporal,alpha_peak,Альфа-пик,3,6.666666666666667,4,0.0,0.0,Логистическая регрессия; Случайный лес; SVM с RBF-ядром,0.5840881642512078,-0.29450255805146003,0.29450255805146003,0.11445735399307884
alpha_peak__alpha_peak_db__central,Альфа-пик · Альфа-пик db · central,alpha_peak,Альфа-пик,3,6.666666666666667,4,0.0,0.0,Логистическая регрессия; Случайный лес; SVM с RBF-ядром,0.6666666666666666,0.5577680323879399,0.5577680323879399,0.0007961663218493517
alpha_peak__alpha_peak_db__frontal,Альфа-пик · Альфа-пик db · frontal,alpha_peak,Альфа-пик,3,6.666666666666667,4,0.0,0.0,Логистическая регрессия; Случайный лес; SVM с RBF-ядром,0.6601751207729469,0.5681417948736062,0.5681417948736062,0.0013331720816888327
alpha_peak__alpha_peak_db__occipital,Альфа-пик · Альфа-пик db · occipital,alpha_peak,Альфа-пик,3,6.666666666666667,4,0.0,0.0,Логистическая регрессия; Случайный лес; SVM с RBF-ядром,0.6953502415458938,0.6848100466600096,0.6848100466600096,7.32437509495424e-05
alpha_peak__alpha_peak_db__parietal,Альфа-пик · Альфа-пик db · parietal,alpha_peak,Альфа-пик,3,6.666666666666667,4,0.0,0.0,Логистическая регрессия; Случайный лес; SVM с RBF-ядром,0.7140700483091786,0.7342473181696393,0.7342473181696393,1.3520196724299796e-05
alpha_peak__alpha_peak_db__temporal,Альфа-пик · Альфа-пик db · temporal,alpha_peak,Альфа-пик,3,6.666666666666667,4,0.0,0.0,Логистическая регрессия; Случайный лес; SVM с RBF-ядром,0.6870471014492754,0.6155726230900066,0.6155726230900066,0.00015153944801452024
alpha_peak__paf_hz__central,Альфа-пик · paf hz · central,alpha_peak,Альфа-пик,3,6.666666666666667,4,0.0,0.0,Логистическая регрессия; Случайный лес; SVM с RBF-ядром,0.573822463768116,-0.42146700720865066,0.42146700720865066,0.028911673622858135
alpha_peak__paf_hz__frontal,Альфа-пик · paf hz · frontal,alpha_peak,Альфа-пик,3,6.666666666666667,4,0.0,0.0,Логистическая регрессия; Случайный лес; SVM с RBF-ядром,0.5275513285024155,-0.25429015425530666,0.25429015425530666,0.24797105267090194
alpha_peak__paf_hz__occipital,Альфа-пик · paf hz · occipital,alpha_peak,Альфа-пик,3,6.666666666666667,4,0.0,0.0,Логистическая регрессия; Случайный лес; SVM с RBF-ядром,0.5396286231884058,-0.18477762994647956,0.18477762994647956,0.2802317842952908
alpha_peak__paf_hz__parietal,Альфа-пик · paf hz · parietal,alpha_peak,Альфа-пик,3,6.666666666666667,4,0.0,0.0,Логистическая регрессия; Случайный лес; SVM с RBF-ядром,0.5738979468599034,-0.36030345579567213,0.36030345579567213,0.05268846418706191
alpha_peak__paf_hz__temporal,Альфа-пик · paf hz · temporal,alpha_peak,Альфа-пик,3,6.666666666666667,4,0.0,0.0,Логистическая регрессия; Случайный лес; SVM с RBF-ядром,0.5960899758454106,-0.5514967582116671,0.5514967582116671,0.0025278990346984647
aper__alpha_peak_amp_log10__central,Апериодика · Альфа-пик amp log10 · central,aper,Апериодика,3,6.666666666666667,4,0.0,0.0,Логистическая регрессия; Случайный лес; SVM с RBF-ядром,0.5843900966183575,0.2510373755315487,0.2510373755315487,0.11343131753523193
aper__alpha_peak_amp_log10__frontal,Апериодика · Альфа-пик amp log10 · frontal,aper,Апериодика,3,6.666666666666667,4,0.0,0.0,Логистическая регрессия; Случайный лес; SVM с RBF-ядром,0.5523852657004831,0.14591548126515036,0.14591548126515036,0.35008303104166155
aper__alpha_peak_amp_log10__occipital,Апериодика · Альфа-пик amp log10 · occipital,aper,Апериодика,3,6.666666666666667,4,0.0,0.0,Логистическая регрессия; Случайный лес; SVM с RBF-ядром,0.5368357487922705,0.11352259277635453,0.11352259277635453,0.5281962813804074
aper__alpha_peak_amp_log10__parietal,Апериодика · Альфа-пик amp log10 · parietal,aper,Апериодика,3,6.666666666666667,4,0.0,0.0,Логистическая регрессия; Случайный лес; SVM с RBF-ядром,0.5561594202898551,0.20829257033519058,0.20829257033519058,0.31249737151915213
aper__alpha_peak_amp_log10__temporal,Апериодика · Альфа-пик amp log10 · temporal,aper,Апериодика,3,6.666666666666667,4,0.0,0.0,Логистическая регрессия; Случайный лес; SVM с RBF-ядром,0.5469504830917875,0.10364607639812244,0.10364607639812244,0.41480910534210136
aper__alpha_peak_cf_hz__central,Апериодика · Альфа-пик cf hz · central,aper,Апериодика,3,6.666666666666667,4,0.0,0.0,Логистическая регрессия; Случайный лес; SVM с RBF-ядром,0.5193236714975845,0.026459043472255354,0.026459043472255354,0.7527703665468083
aper__alpha_peak_cf_hz__frontal,Апериодика · Альфа-пик cf hz · frontal,aper,Апериодика,3,6.666666666666667,4,0.0,0.0,Логистическая регрессия; Случайный лес; SVM с RBF-ядром,0.6410024154589373,0.41239588356601803,0.41239588356601803,0.005229265763985143
aper__alpha_peak_cf_hz__occipital,Апериодика · Альфа-пик cf hz · occipital,aper,Апериодика,3,6.666666666666667,4,0.0,0.0,Логистическая регрессия; Случайный лес; SVM с RBF-ядром,0.5166817632850241,-0.05064804875817783,0.05064804875817783,0.7823512111096911
aper__alpha_peak_cf_hz__parietal,Апериодика · Альфа-пик cf hz · parietal,aper,Апериодика,3,6.666666666666667,4,0.0,0.0,Логистическая регрессия; Случайный лес; SVM с RBF-ядром,0.508756038647343,-0.06633165717813919,0.06633165717813919,0.8961953361020895
aper__alpha_peak_cf_hz__temporal,Апериодика · Альфа-пик cf hz · temporal,aper,Апериодика,3,6.666666666666667,4,0.0,0.0,Логистическая регрессия; Случайный лес; SVM с RBF-ядром,0.5710295893719807,0.19156477833686425,0.19156477833686425,0.18908878681222982
aper__alpha_peak_width_hz__central,Апериодика · Альфа-пик width hz · central,aper,Апериодика,3,6.666666666666667,4,0.0,0.0,Логистическая регрессия; Случайный лес; SVM с RBF-ядром,0.5241545893719808,0.048062348816905597,0.048062348816905597,0.6903752233012218
aper__alpha_peak_width_hz__frontal,Апериодика · Альфа-пик width hz · frontal,aper,Апериодика,3,6.666666666666667,4,0.0,0.0,Логистическая регрессия; Случайный лес; SVM с RBF-ядром,0.5448369565217392,0.09874541398928398,0.09874541398928398,0.43883982359967105
aper__alpha_peak_width_hz__occipital,Апериодика · Альфа-пик width hz · occipital,aper,Апериодика,3,6.666666666666667,4,0.0,0.0,Логистическая регрессия; Случайный лес; SVM с RBF-ядром,0.516832729468599,-0.009266030891670706,0.009266030891670706,0.7823512111096911
aper__alpha_peak_width_hz__parietal,Апериодика · Альфа-пик width hz · parietal,aper,Апериодика,3,6.666666666666667,4,0.0,0.0,Логистическая регрессия; Случайный лес; SVM с RBF-ядром,0.5015851449275363,0.035411265598256615,0.035411265598256615,0.9781268807447249
aper__alpha_peak_width_hz__temporal,Апериодика · Альфа-пик width hz · temporal,aper,Апериодика,3,6.666666666666667,4,0.0,0.0,Логистическая регрессия; Случайный лес; SVM с RBF-ядром,0.507397342995169,0.06099722445468159,0.06099722445468159,0.9133038647402824
aper__aperiodic_exponent__central,Апериодика · Апериодикаiodic exponent · central,aper,Апериодика,3,6.666666666666667,4,0.0,0.0,Логистическая регрессия; Случайный лес; SVM с RBF-ядром,0.7339975845410628,0.9095961341514031,0.9095961341514031,1.7455409926346669e-06
aper__aperiodic_exponent__occipital,Апериодика · Апериодикаiodic exponent · occipital,aper,Апериодика,3,6.666666666666667,4,0.0,0.0,Логистическая регрессия; Случайный лес; SVM с RBF-ядром,0.6559480676328503,0.5979646438812802,0.5979646438812802,0.00179316988308211
aper__aperiodic_exponent__parietal,Апериодика · Апериодикаiodic exponent · parietal,aper,Апериодика,3,6.666666666666667,4,0.0,0.0,Логистическая регрессия; Случайный лес; SVM с RBF-ядром,0.7673611111111112,0.9890745135324296,0.9890745135324296,4.478625569066696e-08
aper__aperiodic_exponent__temporal,Апериодика · Апериодикаiodic exponent · temporal,aper,Апериодика,3,6.666666666666667,4,0.0,0.0,Логистическая регрессия; Случайный лес; SVM с RBF-ядром,0.7570954106280193,0.9890803146166957,0.9890803146166957,1.416184347998352e-07
aper__aperiodic_intercept_log10__central,Апериодика · Апериодикаiodic intercept log10 · central,aper,Апериодика,3,6.666666666666667,4,0.0,0.0,Логистическая регрессия; Случайный лес; SVM с RBF-ядром,0.7743055555555556,1.0490147568707586,1.0490147568707586,2.2084336697148785e-08
aper__aperiodic_intercept_log10__frontal,Апериодика · Апериодикаiodic intercept log10 · frontal,aper,Апериодика,3,6.666666666666667,4,0.0,0.0,Логистическая регрессия; Случайный лес; SVM с RBF-ядром,0.7964975845410628,1.1285406098796067,1.1285406098796067,1.7919563240071007e-09
aper__aperiodic_intercept_log10__occipital,Апериодика · Апериодикаiodic intercept log10 · occipital,aper,Апериодика,3,6.666666666666667,4,0.0,0.0,Логистическая регрессия; Случайный лес; SVM с RBF-ядром,0.7356582125603865,0.8614408481124481,0.8614408481124481,1.4982754299774123e-06
aper__aperiodic_intercept_log10__parietal,Апериодика · Апериодикаiodic intercept log10 · parietal,aper,Апериодика,3,6.666666666666667,4,0.0,0.0,Логистическая регрессия; Случайный лес; SVM с RBF-ядром,0.8057065217391304,1.1420608092640874,1.1420608092640874,5.533663471002323e-10
aper__aperiodic_intercept_log10__temporal,Апериодика · Апериодикаiodic intercept log10 · temporal,aper,Апериодика,3,6.666666666666667,4,0.0,0.0,Логистическая регрессия; Случайный лес; SVM с RBF-ядром,0.8055555555555556,1.1375749353435916,1.1375749353435916,5.533663471002323e-10
aper__aperiodic_slope__central,Апериодика · Апериодикаiodic slope · central,aper,Апериодика,3,6.666666666666667,4,0.0,0.0,Логистическая регрессия; Случайный лес; SVM с RBF-ядром,0.7339975845410628,-0.9095961341514031,0.9095961341514031,1.7455409926346669e-06
aper__aperiodic_slope__occipital,Апериодика · Апериодикаiodic slope · occipital,aper,Апериодика,3,6.666666666666667,4,0.0,0.0,Логистическая регрессия; Случайный лес; SVM с RBF-ядром,0.6559480676328502,-0.5979646438812802,0.5979646438812802,0.00179316988308211
aper__aperiodic_slope__parietal,Апериодика · Апериодикаiodic slope · parietal,aper,Апериодика,3,6.666666666666667,4,0.0,0.0,Логистическая регрессия; Случайный лес; SVM с RBF-ядром,0.7673611111111112,-0.9890745135324296,0.9890745135324296,4.478625569066696e-08
aper__aperiodic_slope__temporal,Апериодика · Апериодикаiodic slope · temporal,aper,Апериодика,3,6.666666666666667,4,0.0,0.0,Логистическая регрессия; Случайный лес; SVM с RBF-ядром,0.7570954106280193,-0.9890803146166957,0.9890803146166957,1.416184347998352e-07
burst__mean_amp__central_alpha,Вспышки · mean amp · central alpha,burst,Вспышки,3,6.666666666666667,4,0.0,0.0,Логистическая регрессия; Случайный лес; SVM с RBF-ядром,0.5768417874396136,0.17543748881673588,0.17543748881673588,0.15350924769607935
burst__mean_amp__central_beta,Вспышки · mean amp · central beta,burst,Вспышки,3,6.666666666666667,4,0.0,0.0,Логистическая регрессия; Случайный лес; SVM с RBF-ядром,0.5993357487922706,-0.33226239102223165,0.33226239102223165,0.05795020717588409
burst__mean_amp__frontal_alpha,Вспышки · mean amp · frontal alpha,burst,Вспышки,3,6.666666666666667,4,0.0,0.0,Логистическая регрессия; Случайный лес; SVM с RBF-ядром,0.6204710144927537,0.36440584321385616,0.36440584321385616,0.01911666447578181
burst__mean_amp__frontal_beta,Вспышки · mean amp · frontal beta,burst,Вспышки,3,6.666666666666667,4,0.0,0.0,Логистическая регрессия; Случайный лес; SVM с RBF-ядром,0.5418176328502415,-0.137220559461202,0.137220559461202,0.47213022471493593
burst__mean_amp__occipital_alpha,Вспышки · mean amp · occipital alpha,burst,Вспышки,3,6.666666666666667,4,0.0,0.0,Логистическая регрессия; Случайный лес; SVM с RBF-ядром,0.6435688405797101,0.3883869241074725,0.3883869241074725,0.004490305607196624
burst__mean_amp__occipital_beta,Вспышки · mean amp · occipital beta,burst,Вспышки,3,6.666666666666667,4,0.0,0.0,Логистическая регрессия; Случайный лес; SVM с RBF-ядром,0.6041666666666667,0.27824712973678895,0.27824712973678895,0.04619443109538276
burst__mean_amp__parietal_alpha,Вспышки · mean amp · parietal alpha,burst,Вспышки,3,6.666666666666667,4,0.0,0.0,Логистическая регрессия; Случайный лес; SVM с RBF-ядром,0.6796497584541064,0.5999834756548323,0.5999834756548323,0.00029121420929955705
burst__mean_amp__parietal_beta,Вспышки · mean amp · parietal beta,burst,Вспышки,3,6.666666666666667,4,0.0,0.0,Логистическая регрессия; Случайный лес; SVM с RBF-ядром,0.5791062801932367,0.2743913667524569,0.2743913667524569,0.14049370870728486
burst__mean_amp__temporal_alpha,Вспышки · mean amp · temporal alpha,burst,Вспышки,3,6.666666666666667,4,0.0,0.0,Логистическая регрессия; Случайный лес; SVM с RBF-ядром,0.618659420289855,0.38218494133301456,0.38218494133301456,0.021157334969753343
burst__mean_amp__temporal_beta,Вспышки · mean amp · temporal beta,burst,Вспышки,3,6.666666666666667,4,0.0,0.0,Логистическая регрессия; Случайный лес; SVM с RBF-ядром,0.5033212560386473,-0.07157317849747502,0.07157317849747502,0.9558668381652815
burst__mean_peak__central_alpha,Вспышки · mean peak · central alpha,burst,Вспышки,3,6.666666666666667,4,0.0,0.0,Логистическая регрессия; Случайный лес; SVM с RBF-ядром,0.5688405797101449,0.13316229810345637,0.13316229810345637,0.20499208290543403
burst__mean_peak__central_beta,Вспышки · mean peak · central beta,burst,Вспышки,3,6.666666666666667,4,0.0,0.0,Логистическая регрессия; Случайный лес; SVM с RBF-ядром,0.6121678743961352,-0.39235383251408523,0.39235383251408523,0.02994713056377314
burst__mean_peak__frontal_alpha,Вспышки · mean peak · frontal alpha,burst,Вспышки,3,6.666666666666667,4,0.0,0.0,Логистическая регрессия; Случайный лес; SVM с RBF-ядром,0.6142814009661836,0.3281279604750754,0.3281279604750754,0.026865638373719917
burst__mean_peak__frontal_beta,Вспышки · mean peak · frontal beta,burst,Вспышки,3,6.666666666666667,4,0.0,0.0,Логистическая регрессия; Случайный лес; SVM с RBF-ядром,0.5596316425120773,-0.18876484878244693,0.18876484878244693,0.2802317842952908
burst__mean_peak__occipital_alpha,Вспышки · mean peak · occipital alpha,burst,Вспышки,3,6.666666666666667,4,0.0,0.0,Логистическая регрессия; Случайный лес; SVM с RBF-ядром,0.640096618357488,0.34965219518371987,0.34965219518371987,0.005608678796680282
burst__mean_peak__occipital_beta,Вспышки · mean peak · occipital beta,burst,Вспышки,3,6.666666666666667,4,0.0,0.0,Логистическая регрессия; Случайный лес; SVM с RBF-ядром,0.6023550724637681,0.2591938787457834,0.2591938787457834,0.05021366403675461
burst__mean_peak__parietal_alpha,Вспышки · mean peak · parietal alpha,burst,Вспышки,3,6.666666666666667,4,0.0,0.0,Логистическая регрессия; Случайный лес; SVM с RBF-ядром,0.667572463768116,0.5609936738958551,0.5609936738958551,0.000744314065541885
burst__mean_peak__parietal_beta,Вспышки · mean peak · parietal beta,burst,Вспышки,3,6.666666666666667,4,0.0,0.0,Логистическая регрессия; Случайный лес; SVM с RBF-ядром,0.5632548309178744,0.21838145187440136,0.21838145187440136,0.2487095639161339
burst__mean_peak__temporal_alpha,Вспышки · mean peak · temporal alpha,burst,Вспышки,3,6.666666666666667,4,0.0,0.0,Логистическая регрессия; Случайный лес; SVM с RBF-ядром,0.5939009661835749,0.3216851016415427,0.3216851016415427,0.07448257699005761
burst__mean_peak__temporal_beta,Вспышки · mean peak · temporal beta,burst,Вспышки,3,6.666666666666667,4,0.0,0.0,Логистическая регрессия; Случайный лес; SVM с RBF-ядром,0.5271739130434783,-0.14843277679664982,0.14843277679664982,0.6486462515998589
burst__pct_time__central_alpha,Вспышки · pct time · central alpha,burst,Вспышки,3,6.666666666666667,4,0.0,0.0,Логистическая регрессия; Случайный лес; SVM с RBF-ядром,0.7539251207729469,0.9933777521342236,0.9933777521342236,1.9536960045242323e-07
burst__pct_time__central_beta,Вспышки · pct time · central beta,burst,Вспышки,3,6.666666666666667,4,0.0,0.0,Логистическая регрессия; Случайный лес; SVM с RBF-ядром,0.5015096618357487,0.020042025077793877,0.020042025077793877,0.9781268807447249
burst__pct_time__frontal_alpha,Вспышки · pct time · frontal alpha,burst,Вспышки,3,6.666666666666667,4,0.0,0.0,Логистическая регрессия; Случайный лес; SVM с RBF-ядром,0.7580012077294687,0.951274927971627,0.951274927971627,1.335628463313962e-07
burst__pct_time__frontal_beta,Вспышки · pct time · frontal beta,burst,Вспышки,3,6.666666666666667,4,0.0,0.0,Логистическая регрессия; Случайный лес; SVM с RBF-ядром,0.6337560386473431,0.5082967629527384,0.5082967629527384,0.008212524233884858
burst__pct_time__occipital_alpha,Вспышки · pct time · occipital alpha,burst,Вспышки,3,6.666666666666667,4,0.0,0.0,Логистическая регрессия; Случайный лес; SVM с RBF-ядром,0.8020833333333333,0.9997637822086023,0.9997637822086023,8.524006691847228e-10
burst__pct_time__occipital_beta,Вспышки · pct time · occipital beta,burst,Вспышки,3,6.666666666666667,4,0.0,0.0,Логистическая регрессия; Случайный лес; SVM с RBF-ядром,0.6733091787439613,0.6372824145705441,0.6372824145705441,0.00048651296377659665
burst__pct_time__parietal_alpha,Вспышки · pct time · parietal alpha,burst,Вспышки,3,6.666666666666667,4,0.0,0.0,Логистическая регрессия; Случайный лес; SVM с RBF-ядром,0.7540760869565218,0.9235073241276345,0.9235073241276345,1.9536960045242323e-07
burst__pct_time__parietal_beta,Вспышки · pct time · parietal beta,burst,Вспышки,3,6.666666666666667,4,0.0,0.0,Логистическая регрессия; Случайный лес; SVM с RBF-ядром,0.6378321256038647,0.5297890577783736,0.5297890577783736,0.006447920889551053
burst__pct_time__temporal_alpha,Вспышки · pct time · temporal alpha,burst,Вспышки,3,6.666666666666667,4,0.0,0.0,Логистическая регрессия; Случайный лес; SVM с RBF-ядром,0.6856884057971013,0.6745289720101295,0.6745289720101295,0.00017022261714022424
burst__pct_time__temporal_beta,Вспышки · pct time · temporal beta,burst,Вспышки,3,6.666666666666667,4,0.0,0.0,Логистическая регрессия; Случайный лес; SVM с RBF-ядром,0.5951086956521741,0.3031420060625372,0.3031420060625372,0.07115603253145641
burst__rate_per_min__central_alpha,Вспышки · rate per min · central alpha,burst,Вспышки,3,6.666666666666667,4,0.0,0.0,Логистическая регрессия; Случайный лес; SVM с RBF-ядром,0.5329861111111112,0.09423014288682256,0.09423014288682256,0.5731495012396656
burst__rate_per_min__central_beta,Вспышки · rate per min · central beta,burst,Вспышки,3,6.666666666666667,4,0.0,0.0,Логистическая регрессия; Случайный лес; SVM с RBF-ядром,0.6320199275362319,0.3932576927086906,0.3932576927086906,0.009200543616758088
burst__rate_per_min__frontal_alpha,Вспышки · rate per min · frontal alpha,burst,Вспышки,3,6.666666666666667,4,0.0,0.0,Логистическая регрессия; Случайный лес; SVM с RBF-ядром,0.5055857487922705,-0.04445419253011053,0.04445419253011053,0.9234446970490824
burst__rate_per_min__frontal_beta,Вспышки · rate per min · frontal beta,burst,Вспышки,3,6.666666666666667,4,0.0,0.0,Логистическая регрессия; Случайный лес; SVM с RBF-ядром,0.6911986714975845,0.6772754937316076,0.6772754937316076,0.00010557858266265326
burst__rate_per_min__occipital_alpha,Вспышки · rate per min · occipital alpha,burst,Вспышки,3,6.666666666666667,4,0.0,0.0,Логистическая регрессия; Случайный лес; SVM с RBF-ядром,0.5071708937198068,-0.02459786894657033,0.02459786894657033,0.9133038647402824
burst__rate_per_min__occipital_beta,Вспышки · rate per min · occipital beta,burst,Вспышки,3,6.666666666666667,4,0.0,0.0,Логистическая регрессия; Случайный лес; SVM с RBF-ядром,0.6831974637681159,0.6283257107284206,0.6283257107284206,0.00021225127040031306
burst__rate_per_min__parietal_alpha,Вспышки · rate per min · parietal alpha,burst,Вспышки,3,6.666666666666667,4,0.0,0.0,Логистическая регрессия; Случайный лес; SVM с RBF-ядром,0.5070199275362319,-0.03611791198672944,0.03611791198672944,0.9133038647402824
burst__rate_per_min__parietal_beta,Вспышки · rate per min · parietal beta,burst,Вспышки,3,6.666666666666667,4,0.0,0.0,Логистическая регрессия; Случайный лес; SVM с RBF-ядром,0.7048611111111113,0.7469014001846134,0.7469014001846134,3.135770660242065e-05
burst__rate_per_min__temporal_alpha,Вспышки · rate per min · temporal alpha,burst,Вспышки,3,6.666666666666667,4,0.0,0.0,Логистическая регрессия; Случайный лес; SVM с RBF-ядром,0.50618961352657,0.007913370247565353,0.007913370247565353,0.9206781349717538
conn__asymmetry__dtf_alpha,Связность · asymmetry · dtf alpha,conn,Связность,3,6.666666666666667,4,0.0,0.0,Логистическая регрессия; Случайный лес; SVM с RBF-ядром,0.5452898550724637,-0.15872519883511635,0.15872519883511635,0.43668117604977896
conn__asymmetry__dtf_delta,Связность · asymmetry · dtf delta,conn,Связность,3,6.666666666666667,4,0.0,0.0,Логистическая регрессия; Случайный лес; SVM с RBF-ядром,0.6606280193236715,-0.527881446070004,0.527881446070004,0.0012971154870118273
conn__asymmetry__dtf_theta,Связность · asymmetry · dtf theta,conn,Связность,3,6.666666666666667,4,0.0,0.0,Логистическая регрессия; Случайный лес; SVM с RBF-ядром,0.5727657004830917,-0.20124189731619171,0.20124189731619171,0.17863274766693063
conn__asymmetry__pdc_alpha,Связность · asymmetry · pdc alpha,conn,Связность,3,6.666666666666667,4,0.0,0.0,Логистическая регрессия; Случайный лес; SVM с RBF-ядром,0.6710446859903383,-0.6024872606759792,0.6024872606759792,0.0005745997247645832
conn__asymmetry__pdc_beta,Связность · asymmetry · pdc beta,conn,Связность,3,6.666666666666667,4,0.0,0.0,Логистическая регрессия; Случайный лес; SVM с RBF-ядром,0.7311292270531401,-0.8548326794879458,0.8548326794879458,2.339293452112127e-06
conn__asymmetry__pdc_delta,Связность · asymmetry · pdc delta,conn,Связность,3,6.666666666666667,4,0.0,0.0,Логистическая регрессия; Случайный лес; SVM с RBF-ядром,0.6594202898550725,-0.5575351161724661,0.5575351161724661,0.0014047385242273208
conn__asymmetry__pdc_theta,Связность · asymmetry · pdc theta,conn,Связность,3,6.666666666666667,4,0.0,0.0,Логистическая регрессия; Случайный лес; SVM с RBF-ядром,0.643719806763285,-0.44180950633891797,0.44180950633891797,0.0044803806464735535
conn__clustering__coh_alpha,Связность · clustering · coh alpha,conn,Связность,3,6.666666666666667,4,0.0,0.0,Логистическая регрессия; Случайный лес; SVM с RBF-ядром,0.594957729468599,-0.34067935029167074,0.34067935029167074,0.07128153739714602
conn__clustering__coh_beta,Связность · clustering · coh beta,conn,Связность,3,6.666666666666667,4,0.0,0.0,Логистическая регрессия; Случайный лес; SVM с RBF-ядром,0.7081823671497585,-0.6260046939048262,0.6260046939048262,2.2913079642446245e-05
conn__clustering__coh_theta,Связность · clustering · coh theta,conn,Связность,3,6.666666666666667,4,0.0,0.0,Логистическая регрессия; Случайный лес; SVM с RBF-ядром,0.7823067632850241,-0.6759977867116944,0.6759977867116944,1.060044940206294e-08
conn__clustering__dtf_alpha,Связность · clustering · dtf alpha,conn,Связность,3,6.666666666666667,4,0.0,0.0,Логистическая регрессия; Случайный лес; SVM с RBF-ядром,0.536382850241546,-0.16280146817569988,0.16280146817569988,0.5310075794986413
conn__clustering__dtf_beta,Связность · clustering · dtf beta,conn,Связность,3,6.666666666666667,4,0.0,0.0,Логистическая регрессия; Случайный лес; SVM с RBF-ядром,0.5939009661835748,-0.33693674320013606,0.33693674320013606,0.07448257699005761
conn__clustering__dtf_delta,Связность · clustering · dtf delta,conn,Связность,3,6.666666666666667,4,0.0,0.0,Логистическая регрессия; Случайный лес; SVM с RBF-ядром,0.5726147342995169,0.24511613762682807,0.24511613762682807,0.1788751369977955
conn__clustering__dtf_theta,Связность · clustering · dtf theta,conn,Связность,3,6.666666666666667,4,0.0,0.0,Логистическая регрессия; Случайный лес; SVM с RBF-ядром,0.6349637681159421,-0.39649315503371446,0.39649315503371446,0.007599951970187982
conn__clustering__imcoh_alpha,Связность · clustering · imcoh alpha,conn,Связность,3,6.666666666666667,4,0.0,0.0,Логистическая регрессия; Случайный лес; SVM с RBF-ядром,0.5760869565217391,0.27876468735856674,0.27876468735856674,0.15718136129058696
conn__clustering__imcoh_beta,Связность · clustering · imcoh beta,conn,Связность,3,6.666666666666667,4,0.0,0.0,Логистическая регрессия; Случайный лес; SVM с RBF-ядром,0.5095108695652174,0.04634599637783426,0.04634599637783426,0.8889179433985436
conn__clustering__imcoh_delta,Связность · clustering · imcoh delta,conn,Связность,3,6.666666666666667,4,0.0,0.0,Логистическая регрессия; Случайный лес; SVM с RBF-ядром,0.5845410628019324,-0.17787856931952037,0.17787856931952037,0.11325369154373108
conn__clustering__imcoh_theta,Связность · clustering · imcoh theta,conn,Связность,3,6.666666666666667,4,0.0,0.0,Логистическая регрессия; Случайный лес; SVM с RBF-ядром,0.5443840579710145,-0.09315814232539292,0.09315814232539292,0.4439991755546856
conn__clustering__pdc_alpha,Связность · clustering · pdc alpha,conn,Связность,3,6.666666666666667,4,0.0,0.0,Логистическая регрессия; Случайный лес; SVM с RBF-ядром,0.6917270531400965,0.7060071018433022,0.7060071018433022,0.00010172016532500981
conn__clustering__pdc_delta,Связность · clustering · pdc delta,conn,Связность,3,6.666666666666667,4,0.0,0.0,Логистическая регрессия; Случайный лес; SVM с RBF-ядром,0.7027475845410629,0.731526152725907,0.731526152725907,3.786670115211413e-05
conn__clustering__pdc_theta,Связность · clustering · pdc theta,conn,Связность,3,6.666666666666667,4,0.0,0.0,Логистическая регрессия; Случайный лес; SVM с RBF-ядром,0.7032004830917875,0.7278333162608164,0.7278333162608164,3.6684449950982584e-05
conn__clustering__plv_alpha,Связность · clustering · plv alpha,conn,Связность,3,6.666666666666667,4,0.0,0.0,Логистическая регрессия; Случайный лес; SVM с RBF-ядром,0.7089371980676329,-0.7625490190397487,0.7625490190397487,2.15002107314398e-05
conn__clustering__plv_beta,Связность · clustering · plv beta,conn,Связность,3,6.666666666666667,4,0.0,0.0,Логистическая регрессия; Случайный лес; SVM с RBF-ядром,0.6779891304347826,-0.5645545739450836,0.5645545739450836,0.00033092093832086655
conn__clustering__plv_delta,Связность · clustering · plv delta,conn,Связность,3,6.666666666666667,4,0.0,0.0,Логистическая регрессия; Случайный лес; SVM с RBF-ядром,0.751358695652174,-0.8560275978972943,0.8560275978972943,2.564100496774705e-07
conn__clustering__wpli_alpha,Связность · clustering · wpli alpha,conn,Связность,3,6.666666666666667,4,0.0,0.0,Логистическая регрессия; Случайный лес; SVM с RBF-ядром,0.5635567632850242,0.21453108438693985,0.21453108438693985,0.24797105267090194
conn__clustering__wpli_beta,Связность · clustering · wpli beta,conn,Связность,3,6.666666666666667,4,0.0,0.0,Логистическая регрессия; Случайный лес; SVM с RBF-ядром,0.5016606280193237,0.035653423379061404,0.035653423379061404,0.9781268807447249
conn__clustering__wpli_delta,Связность · clustering · wpli delta,conn,Связность,3,6.666666666666667,4,0.0,0.0,Логистическая регрессия; Случайный лес; SVM с RBF-ядром,0.5042270531400965,0.04840355081120271,0.04840355081120271,0.9430087225974321
conn__clustering__wpli_theta,Связность · clustering · wpli theta,conn,Связность,3,6.666666666666667,4,0.0,0.0,Логистическая регрессия; Случайный лес; SVM с RBF-ядром,0.5229468599033817,0.018250617715485765,0.018250617715485765,0.7069666487126433
conn__global_efficiency__coh_alpha,Связность · global efficiency · coh alpha,conn,Связность,3,6.666666666666667,4,0.0,0.0,Логистическая регрессия; Случайный лес; SVM с RBF-ядром,0.5380434782608695,-0.13501511989747575,0.13501511989747575,0.5113130472991942
conn__global_efficiency__coh_beta,Связность · global efficiency · coh beta,conn,Связность,3,6.666666666666667,4,0.0,0.0,Логистическая регрессия; Случайный лес; SVM с RBF-ядром,0.5951086956521738,-0.3082282748017654,0.3082282748017654,0.07115603253145641
conn__global_efficiency__coh_delta,Связность · global efficiency · coh delta,conn,Связность,3,6.666666666666667,4,0.0,0.0,Логистическая регрессия; Случайный лес; SVM с RBF-ядром,0.6372282608695652,-0.21837651965054147,0.21837651965054147,0.006622887243244912
conn__global_efficiency__coh_theta,Связность · global efficiency · coh theta,conn,Связность,3,6.666666666666667,4,0.0,0.0,Логистическая регрессия; Случайный лес; SVM с RBF-ядром,0.6953502415458936,-0.5173496706386319,0.5173496706386319,7.32437509495424e-05
conn__global_efficiency__dtf_alpha,Связность · global efficiency · dtf alpha,conn,Связность,3,6.666666666666667,4,0.0,0.0,Логистическая регрессия; Случайный лес; SVM с RBF-ядром,0.5442330917874396,0.20180125568883753,0.20180125568883753,0.444239793890891
conn__global_efficiency__dtf_beta,Связность · global efficiency · dtf beta,conn,Связность,3,6.666666666666667,4,0.0,0.0,Логистическая регрессия; Случайный лес; SVM с RBF-ядром,0.6565519323671498,0.5628229382193644,0.5628229382193644,0.0017408899993743524
conn__global_efficiency__dtf_delta,Связность · global efficiency · dtf delta,conn,Связность,3,6.666666666666667,4,0.0,0.0,Логистическая регрессия; Случайный лес; SVM с RBF-ядром,0.6784420289855072,0.7063958136276363,0.7063958136276363,0.0003213154753041255
conn__global_efficiency__dtf_theta,Связность · global efficiency · dtf theta,conn,Связность,3,6.666666666666667,4,0.0,0.0,Логистическая регрессия; Случайный лес; SVM с RBF-ядром,0.6397946859903382,0.4788948398884144,0.4788948398884144,0.005684653316189468
conn__global_efficiency__imcoh_alpha,Связность · global efficiency · imcoh alpha,conn,Связность,3,6.666666666666667,4,0.0,0.0,Логистическая регрессия; Случайный лес; SVM с RBF-ядром,0.5904287439613527,0.2087716610551062,0.2087716610551062,0.0861467120195225
conn__global_efficiency__imcoh_beta,Связность · global efficiency · imcoh beta,conn,Связность,3,6.666666666666667,4,0.0,0.0,Логистическая регрессия; Случайный лес; SVM с RBF-ядром,0.5532910628019324,0.1693910997812889,0.1693910997812889,0.34264523856958323
conn__global_efficiency__imcoh_delta,Связность · global efficiency · imcoh delta,conn,Связность,3,6.666666666666667,4,0.0,0.0,Логистическая регрессия; Случайный лес; SVM с RBF-ядром,0.5271739130434783,0.19999581180803505,0.19999581180803505,0.6486462515998589
conn__global_efficiency__imcoh_theta,Связность · global efficiency · imcoh theta,conn,Связность,3,6.666666666666667,4,0.0,0.0,Логистическая регрессия; Случайный лес; SVM с RBF-ядром,0.5303442028985507,0.15721167485542914,0.15721167485542914,0.6093668469990748
conn__global_efficiency__pdc_alpha,Связность · global efficiency · pdc alpha,conn,Связность,3,6.666666666666667,4,0.0,0.0,Логистическая регрессия; Случайный лес; SVM с RBF-ядром,0.728713768115942,-0.9096515882681813,0.9096515882681813,2.9152581611577396e-06
conn__global_efficiency__pdc_beta,Связность · global efficiency · pdc beta,conn,Связность,3,6.666666666666667,4,0.0,0.0,Логистическая регрессия; Случайный лес; SVM с RBF-ядром,0.7604166666666666,-0.9503946936191081,0.9503946936191081,1.0405153377480859e-07
conn__global_efficiency__pdc_delta,Связность · global efficiency · pdc delta,conn,Связность,3,6.666666666666667,4,0.0,0.0,Логистическая регрессия; Случайный лес; SVM с RBF-ядром,0.6680253623188406,-0.5371713926740077,0.5371713926740077,0.000723383933224436
conn__global_efficiency__pdc_theta,Связность · global efficiency · pdc theta,conn,Связность,3,6.666666666666667,4,0.0,0.0,Логистическая регрессия; Случайный лес; SVM с RBF-ядром,0.7066727053140096,-0.7381213535840112,0.7381213535840112,2.6415008805383042e-05
conn__global_efficiency__plv_alpha,Связность · global efficiency · plv alpha,conn,Связность,3,6.666666666666667,4,0.0,0.0,Логистическая регрессия; Случайный лес; SVM с RBF-ядром,0.5914855072463768,-0.3465130745062837,0.3465130745062837,0.08304243810656968
conn__global_efficiency__plv_beta,Связность · global efficiency · plv beta,conn,Связность,3,6.666666666666667,4,0.0,0.0,Логистическая регрессия; Случайный лес; SVM с RBF-ядром,0.5854468599033816,-0.25943685305865,0.25943685305865,0.10893312860620195
conn__global_efficiency__plv_delta,Связность · global efficiency · plv delta,conn,Связность,3,6.666666666666667,4,0.0,0.0,Логистическая регрессия; Случайный лес; SVM с RBF-ядром,0.7118055555555556,-0.7588676551431861,0.7588676551431861,1.6389393304197328e-05
conn__global_efficiency__wpli_alpha,Связность · global efficiency · wpli alpha,conn,Связность,3,6.666666666666667,4,0.0,0.0,Логистическая регрессия; Случайный лес; SVM с RBF-ядром,0.5567632850241545,0.18690177684070078,0.18690177684070078,0.3083828708154096
conn__global_efficiency__wpli_beta,Связность · global efficiency · wpli beta,conn,Связность,3,6.666666666666667,4,0.0,0.0,Логистическая регрессия; Случайный лес; SVM с RBF-ядром,0.5158514492753623,0.07665420772554689,0.07665420772554689,0.7920936996839222
conn__global_efficiency__wpli_delta,Связность · global efficiency · wpli delta,conn,Связность,3,6.666666666666667,4,0.0,0.0,Логистическая регрессия; Случайный лес; SVM с RBF-ядром,0.5923913043478262,-0.09050811814297026,0.09050811814297026,0.07968145524756866
conn__global_efficiency__wpli_theta,Связность · global efficiency · wpli theta,conn,Связность,3,6.666666666666667,4,0.0,0.0,Логистическая регрессия; Случайный лес; SVM с RBF-ядром,0.5397041062801933,-0.04956127252836655,0.04956127252836655,0.49400963401204123
conn__hub_z_max__coh_alpha,Связность · hub z max · coh alpha,conn,Связность,3,6.666666666666667,4,0.0,0.0,Логистическая регрессия; Случайный лес; SVM с RBF-ядром,0.63737922705314,-0.4546470292021562,0.4546470292021562,0.00660650512762274
conn__hub_z_max__coh_beta,Связность · hub z max · coh beta,conn,Связность,3,6.666666666666667,4,0.0,0.0,Логистическая регрессия; Случайный лес; SVM с RBF-ядром,0.6077898550724639,-0.39919101321345773,0.39919101321345773,0.03789579633892614
conn__hub_z_max__coh_delta,Связность · hub z max · coh delta,conn,Связность,3,6.666666666666667,4,0.0,0.0,Логистическая регрессия; Случайный лес; SVM с RBF-ядром,0.7586050724637682,-0.9479797066387464,0.9479797066387464,1.273752812803653e-07
conn__hub_z_max__coh_theta,Связность · hub z max · coh theta,conn,Связность,3,6.666666666666667,4,0.0,0.0,Логистическая регрессия; Случайный лес; SVM с RBF-ядром,0.6195652173913044,-0.4319562647187622,0.4319562647187622,0.020114188352587374
conn__hub_z_max__dtf_alpha,Связность · hub z max · dtf alpha,conn,Связность,3,6.666666666666667,4,0.0,0.0,Логистическая регрессия; Случайный лес; SVM с RBF-ядром,0.5827294685990339,0.1743422692196532,0.1743422692196532,0.12159429283756422
conn__hub_z_max__dtf_beta,Связность · hub z max · dtf beta,conn,Связность,3,6.666666666666667,4,0.0,0.0,Логистическая регрессия; Случайный лес; SVM с RBF-ядром,0.6680253623188407,0.5017063018020019,0.5017063018020019,0.000723383933224436
conn__hub_z_max__dtf_delta,Связность · hub z max · dtf delta,conn,Связность,3,6.666666666666667,4,0.0,0.0,Логистическая регрессия; Случайный лес; SVM с RBF-ядром,0.7916666666666666,1.1237997120696217,1.1237997120696217,3.350658889958353e-09
conn__hub_z_max__dtf_theta,Связность · hub z max · dtf theta,conn,Связность,3,6.666666666666667,4,0.0,0.0,Логистическая регрессия; Случайный лес; SVM с RBF-ядром,0.6644021739130435,0.484558757326689,0.484558757326689,0.000955452120661262
conn__hub_z_max__imcoh_alpha,Связность · hub z max · imcoh alpha,conn,Связность,3,6.666666666666667,4,0.0,0.0,Логистическая регрессия; Случайный лес; SVM с RBF-ядром,0.5744263285024155,0.24620815750659047,0.24620815750659047,0.16674884325072636
conn__hub_z_max__imcoh_beta,Связность · hub z max · imcoh beta,conn,Связность,3,6.666666666666667,4,0.0,0.0,Логистическая регрессия; Случайный лес; SVM с RBF-ядром,0.5760869565217391,0.1874685331589951,0.1874685331589951,0.15718136129058696
conn__hub_z_max__imcoh_delta,Связность · hub z max · imcoh delta,conn,Связность,3,6.666666666666667,4,0.0,0.0,Логистическая регрессия; Случайный лес; SVM с RBF-ядром,0.5774456521739131,0.25148983122483654,0.25148983122483654,0.15011883062131826
conn__hub_z_max__imcoh_theta,Связность · hub z max · imcoh theta,conn,Связность,3,6.666666666666667,4,0.0,0.0,Логистическая регрессия; Случайный лес; SVM с RBF-ядром,0.6159420289855073,0.3822802016970218,0.3822802016970218,0.024628500205664174
conn__hub_z_max__pdc_alpha,Связность · hub z max · pdc alpha,conn,Связность,3,6.666666666666667,4,0.0,0.0,Логистическая регрессия; Случайный лес; SVM с RBF-ядром,0.7178442028985508,-0.7888993830744875,0.7888993830744875,9.139231865164977e-06
conn__hub_z_max__pdc_beta,Связность · hub z max · pdc beta,conn,Связность,3,6.666666666666667,4,0.0,0.0,Логистическая регрессия; Случайный лес; SVM с RBF-ядром,0.7004830917874396,-0.759152883308247,0.759152883308247,4.6986010333871664e-05
conn__hub_z_max__pdc_delta,Связность · hub z max · pdc delta,conn,Связность,3,6.666666666666667,4,0.0,0.0,Логистическая регрессия; Случайный лес; SVM с RBF-ядром,0.5608393719806763,-0.2550853936069622,0.2550853936069622,0.2712138493887824
conn__hub_z_max__pdc_theta,Связность · hub z max · pdc theta,conn,Связность,3,6.666666666666667,4,0.0,0.0,Логистическая регрессия; Случайный лес; SVM с RBF-ядром,0.6710446859903382,-0.5938876305030034,0.5938876305030034,0.0005745997247645832
conn__hub_z_max__plv_alpha,Связность · hub z max · plv alpha,conn,Связность,3,6.666666666666667,4,0.0,0.0,Логистическая регрессия; Случайный лес; SVM с RBF-ядром,0.6770833333333333,-0.6960530067314463,0.6960530067314463,0.00035507917578457023
conn__hub_z_max__plv_theta,Связность · hub z max · plv theta,conn,Связность,3,6.666666666666667,4,0.0,0.0,Логистическая регрессия; Случайный лес; SVM с RBF-ядром,0.7118055555555556,-0.8200868154459982,0.8200868154459982,1.6389393304197328e-05
conn__hub_z_max__wpli_alpha,Связность · hub z max · wpli alpha,conn,Связность,3,6.666666666666667,4,0.0,0.0,Логистическая регрессия; Случайный лес; SVM с RBF-ядром,0.5208333333333334,-0.08274635458901898,0.08274635458901898,0.7337039163986097
conn__hub_z_max__wpli_beta,Связность · hub z max · wpli beta,conn,Связность,3,6.666666666666667,4,0.0,0.0,Логистическая регрессия; Случайный лес; SVM с RBF-ядром,0.532457729468599,-0.14053173588171766,0.14053173588171766,0.5788215297773739
conn__hub_z_max__wpli_delta,Связность · hub z max · wpli delta,conn,Связность,3,6.666666666666667,4,0.0,0.0,Логистическая регрессия; Случайный лес; SVM с RBF-ядром,0.5806159420289855,0.2440608678276372,0.2440608678276372,0.13229882163452825
conn__hub_z_max__wpli_theta,Связность · hub z max · wpli theta,conn,Связность,3,6.666666666666667,4,0.0,0.0,Логистическая регрессия; Случайный лес; SVM с RBF-ядром,0.5794082125603865,0.24302186843490012,0.24302186843490012,0.13929487275287358
conn__mean_strength__coh_alpha,Связность · mean strength · coh alpha,conn,Связность,3,6.666666666666667,4,0.0,0.0,Логистическая регрессия; Случайный лес; SVM с RBF-ядром,0.5229468599033817,-0.07171410751663106,0.07171410751663106,0.7069666487126433
conn__mean_strength__coh_beta,Связность · mean strength · coh beta,conn,Связность,3,6.666666666666667,4,0.0,0.0,Логистическая регрессия; Случайный лес; SVM с RBF-ядром,0.5394021739130435,-0.1372701047936523,0.1372701047936523,0.4965649559988991
conn__mean_strength__coh_delta,Связность · mean strength · coh delta,conn,Связность,3,6.666666666666667,4,0.0,0.0,Логистическая регрессия; Случайный лес; SVM с RBF-ядром,0.5427234299516908,0.02309091076731833,0.02309091076731833,0.46462591643146794
conn__mean_strength__coh_theta,Связность · mean strength · coh theta,conn,Связность,3,6.666666666666667,4,0.0,0.0,Логистическая регрессия; Случайный лес; SVM с RBF-ядром,0.6487016908212561,-0.3034490164493696,0.3034490164493696,0.0030918589661837323
conn__mean_strength__dtf_alpha,Связность · mean strength · dtf alpha,conn,Связность,3,6.666666666666667,4,0.0,0.0,Логистическая регрессия; Случайный лес; SVM с RBF-ядром,0.5172101449275363,-0.03667795046351344,0.03667795046351344,0.779088109719374
conn__mean_strength__dtf_beta,Связность · mean strength · dtf beta,conn,Связность,3,6.666666666666667,4,0.0,0.0,Логистическая регрессия; Случайный лес; SVM с RBF-ядром,0.6002415458937198,0.3718226426628849,0.3718226426628849,0.05582486577578918
conn__mean_strength__dtf_delta,Связность · mean strength · dtf delta,conn,Связность,3,6.666666666666667,4,0.0,0.0,Логистическая регрессия; Случайный лес; SVM с RBF-ядром,0.6364734299516908,0.5229872823225812,0.5229872823225812,0.006935044940199537
conn__mean_strength__dtf_theta,Связность · mean strength · dtf theta,conn,Связность,3,6.666666666666667,4,0.0,0.0,Логистическая регрессия; Случайный лес; SVM с RBF-ядром,0.5748792270531402,0.24798230431379897,0.24798230431379897,0.16425883805574149
conn__mean_strength__imcoh_alpha,Связность · mean strength · imcoh alpha,conn,Связность,3,6.666666666666667,4,0.0,0.0,Логистическая регрессия; Случайный лес; SVM с RBF-ядром,0.5872584541062803,0.2243541120614461,0.2243541120614461,0.10068590556321862
conn__mean_strength__imcoh_beta,Связность · mean strength · imcoh beta,conn,Связность,3,6.666666666666667,4,0.0,0.0,Логистическая регрессия; Случайный лес; SVM с RBF-ядром,0.5493659420289855,0.16876355108337224,0.16876355108337224,0.3834220342955166
conn__mean_strength__imcoh_delta,Связность · mean strength · imcoh delta,conn,Связность,3,6.666666666666667,4,0.0,0.0,Логистическая регрессия; Случайный лес; SVM с RBF-ядром,0.5422705314009661,0.17851035390331926,0.17851035390331926,0.46734863292265855
conn__mean_strength__imcoh_theta,Связность · mean strength · imcoh theta,conn,Связность,3,6.666666666666667,4,0.0,0.0,Логистическая регрессия; Случайный лес; SVM с RBF-ядром,0.5131340579710145,0.13768270034619853,0.13768270034619853,0.8322778844028988
conn__mean_strength__plv_alpha,Связность · mean strength · plv alpha,conn,Связность,3,6.666666666666667,4,0.0,0.0,Логистическая регрессия; Случайный лес; SVM с RBF-ядром,0.5641606280193237,-0.24814059186328388,0.24814059186328388,0.24458978399365292
conn__mean_strength__plv_beta,Связность · mean strength · plv beta,conn,Связность,3,6.666666666666667,4,0.0,0.0,Логистическая регрессия; Случайный лес; SVM с RBF-ядром,0.5259661835748792,-0.08541101068623999,0.08541101068623999,0.6644624127369835
conn__mean_strength__plv_delta,Связность · mean strength · plv delta,conn,Связность,3,6.666666666666667,4,0.0,0.0,Логистическая регрессия; Случайный лес; SVM с RBF-ядром,0.6174516908212561,-0.43853932679834223,0.43853932679834223,0.022678812915117683
conn__mean_strength__plv_theta,Связность · mean strength · plv theta,conn,Связность,3,6.666666666666667,4,0.0,0.0,Логистическая регрессия; Случайный лес; SVM с RBF-ядром,0.7361111111111112,-0.7592799904636308,0.7592799904636308,1.451464729315164e-06
conn__mean_strength__wpli_alpha,Связность · mean strength · wpli alpha,conn,Связность,3,6.666666666666667,4,0.0,0.0,Логистическая регрессия; Случайный лес; SVM с RBF-ядром,0.5566123188405797,0.18824583007253498,0.18824583007253498,0.3086712806791858
conn__mean_strength__wpli_beta,Связность · mean strength · wpli beta,conn,Связность,3,6.666666666666667,4,0.0,0.0,Логистическая регрессия; Случайный лес; SVM с RBF-ядром,0.5214371980676329,0.09175925142751674,0.09175925142751674,0.7256723510508765
conn__mean_strength__wpli_delta,Связность · mean strength · wpli delta,conn,Связность,3,6.666666666666667,4,0.0,0.0,Логистическая регрессия; Случайный лес; SVM с RBF-ядром,0.5910326086956521,-0.0620125335510816,0.0620125335510816,0.08450735479760889
conn__mean_strength__wpli_theta,Связность · mean strength · wpli theta,conn,Связность,3,6.666666666666667,4,0.0,0.0,Логистическая регрессия; Случайный лес; SVM с RBF-ядром,0.5422705314009661,-0.040957065660495354,0.040957065660495354,0.46734863292265855
conn__modularity__coh_alpha,Связность · modularity · coh alpha,conn,Связность,3,6.666666666666667,4,0.0,0.0,Логистическая регрессия; Случайный лес; SVM с RBF-ядром,0.5461956521739131,-0.1776041506835519,0.1776041506835519,0.37379626127918475
conn__modularity__coh_beta,Связность · modularity · coh beta,conn,Связность,3,6.666666666666667,4,0.0,0.0,Логистическая регрессия; Случайный лес; SVM с RBF-ядром,0.5158514492753623,-0.11270016722043322,0.11270016722043322,0.7527703665468083
conn__modularity__coh_delta,Связность · modularity · coh delta,conn,Связность,3,6.666666666666667,4,0.0,0.0,Логистическая регрессия; Случайный лес; SVM с RBF-ядром,0.5661986714975846,-0.3267003665003252,0.3267003665003252,0.16076693742708625
conn__modularity__coh_theta,Связность · modularity · coh theta,conn,Связность,3,6.666666666666667,4,0.0,0.0,Логистическая регрессия; Случайный лес; SVM с RBF-ядром,0.5237771739130435,-0.20622622045587138,0.20622622045587138,0.6148532915441272
conn__modularity__dtf_alpha,Связность · modularity · dtf alpha,conn,Связность,3,6.666666666666667,4,0.0,0.0,Логистическая регрессия; Случайный лес; SVM с RBF-ядром,0.5336654589371981,0.24085793530666336,0.24085793530666336,0.4805227096383408
conn__modularity__dtf_beta,Связность · modularity · dtf beta,conn,Связность,3,6.666666666666667,4,0.0,0.0,Логистическая регрессия; Случайный лес; SVM с RBF-ядром,0.632397342995169,-0.48300312549203617,0.48300312549203617,0.0022209600970918594
conn__modularity__dtf_delta,Связность · modularity · dtf delta,conn,Связность,3,6.666666666666667,4,0.0,0.0,Логистическая регрессия; Случайный лес; SVM с RBF-ядром,0.5828804347826086,-0.26881044568752394,0.26881044568752394,0.04617260730722476
conn__modularity__dtf_theta,Связность · modularity · dtf theta,conn,Связность,3,6.666666666666667,4,0.0,0.0,Логистическая регрессия; Случайный лес; SVM с RBF-ядром,0.5252113526570048,0.01740458762058316,0.01740458762058316,0.6175820015122184
conn__modularity__imcoh_alpha,Связность · modularity · imcoh alpha,conn,Связность,3,6.666666666666667,4,0.0,0.0,Логистическая регрессия; Случайный лес; SVM с RBF-ядром,0.535024154589372,0.17243701265564562,0.17243701265564562,0.5112602887691782
conn__modularity__imcoh_beta,Связность · modularity · imcoh beta,conn,Связность,3,6.666666666666667,4,0.0,0.0,Логистическая регрессия; Случайный лес; SVM с RBF-ядром,0.5746527777777777,0.31496294107692485,0.31496294107692485,0.13115190837868299
conn__modularity__imcoh_delta,Связность · modularity · imcoh delta,conn,Связность,3,6.666666666666667,4,0.0,0.0,Логистическая регрессия; Случайный лес; SVM с RBF-ядром,0.5102657004830918,0.14984613913041228,0.14984613913041228,0.8578096027521256
conn__modularity__imcoh_theta,Связность · modularity · imcoh theta,conn,Связность,3,6.666666666666667,4,0.0,0.0,Логистическая регрессия; Случайный лес; SVM с RBF-ядром,0.6022041062801933,0.4255328330758985,0.4255328330758985,0.030842056128995675
conn__modularity__pdc_alpha,Связность · modularity · pdc alpha,conn,Связность,3,6.666666666666667,4,0.0,0.0,Логистическая регрессия; Случайный лес; SVM с RBF-ядром,0.5857487922705313,0.3535315875165304,0.3535315875165304,0.05795020717588409
conn__modularity__pdc_beta,Связность · modularity · pdc beta,conn,Связность,3,6.666666666666667,4,0.0,0.0,Логистическая регрессия; Случайный лес; SVM с RBF-ядром,0.5595561594202898,0.2636551989328145,0.2636551989328145,0.1916248763109149
conn__modularity__pdc_delta,Связность · modularity · pdc delta,conn,Связность,3,6.666666666666667,4,0.0,0.0,Логистическая регрессия; Случайный лес; SVM с RBF-ядром,0.5825030193236714,-0.2616357485373202,0.2616357485373202,0.08602949891813245
conn__modularity__pdc_theta,Связность · modularity · pdc theta,conn,Связность,3,6.666666666666667,4,0.0,0.0,Логистическая регрессия; Случайный лес; SVM с RBF-ядром,0.5585748792270531,0.2572604950752862,0.2572604950752862,0.20499208290543403
conn__modularity__plv_alpha,Связность · modularity · plv alpha,conn,Связность,3,6.666666666666667,4,0.0,0.0,Логистическая регрессия; Случайный лес; SVM с RBF-ядром,0.5166817632850241,-0.08198203672600325,0.08198203672600325,0.7656362127474012
conn__modularity__plv_beta,Связность · modularity · plv beta,conn,Связность,3,6.666666666666667,4,0.0,0.0,Логистическая регрессия; Случайный лес; SVM с RBF-ядром,0.5076992753623188,-0.0239058632174708,0.0239058632174708,0.8895870568226811
conn__modularity__plv_delta,Связность · modularity · plv delta,conn,Связность,3,6.666666666666667,4,0.0,0.0,Логистическая регрессия; Случайный лес; SVM с RBF-ядром,0.5597826086956521,-0.3470383577586019,0.3470383577586019,0.15011883062131826
conn__modularity__plv_theta,Связность · modularity · plv theta,conn,Связность,3,6.666666666666667,4,0.0,0.0,Логистическая регрессия; Случайный лес; SVM с RBF-ядром,0.5040006038647343,0.014196427517787234,0.014196427517787234,0.9234446970490824
conn__modularity__wpli_alpha,Связность · modularity · wpli alpha,conn,Связность,3,6.666666666666667,4,0.0,0.0,Логистическая регрессия; Случайный лес; SVM с RBF-ядром,0.5258907004830918,0.25330523168781793,0.25330523168781793,0.5889834410825886
conn__modularity__wpli_beta,Связность · modularity · wpli beta,conn,Связность,3,6.666666666666667,4,0.0,0.0,Логистическая регрессия; Случайный лес; SVM с RBF-ядром,0.5000754830917875,0.10782513398674289,0.10782513398674289,1.0
conn__modularity__wpli_delta,Связность · modularity · wpli delta,conn,Связность,3,6.666666666666667,4,0.0,0.0,Логистическая регрессия; Случайный лес; SVM с RBF-ядром,0.5593297101449275,0.31339285112315196,0.31339285112315196,0.20988166152461404
conn__modularity__wpli_theta,Связность · modularity · wpli theta,conn,Связность,3,6.666666666666667,4,0.0,0.0,Логистическая регрессия; Случайный лес; SVM с RBF-ядром,0.5736714975845411,0.35462960296200824,0.35462960296200824,0.12498185754863855
conn__n_hubs__coh_alpha,Связность · n hubs · coh alpha,conn,Связность,3,6.666666666666667,4,0.0,0.0,Логистическая регрессия; Случайный лес; SVM с RBF-ядром,0.5486111111111112,-0.037264280384176326,0.037264280384176326,0.2694972502818494
conn__n_hubs__coh_beta,Связность · n hubs · coh beta,conn,Связность,3,6.666666666666667,4,0.0,0.0,Логистическая регрессия; Случайный лес; SVM с RBF-ядром,0.6086956521739131,-0.4929939727408689,0.4929939727408689,0.004887030099482809
conn__n_hubs__coh_delta,Связность · n hubs · coh delta,conn,Связность,3,6.666666666666667,4,0.0,0.0,Логистическая регрессия; Случайный лес; SVM с RBF-ядром,0.7225241545893719,-0.9643291397142586,0.9643291397142586,8.273645263685615e-08
conn__n_hubs__coh_theta,Связность · n hubs · coh theta,conn,Связность,3,6.666666666666667,4,0.0,0.0,Логистическая регрессия; Случайный лес; SVM с RBF-ядром,0.5971467391304348,-0.5104240897771009,0.5104240897771009,0.00597030260596377
conn__n_hubs__dtf_alpha,Связность · n hubs · dtf alpha,conn,Связность,3,6.666666666666667,4,0.0,0.0,Логистическая регрессия; Случайный лес; SVM с RBF-ядром,0.5026419082125604,-0.014911192598790016,0.014911192598790016,0.9133038647402824
conn__n_hubs__dtf_beta,Связность · n hubs · dtf beta,conn,Связность,3,6.666666666666667,4,0.0,0.0,Логистическая регрессия; Случайный лес; SVM с RBF-ядром,0.5031702898550725,-0.09972820585704745,0.09972820585704745,0.9188856021071853
conn__n_hubs__dtf_theta,Связность · n hubs · dtf theta,conn,Связность,3,6.666666666666667,4,0.0,0.0,Логистическая регрессия; Случайный лес; SVM с RBF-ядром,0.5092844202898551,-0.09455767169014667,0.09455767169014667,0.5562011686290798
conn__n_hubs__imcoh_beta,Связность · n hubs · imcoh beta,conn,Связность,3,6.666666666666667,4,0.0,0.0,Логистическая регрессия; Случайный лес; SVM с RBF-ядром,0.5086805555555556,-0.15350234057373213,0.15350234057373213,0.7860115068655762
conn__n_hubs__imcoh_delta,Связность · n hubs · imcoh delta,conn,Связность,3,6.666666666666667,4,0.0,0.0,Логистическая регрессия; Случайный лес; SVM с RBF-ядром,0.5384963768115942,-0.21506822091984812,0.21506822091984812,0.21206525762412815
conn__n_hubs__imcoh_theta,Связность · n hubs · imcoh theta,conn,Связность,3,6.666666666666667,4,0.0,0.0,Логистическая регрессия; Случайный лес; SVM с RBF-ядром,0.5312500000000001,0.1427190871390234,0.1427190871390234,0.30218907505178993
conn__n_hubs__pdc_alpha,Связность · n hubs · pdc alpha,conn,Связность,3,6.666666666666667,4,0.0,0.0,Логистическая регрессия; Случайный лес; SVM с RBF-ядром,0.5335899758454107,-0.2726429127438789,0.2726429127438789,0.20292029256268737
conn__n_hubs__pdc_beta,Связность · n hubs · pdc beta,conn,Связность,3,6.666666666666667,4,0.0,0.0,Логистическая регрессия; Случайный лес; SVM с RBF-ядром,0.5217391304347826,-0.11790258237406172,0.11790258237406172,0.35008303104166155
conn__n_hubs__pdc_delta,Связность · n hubs · pdc delta,conn,Связность,3,6.666666666666667,4,0.0,0.0,Логистическая регрессия; Случайный лес; SVM с RBF-ядром,0.5147192028985508,0.1671051667596157,0.1671051667596157,0.5446529078398751
conn__n_hubs__pdc_theta,Связность · n hubs · pdc theta,conn,Связность,3,6.666666666666667,4,0.0,0.0,Логистическая регрессия; Случайный лес; SVM с RBF-ядром,0.5534420289855072,-0.3790397329850952,0.3790397329850952,0.04663087540865663
conn__n_hubs__plv_alpha,Связность · n hubs · plv alpha,conn,Связность,3,6.666666666666667,4,0.0,0.0,Логистическая регрессия; Случайный лес; SVM с RBF-ядром,0.6022041062801933,-0.3189726877401155,0.3189726877401155,0.019088372495287293
conn__n_hubs__plv_beta,Связность · n hubs · plv beta,conn,Связность,3,6.666666666666667,4,0.0,0.0,Логистическая регрессия; Случайный лес; SVM с RBF-ядром,0.7003321256038647,-0.7873692003314003,0.7873692003314003,7.108471613003708e-06
conn__n_hubs__plv_delta,Связность · n hubs · plv delta,conn,Связность,3,6.666666666666667,4,0.0,0.0,Логистическая регрессия; Случайный лес; SVM с RBF-ядром,0.7298460144927537,-0.9662551376690595,0.9662551376690595,2.3302397740158756e-07
conn__n_hubs__plv_theta,Связность · n hubs · plv theta,conn,Связность,3,6.666666666666667,4,0.0,0.0,Логистическая регрессия; Случайный лес; SVM с RBF-ядром,0.6722524154589372,-0.6844531822057338,0.6844531822057338,5.019909548310007e-05
conn__n_hubs__wpli_alpha,Связность · n hubs · wpli alpha,conn,Связность,3,6.666666666666667,4,0.0,0.0,Логистическая регрессия; Случайный лес; SVM с RBF-ядром,0.5326086956521738,-0.2261677172937982,0.2261677172937982,0.47766832490667116
conn__n_hubs__wpli_beta,Связность · n hubs · wpli beta,conn,Связность,3,6.666666666666667,4,0.0,0.0,Логистическая регрессия; Случайный лес; SVM с RBF-ядром,0.5348731884057971,-0.2645757506832362,0.2645757506832362,0.43883982359967105
conn__n_hubs__wpli_delta,Связность · n hubs · wpli delta,conn,Связность,3,6.666666666666667,4,0.0,0.0,Логистическая регрессия; Случайный лес; SVM с RBF-ядром,0.5144927536231884,-0.036523364738346525,0.036523364738346525,0.7527703665468083
conn__n_hubs__wpli_theta,Связность · n hubs · wpli theta,conn,Связность,3,6.666666666666667,4,0.0,0.0,Логистическая регрессия; Случайный лес; SVM с RBF-ядром,0.5070954106280193,-0.10306620600844132,0.10306620600844132,0.8738703917055458
conn__small_worldness__coh_alpha,Связность · small worldness · coh alpha,conn,Связность,3,6.666666666666667,4,0.0,0.0,Логистическая регрессия; Случайный лес; SVM с RBF-ядром,0.5333635265700484,0.11741622525292482,0.11741622525292482,0.5708601753406319
conn__small_worldness__coh_beta,Связность · small worldness · coh beta,conn,Связность,3,6.666666666666667,4,0.0,0.0,Логистическая регрессия; Случайный лес; SVM с RBF-ядром,0.5264945652173914,0.14989768859159566,0.14989768859159566,0.6578513414105214
conn__small_worldness__coh_delta,Связность · small worldness · coh delta,conn,Связность,3,6.666666666666667,4,0.0,0.0,Логистическая регрессия; Случайный лес; SVM с RBF-ядром,0.5554045893719807,0.002861356367321625,0.002861356367321625,0.31993953002828046
conn__small_worldness__coh_theta,Связность · small worldness · coh theta,conn,Связность,3,6.666666666666667,4,0.0,0.0,Логистическая регрессия; Случайный лес; SVM с RBF-ядром,0.5288345410628019,0.09989564303476042,0.09989564303476042,0.6251912355527286
conn__small_worldness__dtf_beta,Связность · small worldness · dtf beta,conn,Связность,3,6.666666666666667,4,0.0,0.0,Логистическая регрессия; Случайный лес; SVM с RBF-ядром,0.557367149758454,0.3690721508590809,0.3690721508590809,0.2459038856121523
conn__small_worldness__dtf_delta,Связность · small worldness · dtf delta,conn,Связность,3,6.666666666666667,4,0.0,0.0,Логистическая регрессия; Случайный лес; SVM с RBF-ядром,0.6256038647342995,-0.255188850481779,0.255188850481779,0.007235492049488602
conn__small_worldness__dtf_theta,Связность · small worldness · dtf theta,conn,Связность,3,6.666666666666667,4,0.0,0.0,Логистическая регрессия; Случайный лес; SVM с RBF-ядром,0.5797101449275363,-0.12735337388559206,0.12735337388559206,0.103040190816027
conn__small_worldness__imcoh_alpha,Связность · small worldness · imcoh alpha,conn,Связность,3,6.666666666666667,4,0.0,0.0,Логистическая регрессия; Случайный лес; SVM с RBF-ядром,0.5107185990338164,0.02800973461677727,0.02800973461677727,0.8284253635361202
conn__small_worldness__imcoh_beta,Связность · small worldness · imcoh beta,conn,Связность,3,6.666666666666667,4,0.0,0.0,Логистическая регрессия; Случайный лес; SVM с RBF-ядром,0.522493961352657,0.10803950768089973,0.10803950768089973,0.6761237928349926
conn__small_worldness__imcoh_delta,Связность · small worldness · imcoh delta,conn,Связность,3,6.666666666666667,4,0.0,0.0,Логистическая регрессия; Случайный лес; SVM с RBF-ядром,0.5353260869565217,0.006731030330368189,0.006731030330368189,0.5079485354921288
conn__small_worldness__imcoh_theta,Связность · small worldness · imcoh theta,conn,Связность,3,6.666666666666667,4,0.0,0.0,Логистическая регрессия; Случайный лес; SVM с RBF-ядром,0.545138888888889,-0.0935913256005585,0.0935913256005585,0.3754756098290009
conn__small_worldness__pdc_alpha,Связность · small worldness · pdc alpha,conn,Связность,3,6.666666666666667,4,0.0,0.0,Логистическая регрессия; Случайный лес; SVM с RBF-ядром,0.5452898550724637,0.2764343272684014,0.2764343272684014,0.3292049842147881
conn__small_worldness__pdc_beta,Связность · small worldness · pdc beta,conn,Связность,3,6.666666666666667,4,0.0,0.0,Логистическая регрессия; Случайный лес; SVM с RBF-ядром,0.5916364734299517,0.4121230012732738,0.4121230012732738,0.030607519408875322
conn__small_worldness__pdc_theta,Связность · small worldness · pdc theta,conn,Связность,3,6.666666666666667,4,0.0,0.0,Логистическая регрессия; Случайный лес; SVM с RBF-ядром,0.5809178743961352,0.3763457683516663,0.3763457683516663,0.07649189767376882
conn__small_worldness__plv_alpha,Связность · small worldness · plv alpha,conn,Связность,3,6.666666666666667,4,0.0,0.0,Логистическая регрессия; Случайный лес; SVM с RBF-ядром,0.5188707729468598,0.0973441438228957,0.0973441438228957,0.754943811362359
conn__small_worldness__plv_beta,Связность · small worldness · plv beta,conn,Связность,3,6.666666666666667,4,0.0,0.0,Логистическая регрессия; Случайный лес; SVM с RBF-ядром,0.5406099033816426,0.21900364473247877,0.21900364473247877,0.4842856315198219
conn__small_worldness__plv_delta,Связность · small worldness · plv delta,conn,Связность,3,6.666666666666667,4,0.0,0.0,Логистическая регрессия; Случайный лес; SVM с RBF-ядром,0.5338919082125604,0.08083227735238362,0.08083227735238362,0.5644927921443645
conn__small_worldness__plv_theta,Связность · small worldness · plv theta,conn,Связность,3,6.666666666666667,4,0.0,0.0,Логистическая регрессия; Случайный лес; SVM с RBF-ядром,0.5155495169082125,0.12509433902602776,0.12509433902602776,0.7946508884325487
conn__small_worldness__wpli_alpha,Связность · small worldness · wpli alpha,conn,Связность,3,6.666666666666667,4,0.0,0.0,Логистическая регрессия; Случайный лес; SVM с RBF-ядром,0.5696708937198067,-0.11627613825986204,0.11627613825986204,0.18415186578747125
conn__small_worldness__wpli_beta,Связность · small worldness · wpli beta,conn,Связность,3,6.666666666666667,4,0.0,0.0,Логистическая регрессия; Случайный лес; SVM с RBF-ядром,0.5215881642512077,0.12518627574268898,0.12518627574268898,0.7140049052646532
conn__small_worldness__wpli_delta,Связность · small worldness · wpli delta,conn,Связность,3,6.666666666666667,4,0.0,0.0,Логистическая регрессия; Случайный лес; SVM с RBF-ядром,0.5318538647342995,-0.017918841042724117,0.017918841042724117,0.5731495012396656
conn__small_worldness__wpli_theta,Связность · small worldness · wpli theta,conn,Связность,3,6.666666666666667,4,0.0,0.0,Логистическая регрессия; Случайный лес; SVM с RBF-ядром,0.5341183574879227,-0.014678343825527069,0.014678343825527069,0.52871403020082
dfa__dfa_exp__central_alpha,DFA · DFA exp · central alpha,dfa,DFA,3,6.666666666666667,4,0.0,0.0,Логистическая регрессия; Случайный лес; SVM с RBF-ядром,0.712409420289855,0.8017442787829143,0.8017442787829143,1.5880804586671025e-05
dfa__dfa_exp__central_beta,DFA · DFA exp · central beta,dfa,DFA,3,6.666666666666667,4,0.0,0.0,Логистическая регрессия; Случайный лес; SVM с RBF-ядром,0.5523852657004831,0.16973080430835039,0.16973080430835039,0.35008303104166155
dfa__dfa_exp__frontal_alpha,DFA · DFA exp · frontal alpha,dfa,DFA,3,6.666666666666667,4,0.0,0.0,Логистическая регрессия; Случайный лес; SVM с RBF-ядром,0.7776268115942029,1.042285237626885,1.042285237626885,1.773608845775088e-08
dfa__dfa_exp__frontal_beta,DFA · DFA exp · frontal beta,dfa,DFA,3,6.666666666666667,4,0.0,0.0,Логистическая регрессия; Случайный лес; SVM с RBF-ядром,0.5403079710144928,0.12758984216710823,0.12758984216710823,0.4868250448257711
dfa__dfa_exp__occipital_alpha,DFA · DFA exp · occipital alpha,dfa,DFA,3,6.666666666666667,4,0.0,0.0,Логистическая регрессия; Случайный лес; SVM с RBF-ядром,0.7768719806763286,1.0969821672769275,1.0969821672769275,1.8684448023077503e-08
dfa__dfa_exp__occipital_beta,DFA · DFA exp · occipital beta,dfa,DFA,3,6.666666666666667,4,0.0,0.0,Логистическая регрессия; Случайный лес; SVM с RBF-ядром,0.6708937198067634,0.563525356739438,0.563525356739438,0.0005759837118191965
dfa__dfa_exp__parietal_alpha,DFA · DFA exp · parietal alpha,dfa,DFA,3,6.666666666666667,4,0.0,0.0,Логистическая регрессия; Случайный лес; SVM с RBF-ядром,0.7715881642512078,1.0199965450147548,1.0199965450147548,2.8325628684295765e-08
dfa__dfa_exp__parietal_beta,DFA · DFA exp · parietal beta,dfa,DFA,3,6.666666666666667,4,0.0,0.0,Логистическая регрессия; Случайный лес; SVM с RBF-ядром,0.6290760869565218,0.4503861776054617,0.4503861776054617,0.011197038351268068
dfa__dfa_exp__temporal_alpha,DFA · DFA exp · temporal alpha,dfa,DFA,3,6.666666666666667,4,0.0,0.0,Логистическая регрессия; Случайный лес; SVM с RBF-ядром,0.6769323671497585,0.5709800373884085,0.5709800373884085,0.0003558630254490465
dfa__dfa_exp__temporal_beta,DFA · DFA exp · temporal beta,dfa,DFA,3,6.666666666666667,4,0.0,0.0,Логистическая регрессия; Случайный лес; SVM с RBF-ядром,0.5202294685990339,0.03426026320377261,0.03426026320377261,0.7417404092559191
event__auc_abs_uvs,События · auc abs uvs,event,События,3,6.666666666666667,4,0.0,0.0,Логистическая регрессия; Случайный лес; SVM с RBF-ядром,0.7297705314009663,0.6729617247212687,0.6729617247212687,2.6824450885505375e-06
event__energy_uv2s,События · energy uv2s,event,События,3,6.666666666666667,4,0.0,0.0,Логистическая регрессия; Случайный лес; SVM с RBF-ядром,0.6592693236714976,0.4195080876406125,0.4195080876406125,0.001408345904366826
event__line_length_uv,События · line length uv,event,События,3,6.666666666666667,4,0.0,0.0,Логистическая регрессия; Случайный лес; SVM с RBF-ядром,0.8331823671497585,0.5497899025899595,0.5497899025899595,1.3320339101669799e-11
event__lr_index,События · lr index,event,События,3,6.666666666666667,4,0.0,0.0,Логистическая регрессия; Случайный лес; SVM с RBF-ядром,0.5048309178743962,-0.041236724446635106,0.041236724446635106,0.9234446970490824
event__peak_to_peak_uv,События · peak to peak uv,event,События,3,6.666666666666667,4,0.0,0.0,Логистическая регрессия; Случайный лес; SVM с RBF-ядром,0.8159722222222223,0.9720211555015174,0.9720211555015174,1.549589784898217e-10
event__sharpness_uv,События · sharpness uv,event,События,3,6.666666666666667,4,0.0,0.0,Логистическая регрессия; Случайный лес; SVM с RBF-ядром,0.7294685990338163,0.5980659462960258,0.5980659462960258,2.7245315430220018e-06
event__slope_fall_uvs,События · slope fall uvs,event,События,3,6.666666666666667,4,0.0,0.0,Логистическая регрессия; Случайный лес; SVM с RBF-ядром,0.7404891304347826,-0.5579543084276651,0.5579543084276651,8.823955699574157e-07
event__slope_rise_uvs,События · slope rise uvs,event,События,3,6.666666666666667,4,0.0,0.0,Логистическая регрессия; Случайный лес; SVM с RBF-ядром,0.7468297101449275,0.5935143413376659,0.5935143413376659,4.383988348923776e-07
event__slow_peak_uv,События · slow peak uv,event,События,3,6.666666666666667,4,0.0,0.0,Логистическая регрессия; Случайный лес; SVM с RBF-ядром,0.8194444444444445,1.0803857516580142,1.0803857516580142,1.0301313595644145e-10
event__spread_rois,События · spread rois,event,События,3,6.666666666666667,4,0.0,0.0,Логистическая регрессия; Случайный лес; SVM с RBF-ядром,0.673762077294686,0.7844654110686076,0.7844654110686076,1.9402766545121865e-06
spec_shape__sef95_hz__central,Форма спектра · sef95 hz · central,spec_shape,Форма спектра,3,6.666666666666667,4,0.0,0.0,Логистическая регрессия; Случайный лес; SVM с RBF-ядром,0.7241847826086956,-0.9033915499490599,0.9033915499490599,4.69331749053594e-06
spec_shape__sef95_hz__frontal,Форма спектра · sef95 hz · frontal,spec_shape,Форма спектра,3,6.666666666666667,4,0.0,0.0,Логистическая регрессия; Случайный лес; SVM с RBF-ядром,0.7543780193236715,-0.9746918387024786,0.9746918387024786,1.945059360714217e-07
spec_shape__sef95_hz__occipital,Форма спектра · sef95 hz · occipital,spec_shape,Форма спектра,3,6.666666666666667,4,0.0,0.0,Логистическая регрессия; Случайный лес; SVM с RBF-ядром,0.6154891304347826,-0.458617326136908,0.458617326136908,0.02509998116444823
spec_shape__sef95_hz__parietal,Форма спектра · sef95 hz · parietal,spec_shape,Форма спектра,3,6.666666666666667,4,0.0,0.0,Логистическая регрессия; Случайный лес; SVM с RBF-ядром,0.6909722222222222,-0.756622026328052,0.756622026328052,0.0001066686686594703
spec_shape__sef95_hz__temporal,Форма спектра · sef95 hz · temporal,spec_shape,Форма спектра,3,6.666666666666667,4,0.0,0.0,Логистическая регрессия; Случайный лес; SVM с RBF-ядром,0.7252415458937198,-0.832347289726649,0.832347289726649,4.243625552416544e-06
spec_shape__spectral_entropy_norm__central,Форма спектра · spectral entropy norm · central,spec_shape,Форма спектра,3,6.666666666666667,4,0.0,0.0,Логистическая регрессия; Случайный лес; SVM с RBF-ядром,0.7732487922705313,-1.0081510450692663,1.0081510450692663,2.3519662555001626e-08
spec_shape__spectral_entropy_norm__frontal,Форма спектра · spectral entropy norm · frontal,spec_shape,Форма спектра,3,6.666666666666667,4,0.0,0.0,Логистическая регрессия; Случайный лес; SVM с RBF-ядром,0.7821557971014492,-1.045041959178796,1.045041959178796,1.060044940206294e-08
spec_shape__spectral_entropy_norm__occipital,Форма спектра · spectral entropy norm · occipital,spec_shape,Форма спектра,3,6.666666666666667,4,0.0,0.0,Логистическая регрессия; Случайный лес; SVM с RBF-ядром,0.6284722222222222,-0.48425151198909694,0.48425151198909694,0.011486107855237727
spec_shape__spectral_entropy_norm__parietal,Форма спектра · spectral entropy norm · parietal,spec_shape,Форма спектра,3,6.666666666666667,4,0.0,0.0,Логистическая регрессия; Случайный лес; SVM с RBF-ядром,0.6997282608695652,-0.7483586790795274,0.7483586790795274,4.9297542839306315e-05
spec_shape__spectral_entropy_norm__temporal,Форма спектра · spectral entropy norm · temporal,spec_shape,Форма спектра,3,6.666666666666667,4,0.0,0.0,Логистическая регрессия; Случайный лес; SVM с RBF-ядром,0.742451690821256,-0.8410157663110327,0.8410157663110327,7.128363562760521e-07
spec_shape__spectral_entropy_raw__central,Форма спектра · spectral entropy raw · central,spec_shape,Форма спектра,3,6.666666666666667,4,0.0,0.0,Логистическая регрессия; Случайный лес; SVM с RBF-ядром,0.7732487922705313,-1.0081510450692717,1.0081510450692717,2.3519662555001626e-08
spec_shape__spectral_entropy_raw__occipital,Форма спектра · spectral entropy raw · occipital,spec_shape,Форма спектра,3,6.666666666666667,4,0.0,0.0,Логистическая регрессия; Случайный лес; SVM с RBF-ядром,0.6284722222222222,-0.48425151198909605,0.48425151198909605,0.011486107855237727
spec_shape__spectral_entropy_raw__parietal,Форма спектра · spectral entropy raw · parietal,spec_shape,Форма спектра,3,6.666666666666667,4,0.0,0.0,Логистическая регрессия; Случайный лес; SVM с RBF-ядром,0.6997282608695652,-0.7483586790795292,0.7483586790795292,4.9297542839306315e-05
spec_shape__spectral_entropy_raw__temporal,Форма спектра · spectral entropy raw · temporal,spec_shape,Форма спектра,3,6.666666666666667,4,0.0,0.0,Логистическая регрессия; Случайный лес; SVM с RBF-ядром,0.742451690821256,-0.8410157663110321,0.8410157663110321,7.128363562760521e-07
tfr__value__central_tfr_alpha_cv,Время–частота · value · central Время–частота alpha cv,tfr,Время–частота,3,6.666666666666667,4,0.0,0.0,Логистическая регрессия; Случайный лес; SVM с RBF-ядром,0.6725543478260869,-0.43727958735177813,0.43727958735177813,0.0005143548093641004
tfr__value__frontal_tfr_alpha_cv,Время–частота · value · frontal Время–частота alpha cv,tfr,Время–частота,3,6.666666666666667,4,0.0,0.0,Логистическая регрессия; Случайный лес; SVM с RBF-ядром,0.5602355072463768,-0.20622558063242577,0.20622558063242577,0.27637447125453907
tfr__value__occipital_tfr_alpha_cv,Время–частота · value · occipital Время–частота alpha cv,tfr,Время–частота,3,6.666666666666667,4,0.0,0.0,Логистическая регрессия; Случайный лес; SVM с RBF-ядром,0.5975241545893719,-0.22390863788145954,0.22390863788145954,0.0632174847042145
tfr__value__parietal_tfr_alpha_cv,Время–частота · value · parietal Время–частота alpha cv,tfr,Время–частота,3,6.666666666666667,4,0.0,0.0,Логистическая регрессия; Случайный лес; SVM с RBF-ядром,0.6111111111111112,-0.29373178620433904,0.29373178620433904,0.031268797152216116
tfr__value__temporal_tfr_alpha_cv,Время–частота · value · temporal Время–частота alpha cv,tfr,Время–частота,3,6.666666666666667,4,0.0,0.0,Логистическая регрессия; Случайный лес; SVM с RBF-ядром,0.5294384057971016,-0.1811564826932042,0.1811564826932042,0.6175820015122184
event__spike_to_slow_ratio,События · spike to slow ratio,event,События,2,103.33333333333333,4,-0.0002923976608187119,0.0,Логистическая регрессия; SVM с RBF-ядром,0.9202898550724639,1.0829277517849636,1.0829277517849636,2.9039566735918206e-18
conn__n_hubs__imcoh_alpha,Связность · n hubs · imcoh alpha,conn,Связность,2,104.33333333333333,4,-4.177109440267366e-05,0.0,Логистическая регрессия; Случайный лес,0.5095863526570049,0.05283543314574004,0.05283543314574004,0.7181656243424563
burst__rate_per_min__temporal_beta,Вспышки · rate per min · temporal beta,burst,Вспышки,2,104.66666666666667,4,-8.354218880534731e-05,0.0,Логистическая регрессия; Случайный лес,0.6925573671497585,0.6829507703346366,0.6829507703346366,9.499105159550029e-05
conn__clustering__pdc_beta,Связность · clustering · pdc beta,conn,Связность,2,105.0,4,-0.00016708437761069463,0.0,Логистическая регрессия; Случайный лес,0.7777777777777778,1.067154377275833,1.067154377275833,1.773608845775088e-08
conn__n_hubs__dtf_delta,Связность · n hubs · dtf delta,conn,Связность,2,105.66666666666667,4,-0.002380952380952364,0.0,Логистическая регрессия; Случайный лес,0.5015096618357487,0.027216900149808362,0.027216900149808362,0.9133038647402824
event__propagation_ms,"Распространение, мс",event,События,1,202.0,4,-0.0010442773600668378,0.0,Логистическая регрессия,0.9412741545893721,2.2034857008326165,2.2034857008326165,5.3107976252503056e-20
