feature_set,model,feature,n_selected_folds
alpha_peak,logreg,alpha_peak__alpha_peak_amp_db__central,5
alpha_peak,logreg,alpha_peak__alpha_peak_amp_db__parietal,5
alpha_peak,logreg,alpha_peak__alpha_peak_db__central,5
alpha_peak,logreg,alpha_peak__alpha_peak_db__frontal,5
alpha_peak,logreg,alpha_peak__alpha_peak_db__occipital,5
alpha_peak,logreg,alpha_peak__alpha_peak_db__parietal,5
alpha_peak,logreg,alpha_peak__alpha_peak_db__temporal,5
alpha_peak,logreg,alpha_peak__alpha_peak_amp_db__frontal,4
alpha_peak,logreg,alpha_peak__alpha_peak_amp_db__occipital,4
alpha_peak,logreg,alpha_peak__paf_hz__temporal,3
alpha_peak,logreg,alpha_peak__alpha_peak_amp_db__temporal,2
alpha_peak,logreg,alpha_peak__paf_hz__central,1
alpha_peak,logreg,alpha_peak__paf_hz__parietal,1
alpha_peak,rf,alpha_peak__alpha_peak_amp_db__central,5
alpha_peak,rf,alpha_peak__alpha_peak_amp_db__parietal,5
alpha_peak,rf,alpha_peak__alpha_peak_db__central,5
alpha_peak,rf,alpha_peak__alpha_peak_db__frontal,5
alpha_peak,rf,alpha_peak__alpha_peak_db__occipital,5
alpha_peak,rf,alpha_peak__alpha_peak_db__parietal,5
alpha_peak,rf,alpha_peak__alpha_peak_db__temporal,5
alpha_peak,rf,alpha_peak__alpha_peak_amp_db__frontal,4
alpha_peak,rf,alpha_peak__alpha_peak_amp_db__occipital,4
alpha_peak,rf,alpha_peak__paf_hz__temporal,3
alpha_peak,rf,alpha_peak__alpha_peak_amp_db__temporal,2
alpha_peak,rf,alpha_peak__paf_hz__central,1
alpha_peak,rf,alpha_peak__paf_hz__parietal,1
alpha_peak,svc_rbf,alpha_peak__alpha_peak_amp_db__central,5
alpha_peak,svc_rbf,alpha_peak__alpha_peak_amp_db__parietal,5
alpha_peak,svc_rbf,alpha_peak__alpha_peak_db__central,5
alpha_peak,svc_rbf,alpha_peak__alpha_peak_db__frontal,5
alpha_peak,svc_rbf,alpha_peak__alpha_peak_db__occipital,5
alpha_peak,svc_rbf,alpha_peak__alpha_peak_db__parietal,5
alpha_peak,svc_rbf,alpha_peak__alpha_peak_db__temporal,5
alpha_peak,svc_rbf,alpha_peak__alpha_peak_amp_db__frontal,4
alpha_peak,svc_rbf,alpha_peak__alpha_peak_amp_db__occipital,4
alpha_peak,svc_rbf,alpha_peak__paf_hz__temporal,3
alpha_peak,svc_rbf,alpha_peak__alpha_peak_amp_db__temporal,2
alpha_peak,svc_rbf,alpha_peak__paf_hz__central,1
alpha_peak,svc_rbf,alpha_peak__paf_hz__parietal,1
aper,logreg,aper__aperiodic_exponent__frontal,5
aper,logreg,aper__aperiodic_exponent__parietal,5
aper,logreg,aper__aperiodic_exponent__temporal,5
aper,logreg,aper__aperiodic_intercept_log10__central,5
aper,logreg,aper__aperiodic_intercept_log10__frontal,5
aper,logreg,aper__aperiodic_intercept_log10__parietal,5
aper,logreg,aper__aperiodic_intercept_log10__temporal,5
aper,logreg,aper__aperiodic_slope__frontal,5
aper,logreg,aper__aperiodic_slope__parietal,5
aper,logreg,aper__aperiodic_slope__temporal,4
aper,logreg,aper__aperiodic_intercept_log10__occipital,1
aper,rf,aper__aperiodic_exponent__frontal,5
aper,rf,aper__aperiodic_exponent__parietal,5
aper,rf,aper__aperiodic_exponent__temporal,5
aper,rf,aper__aperiodic_intercept_log10__central,5
aper,rf,aper__aperiodic_intercept_log10__frontal,5
aper,rf,aper__aperiodic_intercept_log10__parietal,5
aper,rf,aper__aperiodic_intercept_log10__temporal,5
aper,rf,aper__aperiodic_slope__frontal,5
aper,rf,aper__aperiodic_slope__parietal,5
aper,rf,aper__aperiodic_slope__temporal,4
aper,rf,aper__aperiodic_intercept_log10__occipital,1
aper,svc_rbf,aper__aperiodic_exponent__frontal,5
aper,svc_rbf,aper__aperiodic_exponent__parietal,5
aper,svc_rbf,aper__aperiodic_exponent__temporal,5
aper,svc_rbf,aper__aperiodic_intercept_log10__central,5
aper,svc_rbf,aper__aperiodic_intercept_log10__frontal,5
aper,svc_rbf,aper__aperiodic_intercept_log10__parietal,5
aper,svc_rbf,aper__aperiodic_intercept_log10__temporal,5
aper,svc_rbf,aper__aperiodic_slope__frontal,5
aper,svc_rbf,aper__aperiodic_slope__parietal,5
aper,svc_rbf,aper__aperiodic_slope__temporal,4
aper,svc_rbf,aper__aperiodic_intercept_log10__occipital,1
burst,logreg,burst__pct_time__central_alpha,5
burst,logreg,burst__pct_time__frontal_alpha,5
burst,logreg,burst__pct_time__occipital_alpha,5
burst,logreg,burst__pct_time__parietal_alpha,5
burst,logreg,burst__rate_per_min__occipital_beta,5
burst,logreg,burst__rate_per_min__parietal_beta,5
burst,logreg,burst__mean_amp__parietal_alpha,4
burst,logreg,burst__pct_time__temporal_alpha,4
burst,logreg,burst__rate_per_min__frontal_beta,4
burst,logreg,burst__rate_per_min__temporal_beta,4
burst,logreg,burst__mean_peak__parietal_alpha,2
burst,logreg,burst__pct_time__occipital_beta,2
burst,rf,burst__pct_time__central_alpha,5
burst,rf,burst__pct_time__frontal_alpha,5
burst,rf,burst__pct_time__occipital_alpha,5
burst,rf,burst__pct_time__parietal_alpha,5
burst,rf,burst__rate_per_min__occipital_beta,5
burst,rf,burst__rate_per_min__parietal_beta,5
burst,rf,burst__mean_amp__parietal_alpha,4
burst,rf,burst__pct_time__temporal_alpha,4
burst,rf,burst__rate_per_min__frontal_beta,4
burst,rf,burst__rate_per_min__temporal_beta,4
burst,rf,burst__mean_peak__parietal_alpha,2
burst,rf,burst__pct_time__occipital_beta,2
burst,svc_rbf,burst__pct_time__central_alpha,5
burst,svc_rbf,burst__pct_time__frontal_alpha,5
burst,svc_rbf,burst__pct_time__occipital_alpha,5
burst,svc_rbf,burst__pct_time__parietal_alpha,5
burst,svc_rbf,burst__rate_per_min__occipital_beta,5
burst,svc_rbf,burst__rate_per_min__parietal_beta,5
burst,svc_rbf,burst__mean_amp__parietal_alpha,4
burst,svc_rbf,burst__pct_time__temporal_alpha,4
burst,svc_rbf,burst__rate_per_min__frontal_beta,4
burst,svc_rbf,burst__rate_per_min__temporal_beta,4
burst,svc_rbf,burst__mean_peak__parietal_alpha,2
burst,svc_rbf,burst__pct_time__occipital_beta,2
conn,logreg,conn__clustering__coh_theta,5
conn,logreg,conn__clustering__pdc_beta,5
conn,logreg,conn__clustering__plv_theta,5
conn,logreg,conn__global_efficiency__pdc_beta,5
conn,logreg,conn__hub_z_max__dtf_delta,5
conn,logreg,conn__hub_z_max__plv_delta,5
conn,logreg,conn__global_efficiency__plv_theta,4
conn,logreg,conn__hub_z_max__coh_delta,4
conn,logreg,conn__hub_z_max__plv_beta,4
conn,logreg,conn__mean_strength__plv_theta,3
conn,logreg,conn__clustering__plv_delta,2
conn,logreg,conn__asymmetry__pdc_beta,1
conn,logreg,conn__clustering__plv_alpha,1
conn,logreg,conn__n_hubs__plv_delta,1
conn,rf,conn__clustering__coh_theta,5
conn,rf,conn__clustering__pdc_beta,5
conn,rf,conn__clustering__plv_theta,5
conn,rf,conn__global_efficiency__pdc_beta,5
conn,rf,conn__hub_z_max__dtf_delta,5
conn,rf,conn__hub_z_max__plv_delta,5
conn,rf,conn__global_efficiency__plv_theta,4
conn,rf,conn__hub_z_max__coh_delta,4
conn,rf,conn__hub_z_max__plv_beta,4
conn,rf,conn__mean_strength__plv_theta,3
conn,rf,conn__clustering__plv_delta,2
conn,rf,conn__asymmetry__pdc_beta,1
conn,rf,conn__clustering__plv_alpha,1
conn,rf,conn__n_hubs__plv_delta,1
conn,svc_rbf,conn__clustering__coh_theta,5
conn,svc_rbf,conn__clustering__pdc_beta,5
conn,svc_rbf,conn__clustering__plv_theta,5
conn,svc_rbf,conn__global_efficiency__pdc_beta,5
conn,svc_rbf,conn__hub_z_max__dtf_delta,5
conn,svc_rbf,conn__hub_z_max__plv_delta,5
conn,svc_rbf,conn__global_efficiency__plv_theta,4
conn,svc_rbf,conn__hub_z_max__coh_delta,4
conn,svc_rbf,conn__hub_z_max__plv_beta,4
conn,svc_rbf,conn__mean_strength__plv_theta,3
conn,svc_rbf,conn__clustering__plv_delta,2
conn,svc_rbf,conn__asymmetry__pdc_beta,1
conn,svc_rbf,conn__clustering__plv_alpha,1
conn,svc_rbf,conn__n_hubs__plv_delta,1
dfa,logreg,dfa__dfa_exp__central_alpha,5
dfa,logreg,dfa__dfa_exp__central_beta,5
dfa,logreg,dfa__dfa_exp__frontal_alpha,5
dfa,logreg,dfa__dfa_exp__frontal_beta,5
dfa,logreg,dfa__dfa_exp__occipital_alpha,5
dfa,logreg,dfa__dfa_exp__occipital_beta,5
dfa,logreg,dfa__dfa_exp__parietal_alpha,5
dfa,logreg,dfa__dfa_exp__parietal_beta,5
dfa,logreg,dfa__dfa_exp__temporal_alpha,5
dfa,logreg,dfa__dfa_exp__temporal_beta,5
dfa,rf,dfa__dfa_exp__central_alpha,5
dfa,rf,dfa__dfa_exp__central_beta,5
dfa,rf,dfa__dfa_exp__frontal_alpha,5
dfa,rf,dfa__dfa_exp__frontal_beta,5
dfa,rf,dfa__dfa_exp__occipital_alpha,5
dfa,rf,dfa__dfa_exp__occipital_beta,5
dfa,rf,dfa__dfa_exp__parietal_alpha,5
dfa,rf,dfa__dfa_exp__parietal_beta,5
dfa,rf,dfa__dfa_exp__temporal_alpha,5
dfa,rf,dfa__dfa_exp__temporal_beta,5
dfa,svc_rbf,dfa__dfa_exp__central_alpha,5
dfa,svc_rbf,dfa__dfa_exp__central_beta,5
dfa,svc_rbf,dfa__dfa_exp__frontal_alpha,5
dfa,svc_rbf,dfa__dfa_exp__frontal_beta,5
dfa,svc_rbf,dfa__dfa_exp__occipital_alpha,5
dfa,svc_rbf,dfa__dfa_exp__occipital_beta,5
dfa,svc_rbf,dfa__dfa_exp__parietal_alpha,5
dfa,svc_rbf,dfa__dfa_exp__parietal_beta,5
dfa,svc_rbf,dfa__dfa_exp__temporal_alpha,5
dfa,svc_rbf,dfa__dfa_exp__temporal_beta,5
event,logreg,event__line_length_uv,5
event,logreg,event__n_involved_ch,5
event,logreg,event__peak_to_peak_uv,5
event,logreg,event__propagation_ms,5
event,logreg,event__slope_rise_uvs,5
event,logreg,event__slow_peak_uv,5
event,logreg,event__spike_to_slow_ratio,5
event,logreg,event__z_peak,5
event,logreg,event__auc_abs_uvs,4
event,logreg,event__slope_fall_uvs,4
event,logreg,event__sharpness_uv,2
event,rf,event__line_length_uv,5
event,rf,event__n_involved_ch,5
event,rf,event__peak_to_peak_uv,5
event,rf,event__propagation_ms,5
event,rf,event__slope_rise_uvs,5
event,rf,event__slow_peak_uv,5
event,rf,event__spike_to_slow_ratio,5
event,rf,event__z_peak,5
event,rf,event__auc_abs_uvs,4
event,rf,event__slope_fall_uvs,4
event,rf,event__sharpness_uv,2
event,svc_rbf,event__line_length_uv,5
event,svc_rbf,event__n_involved_ch,5
event,svc_rbf,event__peak_to_peak_uv,5
event,svc_rbf,event__propagation_ms,5
event,svc_rbf,event__slope_rise_uvs,5
event,svc_rbf,event__slow_peak_uv,5
event,svc_rbf,event__spike_to_slow_ratio,5
event,svc_rbf,event__z_peak,5
event,svc_rbf,event__auc_abs_uvs,4
event,svc_rbf,event__slope_fall_uvs,4
event,svc_rbf,event__sharpness_uv,2
spec_shape,logreg,spec_shape__sef95_hz__frontal,5
spec_shape,logreg,spec_shape__sef95_hz__temporal,5
spec_shape,logreg,spec_shape__spectral_entropy_norm__central,5
spec_shape,logreg,spec_shape__spectral_entropy_norm__frontal,5
spec_shape,logreg,spec_shape__spectral_entropy_norm__temporal,5
spec_shape,logreg,spec_shape__spectral_entropy_raw__central,5
spec_shape,logreg,spec_shape__spectral_entropy_raw__frontal,5
spec_shape,logreg,spec_shape__spectral_entropy_raw__temporal,5
spec_shape,logreg,spec_shape__sef95_hz__central,4
spec_shape,logreg,spec_shape__spectral_entropy_raw__parietal,3
spec_shape,logreg,spec_shape__sef95_hz__parietal,2
spec_shape,logreg,spec_shape__spectral_entropy_norm__parietal,1
spec_shape,rf,spec_shape__sef95_hz__frontal,5
spec_shape,rf,spec_shape__sef95_hz__temporal,5
spec_shape,rf,spec_shape__spectral_entropy_norm__central,5
spec_shape,rf,spec_shape__spectral_entropy_norm__frontal,5
spec_shape,rf,spec_shape__spectral_entropy_norm__temporal,5
spec_shape,rf,spec_shape__spectral_entropy_raw__central,5
spec_shape,rf,spec_shape__spectral_entropy_raw__frontal,5
spec_shape,rf,spec_shape__spectral_entropy_raw__temporal,5
spec_shape,rf,spec_shape__sef95_hz__central,4
spec_shape,rf,spec_shape__spectral_entropy_raw__parietal,3
spec_shape,rf,spec_shape__sef95_hz__parietal,2
spec_shape,rf,spec_shape__spectral_entropy_norm__parietal,1
spec_shape,svc_rbf,spec_shape__sef95_hz__frontal,5
spec_shape,svc_rbf,spec_shape__sef95_hz__temporal,5
spec_shape,svc_rbf,spec_shape__spectral_entropy_norm__central,5
spec_shape,svc_rbf,spec_shape__spectral_entropy_norm__frontal,5
spec_shape,svc_rbf,spec_shape__spectral_entropy_norm__temporal,5
spec_shape,svc_rbf,spec_shape__spectral_entropy_raw__central,5
spec_shape,svc_rbf,spec_shape__spectral_entropy_raw__frontal,5
spec_shape,svc_rbf,spec_shape__spectral_entropy_raw__temporal,5
spec_shape,svc_rbf,spec_shape__sef95_hz__central,4
spec_shape,svc_rbf,spec_shape__spectral_entropy_raw__parietal,3
spec_shape,svc_rbf,spec_shape__sef95_hz__parietal,2
spec_shape,svc_rbf,spec_shape__spectral_entropy_norm__parietal,1
spectral_baseline,logreg,aper__aperiodic_exponent__frontal,5
spectral_baseline,logreg,aper__aperiodic_intercept_log10__frontal,5
spectral_baseline,logreg,aper__aperiodic_intercept_log10__parietal,5
spectral_baseline,logreg,aper__aperiodic_intercept_log10__temporal,5
spectral_baseline,logreg,aper__aperiodic_intercept_log10__central,4
spectral_baseline,logreg,aper__aperiodic_slope__frontal,4
spectral_baseline,logreg,spec_shape__spectral_entropy_norm__central,4
spectral_baseline,logreg,spec_shape__spectral_entropy_raw__central,4
spectral_baseline,logreg,aper__aperiodic_exponent__parietal,3
spectral_baseline,logreg,aper__aperiodic_slope__parietal,3
spectral_baseline,logreg,spec_shape__spectral_entropy_norm__frontal,3
spectral_baseline,logreg,spec_shape__spectral_entropy_raw__frontal,3
spectral_baseline,logreg,aper__aperiodic_exponent__temporal,1
spectral_baseline,logreg,aper__aperiodic_slope__temporal,1
spectral_baseline,rf,aper__aperiodic_exponent__frontal,5
spectral_baseline,rf,aper__aperiodic_intercept_log10__frontal,5
spectral_baseline,rf,aper__aperiodic_intercept_log10__parietal,5
spectral_baseline,rf,aper__aperiodic_intercept_log10__temporal,5
spectral_baseline,rf,aper__aperiodic_intercept_log10__central,4
spectral_baseline,rf,aper__aperiodic_slope__frontal,4
spectral_baseline,rf,spec_shape__spectral_entropy_norm__central,4
spectral_baseline,rf,spec_shape__spectral_entropy_raw__central,4
spectral_baseline,rf,aper__aperiodic_exponent__parietal,3
spectral_baseline,rf,aper__aperiodic_slope__parietal,3
spectral_baseline,rf,spec_shape__spectral_entropy_norm__frontal,3
spectral_baseline,rf,spec_shape__spectral_entropy_raw__frontal,3
spectral_baseline,rf,aper__aperiodic_exponent__temporal,1
spectral_baseline,rf,aper__aperiodic_slope__temporal,1
spectral_baseline,svc_rbf,aper__aperiodic_exponent__frontal,5
spectral_baseline,svc_rbf,aper__aperiodic_intercept_log10__frontal,5
spectral_baseline,svc_rbf,aper__aperiodic_intercept_log10__parietal,5
spectral_baseline,svc_rbf,aper__aperiodic_intercept_log10__temporal,5
spectral_baseline,svc_rbf,aper__aperiodic_intercept_log10__central,4
spectral_baseline,svc_rbf,aper__aperiodic_slope__frontal,4
spectral_baseline,svc_rbf,spec_shape__spectral_entropy_norm__central,4
spectral_baseline,svc_rbf,spec_shape__spectral_entropy_raw__central,4
spectral_baseline,svc_rbf,aper__aperiodic_exponent__parietal,3
spectral_baseline,svc_rbf,aper__aperiodic_slope__parietal,3
spectral_baseline,svc_rbf,spec_shape__spectral_entropy_norm__frontal,3
spectral_baseline,svc_rbf,spec_shape__spectral_entropy_raw__frontal,3
spectral_baseline,svc_rbf,aper__aperiodic_exponent__temporal,1
spectral_baseline,svc_rbf,aper__aperiodic_slope__temporal,1
tfr,logreg,tfr__value__central_tfr_alpha_cv,5
tfr,logreg,tfr__value__frontal_tfr_alpha_cv,5
tfr,logreg,tfr__value__occipital_tfr_alpha_cv,5
tfr,logreg,tfr__value__parietal_tfr_alpha_cv,5
tfr,logreg,tfr__value__temporal_tfr_alpha_cv,5
tfr,rf,tfr__value__central_tfr_alpha_cv,5
tfr,rf,tfr__value__frontal_tfr_alpha_cv,5
tfr,rf,tfr__value__occipital_tfr_alpha_cv,5
tfr,rf,tfr__value__parietal_tfr_alpha_cv,5
tfr,rf,tfr__value__temporal_tfr_alpha_cv,5
tfr,svc_rbf,tfr__value__central_tfr_alpha_cv,5
tfr,svc_rbf,tfr__value__frontal_tfr_alpha_cv,5
tfr,svc_rbf,tfr__value__occipital_tfr_alpha_cv,5
tfr,svc_rbf,tfr__value__parietal_tfr_alpha_cv,5
tfr,svc_rbf,tfr__value__temporal_tfr_alpha_cv,5
