fold,n_train_total,n_train_control,n_train_tbi,n_test_total,n_test_control,n_test_tbi,model,feature_set,n_features
1,131,57,74,33,15,18,logreg,alpha_peak,15
2,131,57,74,33,15,18,logreg,alpha_peak,15
3,131,58,73,33,14,19,logreg,alpha_peak,15
4,131,58,73,33,14,19,logreg,alpha_peak,15
5,132,58,74,32,14,18,logreg,alpha_peak,15
1,131,57,74,33,15,18,rf,alpha_peak,15
2,131,57,74,33,15,18,rf,alpha_peak,15
3,131,58,73,33,14,19,rf,alpha_peak,15
4,131,58,73,33,14,19,rf,alpha_peak,15
5,132,58,74,32,14,18,rf,alpha_peak,15
1,131,57,74,33,15,18,svc_rbf,alpha_peak,15
2,131,57,74,33,15,18,svc_rbf,alpha_peak,15
3,131,58,73,33,14,19,svc_rbf,alpha_peak,15
4,131,58,73,33,14,19,svc_rbf,alpha_peak,15
5,132,58,74,32,14,18,svc_rbf,alpha_peak,15
1,131,57,74,33,15,18,logreg,aper,31
2,131,57,74,33,15,18,logreg,aper,31
3,131,58,73,33,14,19,logreg,aper,31
4,131,58,73,33,14,19,logreg,aper,31
5,132,58,74,32,14,18,logreg,aper,31
1,131,57,74,33,15,18,rf,aper,31
2,131,57,74,33,15,18,rf,aper,31
3,131,58,73,33,14,19,rf,aper,31
4,131,58,73,33,14,19,rf,aper,31
5,132,58,74,32,14,18,rf,aper,31
1,131,57,74,33,15,18,svc_rbf,aper,31
2,131,57,74,33,15,18,svc_rbf,aper,31
3,131,58,73,33,14,19,svc_rbf,aper,31
4,131,58,73,33,14,19,svc_rbf,aper,31
5,132,58,74,32,14,18,svc_rbf,aper,31
1,131,57,74,33,15,18,logreg,burst,40
2,131,57,74,33,15,18,logreg,burst,40
3,131,58,73,33,14,19,logreg,burst,40
4,131,58,73,33,14,19,logreg,burst,40
5,132,58,74,32,14,18,logreg,burst,40
1,131,57,74,33,15,18,rf,burst,40
2,131,57,74,33,15,18,rf,burst,40
3,131,58,73,33,14,19,rf,burst,40
4,131,58,73,33,14,19,rf,burst,40
5,132,58,74,32,14,18,rf,burst,40
1,131,57,74,33,15,18,svc_rbf,burst,40
2,131,57,74,33,15,18,svc_rbf,burst,40
3,131,58,73,33,14,19,svc_rbf,burst,40
4,131,58,73,33,14,19,svc_rbf,burst,40
5,132,58,74,32,14,18,svc_rbf,burst,40
1,131,57,74,33,15,18,logreg,conn,172
2,131,57,74,33,15,18,logreg,conn,172
3,131,58,73,33,14,19,logreg,conn,172
4,131,58,73,33,14,19,logreg,conn,172
5,132,58,74,32,14,18,logreg,conn,172
1,131,57,74,33,15,18,rf,conn,172
2,131,57,74,33,15,18,rf,conn,172
3,131,58,73,33,14,19,rf,conn,172
4,131,58,73,33,14,19,rf,conn,172
5,132,58,74,32,14,18,rf,conn,172
1,131,57,74,33,15,18,svc_rbf,conn,172
2,131,57,74,33,15,18,svc_rbf,conn,172
3,131,58,73,33,14,19,svc_rbf,conn,172
4,131,58,73,33,14,19,svc_rbf,conn,172
5,132,58,74,32,14,18,svc_rbf,conn,172
1,131,57,74,33,15,18,logreg,dfa,10
2,131,57,74,33,15,18,logreg,dfa,10
3,131,58,73,33,14,19,logreg,dfa,10
4,131,58,73,33,14,19,logreg,dfa,10
5,132,58,74,32,14,18,logreg,dfa,10
1,131,57,74,33,15,18,rf,dfa,10
2,131,57,74,33,15,18,rf,dfa,10
3,131,58,73,33,14,19,rf,dfa,10
4,131,58,73,33,14,19,rf,dfa,10
5,132,58,74,32,14,18,rf,dfa,10
1,131,57,74,33,15,18,svc_rbf,dfa,10
2,131,57,74,33,15,18,svc_rbf,dfa,10
3,131,58,73,33,14,19,svc_rbf,dfa,10
4,131,58,73,33,14,19,svc_rbf,dfa,10
5,132,58,74,32,14,18,svc_rbf,dfa,10
1,131,57,74,33,15,18,logreg,event,14
2,131,57,74,33,15,18,logreg,event,14
3,131,58,73,33,14,19,logreg,event,14
4,131,58,73,33,14,19,logreg,event,14
5,132,58,74,32,14,18,logreg,event,14
1,131,57,74,33,15,18,rf,event,14
2,131,57,74,33,15,18,rf,event,14
3,131,58,73,33,14,19,rf,event,14
4,131,58,73,33,14,19,rf,event,14
5,132,58,74,32,14,18,rf,event,14
1,131,57,74,33,15,18,svc_rbf,event,14
2,131,57,74,33,15,18,svc_rbf,event,14
3,131,58,73,33,14,19,svc_rbf,event,14
4,131,58,73,33,14,19,svc_rbf,event,14
5,132,58,74,32,14,18,svc_rbf,event,14
1,131,57,74,33,15,18,logreg,spec_shape,15
2,131,57,74,33,15,18,logreg,spec_shape,15
3,131,58,73,33,14,19,logreg,spec_shape,15
4,131,58,73,33,14,19,logreg,spec_shape,15
5,132,58,74,32,14,18,logreg,spec_shape,15
1,131,57,74,33,15,18,rf,spec_shape,15
2,131,57,74,33,15,18,rf,spec_shape,15
3,131,58,73,33,14,19,rf,spec_shape,15
4,131,58,73,33,14,19,rf,spec_shape,15
5,132,58,74,32,14,18,rf,spec_shape,15
1,131,57,74,33,15,18,svc_rbf,spec_shape,15
2,131,57,74,33,15,18,svc_rbf,spec_shape,15
3,131,58,73,33,14,19,svc_rbf,spec_shape,15
4,131,58,73,33,14,19,svc_rbf,spec_shape,15
5,132,58,74,32,14,18,svc_rbf,spec_shape,15
1,131,57,74,33,15,18,logreg,tfr,5
2,131,57,74,33,15,18,logreg,tfr,5
3,131,58,73,33,14,19,logreg,tfr,5
4,131,58,73,33,14,19,logreg,tfr,5
5,132,58,74,32,14,18,logreg,tfr,5
1,131,57,74,33,15,18,rf,tfr,5
2,131,57,74,33,15,18,rf,tfr,5
3,131,58,73,33,14,19,rf,tfr,5
4,131,58,73,33,14,19,rf,tfr,5
5,132,58,74,32,14,18,rf,tfr,5
1,131,57,74,33,15,18,svc_rbf,tfr,5
2,131,57,74,33,15,18,svc_rbf,tfr,5
3,131,58,73,33,14,19,svc_rbf,tfr,5
4,131,58,73,33,14,19,svc_rbf,tfr,5
5,132,58,74,32,14,18,svc_rbf,tfr,5
1,131,57,74,33,15,18,logreg,spectral_baseline,61
2,131,57,74,33,15,18,logreg,spectral_baseline,61
3,131,58,73,33,14,19,logreg,spectral_baseline,61
4,131,58,73,33,14,19,logreg,spectral_baseline,61
5,132,58,74,32,14,18,logreg,spectral_baseline,61
1,131,57,74,33,15,18,rf,spectral_baseline,61
2,131,57,74,33,15,18,rf,spectral_baseline,61
3,131,58,73,33,14,19,rf,spectral_baseline,61
4,131,58,73,33,14,19,rf,spectral_baseline,61
5,132,58,74,32,14,18,rf,spectral_baseline,61
1,131,57,74,33,15,18,svc_rbf,spectral_baseline,61
2,131,57,74,33,15,18,svc_rbf,spectral_baseline,61
3,131,58,73,33,14,19,svc_rbf,spectral_baseline,61
4,131,58,73,33,14,19,svc_rbf,spectral_baseline,61
5,132,58,74,32,14,18,svc_rbf,spectral_baseline,61
