roi,band,feature,tbi_mean,control_mean,delta_tbi_minus_control,tbi_median,control_median,delta_median_tbi_minus_control,tbi_iqr,control_iqr,hedges_g,rank_biserial,u_stat,p_value,n_tbi,n_control,q_fdr,significant_fdr_0_05,feature_block,method,direction,significance,tbi_median_iqr,control_median_iqr,abs_hedges_g
temporal,alpha,n_bursts,55.21557971014494,38.28587962962963,16.929700080515303,55.0,38.5625,16.4375,7.916666666666671,5.875,3.3121893291311526,0.9782608695652173,6552.0,6.921596665882767e-27,92,72,4.845117666117937e-25,True,Burst,,выше при ЧМТ,***,55.000 [7.917],38.562 [5.875],3.3121893291311526
central,alpha,n_bursts,54.18115942028985,37.535300925925924,16.645858494363928,54.0,37.6875,16.3125,8.5,5.15625,2.8480587616731334,0.9690519323671498,6521.5,2.0692784191179115e-26,92,72,7.24247446691269e-25,True,Burst,,выше при ЧМТ,***,54.000 [8.500],37.688 [5.156],2.8480587616731334
frontal,alpha,n_bursts,53.59420289855072,37.070601851851855,16.523601046698865,53.66666666666667,37.375,16.29166666666667,9.333333333333329,6.375,2.6705280552387483,0.9498792270531402,6458.0,1.9374636363310925e-25,92,72,4.5207484847725494e-24,True,Burst,,выше при ЧМТ,***,53.667 [9.333],37.375 [6.375],2.6705280552387483
occipital,alpha,n_bursts,53.48007246376811,36.851273148148145,16.628799315619965,54.58333333333333,37.125,17.45833333333333,7.666666666666664,7.25,2.506344560552958,0.9116847826086956,6331.5,1.4536753587198275e-23,92,72,2.543931877759698e-22,True,Burst,,выше при ЧМТ,***,54.583 [7.667],37.125 [7.250],2.506344560552958
parietal,alpha,n_bursts,53.00181159420289,36.43171296296296,16.57009863123993,54.66666666666667,36.5625,18.10416666666667,9.583333333333329,7.0625,2.4238598104731617,0.9033816425120773,6304.0,3.6489820542943265e-23,92,72,5.108574876012058e-22,True,Burst,,выше при ЧМТ,***,54.667 [9.583],36.562 [7.062],2.4238598104731617
central,alpha,burst_time_fraction,0.042596793666065655,0.03465882136152528,0.007937972304540374,0.04177222222222218,0.03443734211520018,0.007334880107022004,0.008616849415204658,0.006683799063377571,1.2500132054504314,0.6358695652173914,5418.0,3.0241218406053395e-12,92,72,3.528142147372896e-11,True,Burst,,выше при ЧМТ,***,0.042 [0.009],0.034 [0.007],1.2500132054504314
,alpha,local_efficiency,0.3,0.5447916666666666,-0.24479166666666657,0.3,0.6,-0.3,0.6,0.07499999999999996,-1.2687311641311847,-0.5807669082125604,1388.5,1.1281495172821583e-11,92,72,2.70755884147718e-10,True,Graph metrics,plv,ниже при ЧМТ,***,0.300 [0.600],0.600 [0.075],1.2687311641311847
,alpha,small_world_proxy,0.3,0.5447916666666666,-0.24479166666666657,0.3,0.6,-0.3,0.6,0.07499999999999996,-1.2687311641311847,-0.5807669082125604,1388.5,1.1281495172821583e-11,92,72,2.70755884147718e-10,True,Graph metrics,plv,ниже при ЧМТ,***,0.300 [0.600],0.600 [0.075],1.2687311641311847
,alpha,avg_shortest_path,1.3242753623188406,1.0561342592592593,0.2681411030595813,1.3333333333333335,1.0,0.3333333333333335,0.6666666666666667,0.08333333333333326,1.2618736185726251,0.5718599033816425,5206.0,2.4107372888922313e-11,92,72,3.037144518533951e-10,True,Graph metrics,plv,выше при ЧМТ,***,1.333 [0.667],1.000 [0.083],1.2618736185726251
,alpha,global_efficiency,0.3644021739130433,0.31096643518518513,0.05343573872785817,0.36666666666666664,0.3,0.06666666666666665,0.1333333333333333,0.012500000000000011,1.256342018684912,0.5712560386473431,5204.0,2.530953765444959e-11,92,72,3.037144518533951e-10,True,Graph metrics,plv,выше при ЧМТ,***,0.367 [0.133],0.300 [0.013],1.256342018684912
,alpha,clustering,0.3,0.5447916666666666,-0.24479166666666657,0.3,0.6,-0.3,0.6,0.07499999999999996,-1.2687311641311847,-0.5807669082125604,1388.5,1.1281495172821583e-11,92,72,6.76889710369295e-10,True,Connectivity,plv,ниже при ЧМТ,***,0.300 [0.600],0.600 [0.075],1.2687311641311847
parietal,beta,n_bursts,17.59057971014493,11.015625,6.5749547101449295,17.0,10.625,6.375,8.333333333333334,7.0,1.0590044071628244,0.5774456521739131,5224.5,2.3558478426020574e-10,92,72,2.3558478426020573e-09,True,Burst,,выше при ЧМТ,***,17.000 [8.333],10.625 [7.000],1.0590044071628244
,alpha,local_efficiency,0.29782608695652174,0.5128472222222222,-0.2150211352657005,0.3,0.6,-0.3,0.44999999999999996,0.15000000000000002,-1.0903260679862659,-0.5514794685990339,1485.5,2.957618566527961e-10,92,72,2.366094853222369e-09,True,Graph metrics,coh,ниже при ЧМТ,***,0.300 [0.450],0.600 [0.150],1.0903260679862659
,alpha,small_world_proxy,0.29782608695652174,0.5128472222222222,-0.2150211352657005,0.3,0.6,-0.3,0.44999999999999996,0.15000000000000002,-1.0903260679862659,-0.5514794685990339,1485.5,2.957618566527961e-10,92,72,2.366094853222369e-09,True,Graph metrics,coh,ниже при ЧМТ,***,0.300 [0.450],0.600 [0.150],1.0903260679862659
,alpha,avg_shortest_path,1.3203502415458939,1.0887345679012346,0.2316156736446593,1.2916666666666665,1.0,0.2916666666666665,0.5833333333333335,0.16666666666666674,1.0773695825102219,0.5398550724637681,5100.0,7.422207293897678e-10,92,72,3.7798237433493875e-09,True,Graph metrics,coh,выше при ЧМТ,***,1.292 [0.583],1.000 [0.167],1.0773695825102219
,alpha,global_efficiency,0.363617149758454,0.3173418209876543,0.046275328770799706,0.3555555555555555,0.3,0.055555555555555525,0.12083333333333329,0.033333333333333326,1.0754571752403435,0.5395531400966183,5099.0,7.586151237584509e-10,92,72,3.7798237433493875e-09,True,Graph metrics,coh,выше при ЧМТ,***,0.356 [0.121],0.300 [0.033],1.0754571752403435
,theta,local_efficiency,0.29239130434782606,0.5097222222222221,-0.217330917874396,0.3,0.6,-0.3,0.6,0.15000000000000002,-1.1410170191086977,-0.5415157004830917,1518.5,7.874632798644557e-10,92,72,3.7798237433493875e-09,True,Graph metrics,coh,ниже при ЧМТ,***,0.300 [0.600],0.600 [0.150],1.1410170191086977
,theta,small_world_proxy,0.29239130434782606,0.5097222222222221,-0.217330917874396,0.3,0.6,-0.3,0.6,0.15000000000000002,-1.1410170191086977,-0.5415157004830917,1518.5,7.874632798644557e-10,92,72,3.7798237433493875e-09,True,Graph metrics,coh,ниже при ЧМТ,***,0.300 [0.600],0.600 [0.150],1.1410170191086977
occipital,alpha,burst_time_fraction,0.042970362954487626,0.03575138489720723,0.007218978057280397,0.04311527777777774,0.0357158058382156,0.007399471939562141,0.010252430555555567,0.007381721039228233,0.9569124214217034,0.5643115942028984,5181.0,5.967140391889735e-10,92,72,5.221247842903519e-09,True,Burst,,выше при ЧМТ,***,0.043 [0.010],0.036 [0.007],0.9569124214217034
,theta,avg_shortest_path,1.3266908212560389,1.0817901234567904,0.2449006977992485,1.3333333333333335,1.0,0.3333333333333335,0.6666666666666667,0.16666666666666674,1.182729140630481,0.5310990338164252,5071.0,1.7791203108386072e-09,92,72,7.503815508347867e-09,True,Graph metrics,coh,выше при ЧМТ,***,1.333 [0.667],1.000 [0.167],1.182729140630481
,theta,global_efficiency,0.36458333333333315,0.3156346450617284,0.04894868827160476,0.36666666666666664,0.3,0.06666666666666665,0.1333333333333333,0.033333333333333326,1.1788398508305915,0.5303442028985508,5068.5,1.8759538770869667e-09,92,72,7.503815508347867e-09,True,Graph metrics,coh,выше при ЧМТ,***,0.367 [0.133],0.300 [0.033],1.1788398508305915
,alpha,clustering,0.29782608695652174,0.5128472222222222,-0.2150211352657005,0.3,0.6,-0.3,0.44999999999999996,0.15000000000000002,-1.0903260679862659,-0.5514794685990339,1485.5,2.957618566527961e-10,92,72,8.872855699583883e-09,True,Connectivity,coh,ниже при ЧМТ,***,0.300 [0.450],0.600 [0.150],1.0903260679862659
parietal,alpha,burst_time_fraction,0.044257191407784904,0.03716224423529349,0.007094947172491414,0.04453541666666662,0.03714928486964662,0.007386131797019996,0.009673611111111098,0.005980194099347566,0.9706297449132827,0.5474033816425121,5125.0,1.9046156341552208e-09,92,72,1.4813677154540608e-08,True,Burst,,выше при ЧМТ,***,0.045 [0.010],0.037 [0.006],0.9706297449132827
frontal,alpha,burst_time_fraction,0.04328470784793006,0.03617428102159939,0.007110426826330667,0.04297499999999995,0.036219662699059824,0.006755337300940127,0.009950694444444436,0.006777160262088536,0.9924468521677667,0.5452898550724639,5118.0,2.1967215737167702e-09,92,72,1.5377051016017392e-08,True,Burst,,выше при ЧМТ,***,0.043 [0.010],0.036 [0.007],0.9924468521677667
,theta,clustering,0.29239130434782606,0.5097222222222221,-0.217330917874396,0.3,0.6,-0.3,0.6,0.15000000000000002,-1.1410170191086977,-0.5415157004830917,1518.5,7.874632798644557e-10,92,72,1.5749265597289114e-08,True,Connectivity,coh,ниже при ЧМТ,***,0.300 [0.600],0.600 [0.150],1.1410170191086977
frontal,beta,n_bursts,14.646739130434783,9.68576388888889,4.960975241545894,14.0,9.25,4.75,7.75,5.8125,0.9508778346714858,0.5101147342995169,5001.5,2.1747498813993848e-08,92,72,1.3839317427086995e-07,True,Burst,,выше при ЧМТ,***,14.000 [7.750],9.250 [5.812],0.9508778346714858
,theta,local_efficiency,0.3956521739130435,0.553125,-0.15747282608695645,0.39999999999999997,0.6,-0.2,0.4,0.07499999999999996,-0.8919110254938322,-0.40428743961352653,1973.0,8.184690010151842e-07,92,72,2.8061794320520598e-06,True,Graph metrics,plv,ниже при ЧМТ,***,0.400 [0.400],0.600 [0.075],0.8919110254938322
,theta,small_world_proxy,0.3956521739130435,0.553125,-0.15747282608695645,0.39999999999999997,0.6,-0.2,0.4,0.07499999999999996,-0.8919110254938322,-0.40428743961352653,1973.0,8.184690010151842e-07,92,72,2.8061794320520598e-06,True,Graph metrics,plv,ниже при ЧМТ,***,0.400 [0.400],0.600 [0.075],0.8919110254938322
,beta,avg_shortest_path,1.613828502415459,1.5668402777777777,0.046988224637681375,1.6666666666666667,1.59375,0.07291666666666674,0.05555555555555536,0.125,0.4687339372314761,0.4159118357487923,4689.5,1.6370257427703387e-06,92,72,5.2384823768650836e-06,True,Graph metrics,imcoh,выше при ЧМТ,***,1.667 [0.056],1.594 [0.125],0.4687339372314761
,theta,avg_shortest_path,1.1980676328502415,1.0445601851851853,0.1535074476650562,1.1666666666666665,1.0,0.16666666666666652,0.3333333333333335,0.04166666666666674,0.857128954968985,0.3902475845410629,4604.5,1.985262082288039e-06,92,72,5.955786246864117e-06,True,Graph metrics,plv,выше при ЧМТ,***,1.167 [0.333],1.000 [0.042],0.857128954968985
,theta,global_efficiency,0.33816425120772947,0.3087384259259259,0.029425825281803597,0.32499999999999996,0.3,0.024999999999999967,0.06666666666666665,0.006249999999999978,0.8260584696418197,0.3834541062801933,4582.0,2.981516832328639e-06,92,72,8.41840046775145e-06,True,Graph metrics,plv,выше при ЧМТ,***,0.325 [0.067],0.300 [0.006],0.8260584696418197
temporal,alpha,burst_time_fraction,0.03937130934632361,0.035101357212134615,0.004269952134188994,0.03961388888888884,0.035512255388061895,0.004101633500826943,0.007747916666666681,0.005806415035572783,0.8038222229675321,0.43357487922705307,4748.0,1.9693354320798135e-06,92,72,1.148779002046558e-05,True,Burst,,выше при ЧМТ,***,0.040 [0.008],0.036 [0.006],0.8038222229675321
temporal,alpha,burst_rate_per_min,13.810387195756189,12.737321496261945,1.0730656994942436,13.75,13.057583760460492,0.6924162395395079,1.9791666666666679,1.7046497713566175,0.7930600145834371,0.4316123188405796,4741.5,2.1852175870878985e-06,92,72,1.1766556238165607e-05,True,Burst,,выше при ЧМТ,***,13.750 [1.979],13.058 [1.705],0.7930600145834371
,theta,clustering,0.3956521739130435,0.553125,-0.15747282608695645,0.39999999999999997,0.6,-0.2,0.4,0.07499999999999996,-0.8919110254938322,-0.40428743961352653,1973.0,8.184690010151842e-07,92,72,1.2277035015227764e-05,True,Connectivity,plv,ниже при ЧМТ,***,0.400 [0.400],0.600 [0.075],0.8919110254938322
,theta,global_efficiency,0.43004227053140115,0.41673418209876545,0.0133080884326357,0.4388888888888889,0.4177083333333333,0.02118055555555559,0.011111111111111127,0.03437499999999999,0.5414692559428703,0.4002113526570048,4637.5,1.0341835275241849e-05,92,72,2.757822740064493e-05,True,Graph metrics,imcoh,выше при ЧМТ,***,0.439 [0.011],0.418 [0.034],0.5414692559428703
occipital,alpha,burst_rate_per_min,13.376917776159768,12.27311976537434,1.1037980107854288,13.645833333333332,12.470286863779908,1.1755464695534243,1.916666666666666,2.4767724751076763,0.5998150048473021,0.4006642512077294,4639.0,1.1041990981315001e-05,92,72,5.5209954906575e-05,True,Burst,,выше при ЧМТ,***,13.646 [1.917],12.470 [2.477],0.5998150048473021
central,alpha,burst_rate_per_min,13.55175178559046,12.487644823741277,1.0641069618491823,13.5,12.586823067424415,0.9131769325755847,2.125,1.480548998617694,0.6922576704685696,0.38300120772946866,4580.5,2.6482626941933486e-05,92,72,0.0001235855923956896,True,Burst,,выше при ЧМТ,***,13.500 [2.125],12.587 [1.481],0.6922576704685696
,alpha,local_efficiency,0.015217391304347825,0.04791666666666666,-0.03269927536231884,0.0,0.0,0.0,0.0,0.075,-0.4242711351458276,-0.2247886473429952,2567.5,0.0001041552161686756,92,72,0.00024284668138197253,True,Graph metrics,imcoh,без разницы,***,0 [0],0 [0.075],0.4242711351458276
,beta,local_efficiency,0.017391304347826087,0.04375,-0.02635869565217391,0.0,0.0,0.0,0.0,0.075,-0.3330028210893215,-0.22388285024154586,2570.5,0.0001113047289667374,92,72,0.00024284668138197253,True,Graph metrics,imcoh,без разницы,***,0 [0],0 [0.075],0.3330028210893215
,alpha,small_world_proxy,0.015217391304347825,0.04791666666666666,-0.03269927536231884,0.0,0.0,0.0,0.0,0.075,-0.4242711351458276,-0.2247886473429952,2567.5,0.0001041552161686756,92,72,0.00024284668138197253,True,Graph metrics,imcoh,без разницы,***,0 [0],0 [0.075],0.4242711351458276
,beta,small_world_proxy,0.017391304347826087,0.04375,-0.02635869565217391,0.0,0.0,0.0,0.0,0.075,-0.3330028210893215,-0.22388285024154586,2570.5,0.0001113047289667374,92,72,0.00024284668138197253,True,Graph metrics,imcoh,без разницы,***,0 [0],0 [0.075],0.3330028210893215
central,alpha,burst_median_duration_sec,0.15596376811594204,0.13925694444444442,0.016706823671497617,0.15399999999999997,0.13424999999999998,0.01974999999999999,0.03662499999999996,0.02956249999999999,0.6084420620547584,0.3589975845410629,4501.0,8.20971398127589e-05,92,72,0.0003443452646830716,True,Burst,,выше при ЧМТ,***,0.154 [0.037],0.134 [0.030],0.6084420620547584
occipital,beta,n_bursts,13.66304347826087,9.431712962962962,4.231330515297907,12.666666666666666,8.75,3.916666666666666,9.75,6.0625,0.6744079141961687,0.35854468599033806,4499.5,8.362670713731739e-05,92,72,0.0003443452646830716,True,Burst,,выше при ЧМТ,***,12.667 [9.750],8.750 [6.062],0.6744079141961687
parietal,alpha,burst_rate_per_min,13.257495579363429,12.128679227817672,1.1288163515457565,13.75,12.042023591966377,1.7079764080336233,2.395833333333332,2.2601626360985474,0.6071354868495766,0.3568840579710144,4494.0,9.036663221985752e-05,92,72,0.0003514257919661126,True,Burst,,выше при ЧМТ,***,13.750 [2.396],12.042 [2.260],0.6071354868495766
occipital,alpha,burst_mean_peak_z,3.0540709681335114,3.2048828824393816,-0.15081191430587015,3.046758231754403,3.2339981398176487,-0.18723990806324586,0.36906794945587906,0.2902422023884297,-0.6576383516715962,-0.3502415458937198,2152.0,0.0001220275588547318,92,72,0.00044957521683322246,True,Burst,,ниже при ЧМТ,***,3.047 [0.369],3.234 [0.290],0.6576383516715962
temporal,alpha,dfa_exponent,0.7787965570095514,0.8252066081491107,-0.046410051139559316,0.777559395180994,0.8190212456698001,-0.04146185048880602,0.0816429957089474,0.09707055271114984,-0.680777070904312,-0.3653381642512077,2102.0,6.131495254845553e-05,92,72,0.0006131495254845553,True,DFA / LRTC,,ниже при ЧМТ,***,0.778 [0.082],0.819 [0.097],0.680777070904312
central,alpha,burst_mean_peak_z,3.1053074156874714,3.236430438975022,-0.13112302328755066,3.1263466535680298,3.2448039821918497,-0.11845732862381997,0.31982966885916575,0.23171174354573232,-0.6147431901119159,-0.3408816425120773,2183.0,0.00018453502217205905,92,72,0.0006458725776022068,True,Burst,,ниже при ЧМТ,***,3.126 [0.320],3.245 [0.232],0.6147431901119159
,beta,local_efficiency,0.4195652173913044,0.5375,-0.11793478260869555,0.6,0.6,0.0,0.3,0.07499999999999996,-0.632163288464101,-0.28879830917874394,2355.5,0.0003466285270144595,92,72,0.000693257054028919,True,Graph metrics,plv,без разницы,***,0.600 [0.300],0.600 [0.075],0.632163288464101
,beta,small_world_proxy,0.4195652173913044,0.5375,-0.11793478260869555,0.6,0.6,0.0,0.3,0.07499999999999996,-0.632163288464101,-0.28879830917874394,2355.5,0.0003466285270144595,92,72,0.000693257054028919,True,Graph metrics,plv,без разницы,***,0.600 [0.300],0.600 [0.075],0.632163288464101
parietal,alpha,burst_mean_peak_z,3.044113620995317,3.19596066874811,-0.15184704775279334,3.040943513910771,3.224147115551145,-0.1832036016403742,0.3292738045415877,0.31476940608471793,-0.6253197135756786,-0.33605072463768115,2199.0,0.00022755454853086562,92,72,0.0007585151617695522,True,Burst,,ниже при ЧМТ,***,3.041 [0.329],3.224 [0.315],0.6253197135756786
frontal,alpha,burst_rate_per_min,13.405489390472226,12.33903945454066,1.0664499359315656,13.416666666666668,12.338649835106393,1.0780168315602747,2.354166666666666,2.3070688897005187,0.6311287458305327,0.33303140096618367,4415.0,0.00025889090340886763,92,72,0.0008237437835736698,True,Burst,,выше при ЧМТ,***,13.417 [2.354],12.339 [2.307],0.6311287458305327
,beta,avg_shortest_path,1.1875,1.061053240740741,0.12644675925925908,1.0,1.0,0.0,0.3333333333333335,0.08333333333333326,0.6410541814247143,0.2821557971014492,4246.5,0.00047770102166405306,92,72,0.0009171859615949819,True,Graph metrics,plv,без разницы,***,1.000 [0.333],1.000 [0.083],0.6410541814247143
,beta,global_efficiency,0.33716787439613527,0.31209490740740736,0.025072966988727907,0.3,0.3,0.0,0.06666666666666665,0.012500000000000011,0.6321313170321052,0.2803442028985508,4240.5,0.0005196443085427609,92,72,0.000959343338848174,True,Graph metrics,plv,без разницы,***,0.300 [0.067],0.300 [0.013],0.6321313170321052
,alpha,clustering,0.015217391304347825,0.04791666666666666,-0.03269927536231884,0.0,0.0,0.0,0.0,0.075,-0.4242711351458276,-0.2247886473429952,2567.5,0.0001041552161686756,92,72,0.001113047289667374,True,Connectivity,imcoh,без разницы,**,0 [0],0 [0.075],0.4242711351458276
,beta,clustering,0.017391304347826087,0.04375,-0.02635869565217391,0.0,0.0,0.0,0.0,0.075,-0.3330028210893215,-0.22388285024154586,2570.5,0.0001113047289667374,92,72,0.001113047289667374,True,Connectivity,imcoh,без разницы,**,0 [0],0 [0.075],0.3330028210893215
central,alpha,burst_mean_duration_sec,0.19211808618691445,0.17079439849050837,0.02132368769640608,0.18828594226421752,0.16690083280289505,0.021385109461322466,0.04282983069523025,0.04657166457051459,0.5509406738211775,0.31461352657004826,4354.0,0.0005584674616826579,92,72,0.0016996835790341763,True,Burst,,выше при ЧМТ,**,0.188 [0.043],0.167 [0.047],0.5509406738211775
,alpha,global_efficiency,0.43082729468599035,0.4225308641975308,0.008296430488459572,0.4388888888888889,0.4302083333333333,0.00868055555555558,0.00833333333333336,0.025000000000000022,0.37599043916637426,0.28940217391304346,4270.5,0.0013518329712154875,92,72,0.002298622417639953,True,Graph metrics,imcoh,выше при ЧМТ,**,0.439 [0.008],0.430 [0.025],0.37599043916637426
,theta,local_efficiency,0.03695652173913044,0.06527777777777778,-0.028321256038647345,0.0,0.0,0.0,0.0,0.15,-0.2973221961353067,-0.22342995169082125,2572.0,0.001388751043990805,92,72,0.002298622417639953,True,Graph metrics,imcoh,без разницы,**,0 [0],0 [0.150],0.2973221961353067
,theta,small_world_proxy,0.03695652173913044,0.06527777777777778,-0.028321256038647345,0.0,0.0,0.0,0.0,0.15,-0.2973221961353067,-0.22342995169082125,2572.0,0.001388751043990805,92,72,0.002298622417639953,True,Graph metrics,imcoh,без разницы,**,0 [0],0 [0.150],0.2973221961353067
,beta,clustering,0.4195652173913044,0.5375,-0.11793478260869555,0.6,0.6,0.0,0.3,0.07499999999999996,-0.632163288464101,-0.28879830917874394,2355.5,0.0003466285270144595,92,72,0.0029711016601239384,True,Connectivity,plv,без разницы,**,0.600 [0.300],0.600 [0.075],0.632163288464101
,alpha,avg_shortest_path,1.5797101449275364,1.5359760802469138,0.043734064680622575,1.5833333333333335,1.5416666666666667,0.04166666666666674,0.11111111111111116,0.15104166666666652,0.43983163262388375,0.27989130434782616,4239.0,0.001899947329313303,92,72,0.0030399157269012846,True,Graph metrics,imcoh,выше при ЧМТ,**,1.583 [0.111],1.542 [0.151],0.43983163262388375
frontal,alpha,burst_mean_peak_z,3.0768014827089725,3.209869943722611,-0.13306846101363856,3.071599729714998,3.2160714837603734,-0.14447175404537527,0.3664807594357238,0.33362142319975296,-0.5485374490932585,-0.29559178743961356,2333.0,0.0011858118203342846,92,72,0.00345861780930833,True,Burst,,ниже при ЧМТ,**,3.072 [0.366],3.216 [0.334],0.5485374490932585
central,beta,dfa_exponent,0.7022609559784087,0.730194500521782,-0.02793354454337338,0.7040645311866242,0.7211595530324642,-0.017095021845839997,0.08377913077935839,0.068742525560612,-0.4903475997707794,-0.28894927536231885,2355.0,0.0015276778442975582,92,72,0.005092259480991861,True,DFA / LRTC,,ниже при ЧМТ,**,0.704 [0.084],0.721 [0.069],0.4903475997707794
temporal,beta,dfa_exponent,0.6950481257017269,0.7252855214897268,-0.030237395787999888,0.6974820775145175,0.7182082174338738,-0.020726139919356235,0.08090574918316229,0.06645220781956196,-0.5540069734602563,-0.2961956521739131,2331.0,0.001158529810989966,92,72,0.005092259480991861,True,DFA / LRTC,,ниже при ЧМТ,**,0.697 [0.081],0.718 [0.066],0.5540069734602563
,theta,local_efficiency,0.06413043478260869,0.08749999999999998,-0.023369565217391294,0.0,0.075,-0.075,0.0,0.15,-0.18457799509153905,-0.21467391304347827,2601.0,0.005495375288081497,92,72,0.008243062932122246,True,Graph metrics,wpli,ниже при ЧМТ,**,0 [0],0.075 [0.150],0.18457799509153905
,theta,small_world_proxy,0.06413043478260869,0.08749999999999998,-0.023369565217391294,0.0,0.075,-0.075,0.0,0.15,-0.18457799509153905,-0.21467391304347827,2601.0,0.005495375288081497,92,72,0.008243062932122246,True,Graph metrics,wpli,ниже при ЧМТ,**,0 [0],0.075 [0.150],0.18457799509153905
,,event_rate_per_min,0.2595108695652174,0.6422582941281102,-0.3827474245628928,0.0,0.208592132505176,-0.208592132505176,0.25,0.7550515607580824,-0.4951986334453045,-0.2960446859903382,2331.5,0.0008116469836290118,92,72,0.008928116819919129,True,Events,,ниже при ЧМТ,**,0 [0.250],0.209 [0.755],0.4951986334453045
,theta,clustering,0.03695652173913044,0.06527777777777778,-0.028321256038647345,0.0,0.0,0.0,0.0,0.15,-0.2973221961353067,-0.22342995169082125,2572.0,0.001388751043990805,92,72,0.010415632829931038,True,Connectivity,imcoh,без разницы,*,0 [0],0 [0.150],0.2973221961353067
parietal,beta,burst_time_fraction,0.009087008095832431,0.007082965781543413,0.0020040423142890177,0.00844999999999995,0.006741896408289575,0.0017081035917103759,0.004437792397660858,0.004017982051032993,0.4917009679836964,0.26147342995169076,4178.0,0.0041327892908453595,92,72,0.011571810014367006,True,Burst,,выше при ЧМТ,*,0.008 [0.004],0.007 [0.004],0.4917009679836964
,,event_mean_z_peak,6.492475979562516,7.203285965081494,-0.7108099855189778,6.277143468276066,7.140723627444176,-0.8635801591681105,1.8190591835048284,1.672010658588169,-0.4847687606684501,-0.3551515151515151,798.0,0.0023529835160781506,45,55,0.012941409338429829,True,Events,,ниже при ЧМТ,*,6.277 [1.819],7.141 [1.672],0.4847687606684501
,alpha,local_efficiency,0.053260869565217396,0.07916666666666666,-0.025905797101449267,0.0,0.0,0.0,0.0,0.15,-0.20591878419711065,-0.18387681159420288,2703.0,0.010213540085306746,92,72,0.014419115414550699,True,Graph metrics,wpli,без разницы,*,0 [0],0 [0.150],0.20591878419711065
,alpha,small_world_proxy,0.053260869565217396,0.07916666666666666,-0.025905797101449267,0.0,0.0,0.0,0.0,0.15,-0.20591878419711065,-0.18387681159420288,2703.0,0.010213540085306746,92,72,0.014419115414550699,True,Graph metrics,wpli,без разницы,*,0 [0],0 [0.150],0.20591878419711065
,theta,avg_shortest_path,1.5404589371980677,1.507716049382716,0.03274288781535173,1.5555555555555556,1.5208333333333335,0.0347222222222221,0.12500000000000022,0.125,0.2978931771902098,0.22901570048309172,4070.5,0.011378615804782367,92,72,0.015067712445155416,True,Graph metrics,imcoh,выше при ЧМТ,*,1.556 [0.125],1.521 [0.125],0.2978931771902098
,beta,local_efficiency,0.04565217391304347,0.056249999999999994,-0.010597826086956523,0.0,0.0,0.0,0.0,0.15,-0.10782692692983359,-0.17919685990338163,2718.5,0.0116146950098073,92,72,0.015067712445155416,True,Graph metrics,wpli,без разницы,*,0 [0],0 [0.150],0.10782692692983359
,beta,small_world_proxy,0.04565217391304347,0.056249999999999994,-0.010597826086956523,0.0,0.0,0.0,0.0,0.15,-0.10782692692983359,-0.17919685990338163,2718.5,0.0116146950098073,92,72,0.015067712445155416,True,Graph metrics,wpli,без разницы,*,0 [0],0 [0.150],0.10782692692983359
,,n_events,1.0380434782608696,1.8096064814814814,-0.7715630032206118,0.0,0.5625,-0.5625,1.0,2.28125,-0.32781872756591723,-0.252566425120773,2475.5,0.004266145098123548,92,72,0.01564253202645301,True,Events,,ниже при ЧМТ,*,0 [1.000],0.562 [2.281],0.32781872756591723
,,event_mean_active_roi,4.297641062641063,4.019380141204104,0.27826092143695824,4.333333333333333,4.0,0.33333333333333304,0.583333333333333,0.6114035087719296,0.5356039204391265,0.3208080808080809,1634.5,0.005740396064448783,45,55,0.015786089177234154,True,Events,,выше при ЧМТ,*,4.333 [0.583],4.000 [0.611],0.5356039204391265
central,beta,n_bursts,13.641304347826088,10.793402777777779,2.8479015700483092,12.75,10.75,2.0,9.541666666666668,6.0625,0.466194178974989,0.24924516908212557,4137.5,0.0062542408878373135,92,72,0.01683834085186969,True,Burst,,выше при ЧМТ,*,12.750 [9.542],10.750 [6.062],0.466194178974989
,beta,avg_shortest_path,1.5733695652173914,1.5602816358024691,0.013087929414922206,1.6666666666666667,1.5833333333333335,0.08333333333333326,0.16666666666666674,0.125,0.10593293557647357,0.21693840579710155,4030.5,0.01390841720805467,92,72,0.017568526999648004,True,Graph metrics,wpli,выше при ЧМТ,*,1.667 [0.167],1.583 [0.125],0.10593293557647357
parietal,beta,burst_rate_per_min,4.3997729006310236,3.648015596651545,0.7517573039794785,4.25,3.506101244899569,0.7438987551004308,2.0833333333333335,2.203007412973113,0.44546155538214927,0.24426328502415462,4121.0,0.007381556145072639,92,72,0.019137367783521656,True,Burst,,выше при ЧМТ,*,4.250 [2.083],3.506 [2.203],0.44546155538214927
,beta,local_efficiency,0.39347826086956517,0.49374999999999997,-0.1002717391304348,0.39999999999999997,0.525,-0.12500000000000006,0.4,0.15000000000000002,-0.5358207920888061,-0.206219806763285,2629.0,0.016832549112499026,92,72,0.02019905893499883,True,Graph metrics,coh,ниже при ЧМТ,*,0.400 [0.400],0.525 [0.150],0.5358207920888061
,beta,small_world_proxy,0.39347826086956517,0.49374999999999997,-0.1002717391304348,0.39999999999999997,0.525,-0.12500000000000006,0.4,0.15000000000000002,-0.5358207920888061,-0.206219806763285,2629.0,0.016832549112499026,92,72,0.02019905893499883,True,Graph metrics,coh,ниже при ЧМТ,*,0.400 [0.400],0.525 [0.150],0.5358207920888061
frontal,alpha,burst_median_duration_sec,0.1613894927536232,0.14737673611111113,0.014012756642512059,0.15233333333333332,0.143625,0.008708333333333318,0.035249999999999976,0.03475,0.44051163339454774,0.23263888888888884,4082.5,0.010726533392151143,92,72,0.026816333480377857,True,Burst,,выше при ЧМТ,*,0.152 [0.035],0.144 [0.035],0.44051163339454774
,,event_mean_line_length,10.966657928470555,13.371672182582456,-2.405014254111901,9.167316818508052,11.542225718912276,-2.3749089004042236,4.8724403480361875,6.178896422364854,-0.2820263468190332,-0.2913131313131313,877.0,0.012621369300022844,45,55,0.027767012460050255,True,Events,,ниже при ЧМТ,*,9.167 [4.872],11.542 [6.179],0.2820263468190332
,beta,avg_shortest_path,1.211352657004831,1.0960648148148147,0.11528784219001631,1.1666666666666665,1.0833333333333333,0.08333333333333326,0.3333333333333335,0.16666666666666674,0.582924015385282,0.19474637681159424,3957.0,0.02428157752268294,92,72,0.02842721270948247,True,Graph metrics,coh,выше при ЧМТ,*,1.167 [0.333],1.083 [0.167],0.582924015385282
temporal,alpha,burst_mean_peak_z,3.186331833278231,3.267888903732908,-0.0815570704546773,3.1790741936384075,3.2563294990663003,-0.07725530542789283,0.27979418937267475,0.269226847992726,-0.38043868115936813,-0.2276570048309179,2558.0,0.012534401647199404,92,72,0.030255452251860628,True,Burst,,ниже при ЧМТ,*,3.179 [0.280],3.256 [0.269],0.38043868115936813
,beta,global_efficiency,0.3413647342995169,0.3185185185185185,0.022846215780998436,0.32499999999999996,0.3125,0.012499999999999956,0.06666666666666665,0.033333333333333326,0.5787109075240453,0.1868961352657006,3931.0,0.030664069825138328,92,72,0.03504465122872952,True,Graph metrics,coh,выше при ЧМТ,*,0.325 [0.067],0.312 [0.033],0.5787109075240453
occipital,alpha,burst_median_duration_sec,0.15790217391304348,0.1469253472222222,0.010976826690821284,0.15125,0.1405,0.010749999999999982,0.03774999999999998,0.033312499999999995,0.36250601761017137,0.2216183574879227,4046.0,0.015077026500903843,92,72,0.035179728502108966,True,Burst,,выше при ЧМТ,*,0.151 [0.038],0.141 [0.033],0.36250601761017137
,theta,clustering,0.06413043478260869,0.08749999999999998,-0.023369565217391294,0.0,0.075,-0.075,0.0,0.15,-0.18457799509153905,-0.21467391304347827,2601.0,0.005495375288081497,92,72,0.03663583525387665,True,Connectivity,wpli,ниже при ЧМТ,*,0 [0],0.075 [0.150],0.18457799509153905
,alpha,avg_shortest_path,1.545289855072464,1.517457561728395,0.027832293344069114,1.5833333333333335,1.5416666666666667,0.04166666666666674,0.16666666666666674,0.16666666666666652,0.19500777645934245,0.19006642512077287,3941.5,0.03463715884279539,92,72,0.03866473545242276,True,Graph metrics,wpli,выше при ЧМТ,*,1.583 [0.167],1.542 [0.167],0.19500777645934245
parietal,beta,burst_mean_duration_sec,0.12177546952454163,0.11419854916999078,0.007576920354550848,0.11558347457066498,0.1103509869737969,0.005232487596868077,0.02051359639629377,0.013792303962487651,0.37083135221748004,0.21376811594202905,4020.0,0.019062349617583185,92,72,0.04169888978846322,True,Burst,,выше при ЧМТ,*,0.116 [0.021],0.110 [0.014],0.37083135221748004
temporal,beta,n_bursts,12.21376811594203,9.77199074074074,2.441777375201289,10.833333333333332,9.25,1.5833333333333321,9.083333333333332,5.03125,0.4648440414297023,0.21391908212560384,4020.5,0.01895086444007135,92,72,0.04169888978846322,True,Burst,,выше при ЧМТ,*,10.833 [9.083],9.250 [5.031],0.4648440414297023
,,event_mean_propagation_ms,97.27007634340968,75.66210949353442,21.607966849875268,88.77777777777777,74.19047619047619,14.587301587301582,34.0,41.81416666666666,0.3972498136381542,0.24888888888888894,1545.5,0.03311847421475685,45,55,0.060717202727054234,False,Events,,выше при ЧМТ,,88.778 [34.000],74.190 [41.814],0.3972498136381542
,alpha,clustering,0.053260869565217396,0.07916666666666666,-0.025905797101449267,0.0,0.0,0.0,0.0,0.15,-0.20591878419711065,-0.18387681159420288,2703.0,0.010213540085306746,92,72,0.06128124051184048,False,Connectivity,wpli,без разницы,,0 [0],0 [0.150],0.20591878419711065
,beta,clustering,0.04565217391304347,0.056249999999999994,-0.010597826086956523,0.0,0.0,0.0,0.0,0.15,-0.10782692692983359,-0.17919685990338163,2718.5,0.0116146950098073,92,72,0.06335288187167619,False,Connectivity,wpli,без разницы,,0 [0],0 [0.150],0.10782692692983359
,theta,median_strength,0.42098334795017345,0.39847339857730923,0.022509949372864213,0.42269446356176055,0.4007674658471665,0.021926997714594054,0.06432996492401016,0.08136590544949318,0.3581939439175898,0.22705314009661826,4064.0,0.01277057448493211,92,72,0.06385287242466055,False,Connectivity,plv,выше при ЧМТ,,0.423 [0.064],0.401 [0.081],0.3581939439175898
,theta,global_efficiency,0.41781400966183585,0.413599537037037,0.004214472624798848,0.4333333333333333,0.4125,0.020833333333333315,0.04236111111111113,0.038541666666666696,0.13296144777524224,0.16953502415458943,3873.5,0.0622756891486622,92,72,0.06793711543490423,False,Graph metrics,wpli,выше при ЧМТ,,0.433 [0.042],0.412 [0.039],0.13296144777524224
,beta,clustering,0.39347826086956517,0.49374999999999997,-0.1002717391304348,0.39999999999999997,0.525,-0.12500000000000006,0.4,0.15000000000000002,-0.5358207920888061,-0.206219806763285,2629.0,0.016832549112499026,92,72,0.07768868821153396,False,Connectivity,coh,ниже при ЧМТ,,0.400 [0.400],0.525 [0.150],0.5358207920888061
,alpha,mean_strength,0.45448939300684166,0.479390330507894,-0.024900937501052323,0.4528124982641304,0.47013313775613785,-0.01732063949200746,0.0627912597422256,0.0808201393122483,-0.43211991793501897,-0.2119565217391305,2610.0,0.02010254738343057,92,72,0.08184048305286595,False,Connectivity,plv,ниже при ЧМТ,,0.453 [0.063],0.470 [0.081],0.43211991793501897
,beta,mean_strength,0.08470495667701183,0.06973116233182626,0.014973794345185573,0.07385910437778553,0.062294836607951695,0.011564267769833839,0.05589964034015037,0.04562534771813792,0.30717491287261883,0.21135265700483097,4012.0,0.02046012076321649,92,72,0.08184048305286595,False,Connectivity,wpli,выше при ЧМТ,,0.074 [0.056],0.062 [0.046],0.30717491287261883
frontal,alpha,burst_mean_duration_sec,0.19728021343280844,0.1821301629189718,0.015150050513836638,0.18966503496503495,0.18059876758211835,0.009066267382916604,0.049226269797561895,0.06146197358082067,0.34621548175253086,0.18659420289855078,3930.0,0.04074718386671612,92,72,0.08643342032333723,False,Burst,,выше при ЧМТ,,0.190 [0.049],0.181 [0.061],0.34621548175253086
,beta,mean_strength,0.04062407668430378,0.03432008335341831,0.006303993330885473,0.03453567253114155,0.029779509398134018,0.004756163133007533,0.02779639852444428,0.021320775061711584,0.27681452311699983,0.2065217391304348,3996.0,0.023525867406800127,92,72,0.08822200277550048,False,Connectivity,imcoh,выше при ЧМТ,,0.035 [0.028],0.030 [0.021],0.27681452311699983
frontal,beta,burst_time_fraction,0.007251829435660923,0.00606531163891039,0.0011865177967505325,0.006874999999999933,0.005754771165635938,0.0011202288343639955,0.0037135416666666705,0.004036506062759612,0.37058763927367094,0.18025362318840576,3909.0,0.04809693282545366,92,72,0.09902309699358107,False,Burst,,выше при ЧМТ,,0.007 [0.004],0.006 [0.004],0.37058763927367094
parietal,alpha,burst_median_duration_sec,0.1673351449275362,0.1546753472222222,0.012659797705314002,0.15616666666666668,0.1495,0.006666666666666682,0.04570833333333332,0.03453124999999996,0.366070049382533,0.17844202898550732,3903.0,0.05038708234286538,92,72,0.10077416468573076,False,Burst,,выше при ЧМТ,,0.156 [0.046],0.149 [0.035],0.366070049382533
occipital,beta,dfa_exponent,0.6868722455469617,0.7088075445141538,-0.02193529896719215,0.6857498016478847,0.706027923105941,-0.020278121458056297,0.0778719889410251,0.06775716183128533,-0.2845686756383666,-0.18327294685990336,2705.0,0.04446880072842484,92,72,0.11117200182106209,False,DFA / LRTC,,ниже при ЧМТ,,0.686 [0.078],0.706 [0.068],0.2845686756383666
,alpha,global_efficiency,0.42010869565217385,0.41700424382716045,0.003104451825013399,0.4333333333333333,0.42604166666666665,0.007291666666666641,0.03194444444444444,0.033854166666666685,0.09841882795188343,0.14326690821256038,3786.5,0.1117404892180578,92,72,0.11918985516592832,False,Graph metrics,wpli,выше при ЧМТ,,0.433 [0.032],0.426 [0.034],0.09841882795188343
,beta,median_strength,0.08128553987609266,0.06664323915833273,0.014642300717759932,0.06655038676285614,0.05445656302992359,0.012093823732932552,0.06278768120056588,0.04511956900205119,0.2917113055172325,0.19293478260869557,3951.0,0.034372277296568374,92,72,0.12131391987024132,False,Connectivity,wpli,выше при ЧМТ,,0.067 [0.063],0.054 [0.045],0.2917113055172325
occipital,alpha,burst_mean_duration_sec,0.19530128221411078,0.1828641034701647,0.012437178743946065,0.1899598591533612,0.17998459018157814,0.009975268971783052,0.04777461106228012,0.0545412520389012,0.2858194109178004,0.16817632850241537,3869.0,0.06518763207552834,92,72,0.12675372903574958,False,Burst,,выше при ЧМТ,,0.190 [0.048],0.180 [0.055],0.2858194109178004
frontal,beta,burst_rate_per_min,3.6631193225157754,3.2110764710627446,0.4520428514530308,3.5,3.0809077610791245,0.41909223892087555,1.9375,1.7785777501617082,0.3164245231169377,0.16304347826086962,3852.0,0.073811814327208,92,72,0.13964397305147458,False,Burst,,выше при ЧМТ,,3.500 [1.938],3.081 [1.779],0.3164245231169377
,beta,median_strength,0.03897453928575668,0.032557168165290334,0.006417371120466343,0.0336915876333449,0.027594106664387115,0.006097480968957784,0.030685193636998433,0.019339430730158987,0.2778494473023839,0.18176328502415462,3914.0,0.04625299436632406,92,72,0.15417664788774688,False,Connectivity,imcoh,выше при ЧМТ,,0.034 [0.031],0.028 [0.019],0.2778494473023839
central,beta,burst_mean_duration_sec,0.1118232366855961,0.1137658230175357,-0.001942586331939597,0.10876544860368387,0.1122629777934054,-0.0034975291897215294,0.01684646016015101,0.01421441797366721,-0.13873741559338237,-0.15489130434782605,2799.0,0.0894745817767314,92,72,0.16482159800976837,False,Burst,,ниже при ЧМТ,,0.109 [0.017],0.112 [0.014],0.13873741559338237
,beta,global_efficiency,0.4296497584541062,0.4232638888888889,0.006385869565217306,0.4333333333333333,0.4333333333333333,0.0,0.0,0.021875000000000033,0.3195247071321508,0.11533816425120769,3694.0,0.18433984583563812,92,72,0.19235462174153542,False,Graph metrics,imcoh,без разницы,,0.433 [0],0.433 [0.022],0.3195247071321508
,beta,global_efficiency,0.42237318840579713,0.4205632716049382,0.0018099168008589017,0.4333333333333333,0.42916666666666664,0.004166666666666652,0.004166666666666652,0.033333333333333326,0.07350922455342765,0.11609299516908211,3696.5,0.188574344107741,92,72,0.19258656419513973,False,Graph metrics,wpli,выше при ЧМТ,,0.433 [0.004],0.429 [0.033],0.07350922455342765
temporal,alpha,burst_median_duration_sec,0.1426159420289855,0.13707696759259258,0.005538974436392924,0.13783333333333336,0.136125,0.0017083333333333672,0.024999999999999994,0.022000000000000006,0.26791542583887606,0.14462560386473422,3791.0,0.11283559876537776,92,72,0.20252543368144724,False,Burst,,выше при ЧМТ,,0.138 [0.025],0.136 [0.022],0.26791542583887606
,beta,mean_strength,0.39243115988379784,0.40143585236704926,-0.00900469248325142,0.38791640115399517,0.394083874633575,-0.006167473479579855,0.05283038565964382,0.03033312663386023,-0.23497680512860608,-0.16032608695652173,2781.0,0.07877850232664346,92,72,0.24877421787361095,False,Connectivity,plv,ниже при ЧМТ,,0.388 [0.053],0.394 [0.030],0.23497680512860608
parietal,alpha,burst_mean_duration_sec,0.20459484784660378,0.19276576477877283,0.011829083067830953,0.19322395833333325,0.18759047377312454,0.005633484560208707,0.0528285546976639,0.05756833532861472,0.2503698171652822,0.13315217391304346,3753.0,0.14439953364526112,92,72,0.252699183879207,False,Burst,,выше при ЧМТ,,0.193 [0.053],0.188 [0.058],0.2503698171652822
,theta,avg_shortest_path,1.502415458937198,1.4953703703703707,0.0070450885668273955,1.5,1.5,0.0,0.16666666666666696,0.125,0.05225165572145521,0.09631642512077287,3631.0,0.28796520996329444,92,72,0.28796520996329444,False,Graph metrics,wpli,без разницы,,1.500 [0.167],1.500 [0.125],0.05225165572145521
,theta,mean_strength,0.430712249225549,0.4405740102123153,-0.009861760986766277,0.4246607579605022,0.4401380218851236,-0.015477263924621398,0.04585480182079571,0.05146562522322462,-0.2480995297766376,-0.14583333333333337,2829.0,0.10987186755170543,92,72,0.3296156026551163,False,Connectivity,plv,ниже при ЧМТ,,0.425 [0.046],0.440 [0.051],0.2480995297766376
temporal,beta,burst_rate_per_min,3.0553099646349073,3.2413812170775103,-0.18607125244260292,2.708333333333333,3.1030981714054997,-0.39476483807216667,2.333333333333333,1.5064781295385483,-0.12977360034261717,-0.11352657004830913,2936.0,0.21337867220519036,92,72,0.36430505010642256,False,Burst,,ниже при ЧМТ,,2.708 [2.333],3.103 [1.506],0.12977360034261717
occipital,beta,burst_median_duration_sec,0.10054166666666664,0.10121874999999998,-0.000677083333333342,0.09866666666666667,0.10012499999999999,-0.0014583333333333254,0.010708333333333334,0.0084375,-0.059160172847838255,-0.11065821256038644,2945.5,0.2252098912073115,92,72,0.37534981867885253,False,Burst,,ниже при ЧМТ,,0.099 [0.011],0.100 [0.008],0.059160172847838255
frontal,beta,burst_mean_duration_sec,0.11649138044869284,0.11166743834196341,0.004823942106729429,0.11032587412587413,0.10927023820477764,0.00105563592109649,0.02082464018824312,0.010350503907856884,0.2825609635226842,0.10839371980676327,3671.0,0.23487489829989272,92,72,0.3823544856044765,False,Burst,,выше при ЧМТ,,0.110 [0.021],0.109 [0.010],0.2825609635226842
temporal,beta,burst_time_fraction,0.006175339565564069,0.0065319776219361515,-0.0003566380563720826,0.005381944444444417,0.0062237057692301565,-0.0008417613247857399,0.0045225694444444575,0.0029101848409722967,-0.1130096834031622,-0.10416666666666663,2967.0,0.2536599449124577,92,72,0.4035499123607282,False,Burst,,ниже при ЧМТ,,0.005 [0.005],0.006 [0.003],0.1130096834031622
central,alpha,dfa_exponent,0.8157349869561088,0.8247462643071664,-0.009011277351057556,0.817124105101692,0.8342014752189426,-0.017077370117250634,0.08940490825103187,0.11184402426654738,-0.11393153640970766,-0.07940821256038644,3049.0,0.3844114701749327,92,72,0.43910529365216056,False,DFA / LRTC,,ниже при ЧМТ,,0.817 [0.089],0.834 [0.112],0.11393153640970766
frontal,alpha,dfa_exponent,0.8353668428509143,0.8462086484455376,-0.010841805594623222,0.8451027640105229,0.8509178519377192,-0.005815087927196316,0.1214585654524094,0.13090319702985076,-0.12584467890396167,-0.0718599033816425,3074.0,0.4313058713064428,92,72,0.43910529365216056,False,DFA / LRTC,,ниже при ЧМТ,,0.845 [0.121],0.851 [0.131],0.12584467890396167
frontal,beta,dfa_exponent,0.7154599173280481,0.7202686187582077,-0.004808701430159545,0.71076525194994,0.7230625943810284,-0.012297342431088376,0.08613482804740824,0.07839865274488811,-0.07474046353613975,-0.09541062801932365,2996.0,0.29583217960730424,92,72,0.43910529365216056,False,DFA / LRTC,,ниже при ЧМТ,,0.711 [0.086],0.723 [0.078],0.07474046353613975
occipital,alpha,dfa_exponent,0.8230932541160135,0.835517059829502,-0.012423805713488445,0.8365367588468671,0.8370162292631262,-0.00047947041625917564,0.11882147065017001,0.12946755023228207,-0.13129306341029848,-0.07367149758454106,3068.0,0.41975863420959525,92,72,0.43910529365216056,False,DFA / LRTC,,ниже при ЧМТ,,0.837 [0.119],0.837 [0.129],0.13129306341029848
parietal,alpha,dfa_exponent,0.8509302882300811,0.8637017651733839,-0.012771476943302829,0.855246190618389,0.8606556661657297,-0.005409475547340725,0.1237654376069165,0.13042343910996657,-0.1461878407332353,-0.07065217391304346,3078.0,0.43910529365216056,92,72,0.43910529365216056,False,DFA / LRTC,,ниже при ЧМТ,,0.855 [0.124],0.861 [0.130],0.1461878407332353
parietal,beta,dfa_exponent,0.727810706602494,0.730812215983368,-0.003001509380873957,0.7164974711694971,0.7307394143412502,-0.014241943171753091,0.08229661556759904,0.07860887280296225,-0.04457064912015558,-0.07729468599033817,3056.0,0.39721688640777697,92,72,0.43910529365216056,False,DFA / LRTC,,ниже при ЧМТ,,0.716 [0.082],0.731 [0.079],0.04457064912015558
,alpha,mean_strength,0.22879459809011066,0.18713991948139488,0.04165467860871577,0.1779930521737102,0.1813178992606096,-0.0033248470868993962,0.19069500579346643,0.15406579311520008,0.294407730633759,0.12983091787439616,3742.0,0.1546917456748663,92,72,0.4419764162139037,False,Connectivity,wpli,ниже при ЧМТ,,0.178 [0.191],0.181 [0.154],0.294407730633759
,alpha,median_strength,0.23012064837457039,0.18829445454767552,0.04182619382689487,0.180919436989957,0.16928815730580327,0.011631279684153728,0.21322355410434873,0.15677535531034426,0.2741346553972598,0.12590579710144922,3729.0,0.16756276521225788,92,72,0.45698935966979426,False,Connectivity,wpli,выше при ЧМТ,,0.181 [0.213],0.169 [0.157],0.2741346553972598
central,beta,burst_time_fraction,0.006558904404456428,0.006896285043633777,-0.00033738063917734904,0.0059333333333333,0.006785118123336244,-0.0008517847900029437,0.004665277777777784,0.004229920192809855,-0.09261131634010804,-0.09510869565217395,2997.0,0.2973652759866293,92,72,0.4625682070903122,False,Burst,,ниже при ЧМТ,,0.006 [0.005],0.007 [0.004],0.09261131634010804
,alpha,median_strength,0.2826167825942497,0.2675879758959361,0.015028806698313635,0.26844337689556147,0.24164111389765852,0.026802262997902948,0.12862365247483823,0.09985498537148313,0.16875713875441828,0.12047101449275366,3711.0,0.1866900401851853,92,72,0.487017496135266,False,Connectivity,coh,выше при ЧМТ,,0.268 [0.129],0.242 [0.100],0.16875713875441828
central,beta,burst_median_duration_sec,0.10074275362318838,0.1020138888888889,-0.0012711352657005237,0.09966666666666665,0.1004375,-0.0007708333333333456,0.014500000000000013,0.008468749999999997,-0.13528375153719618,-0.08589975845410625,3027.5,0.34665229738014125,92,72,0.5275143655784759,False,Burst,,ниже при ЧМТ,,0.100 [0.015],0.100 [0.008],0.13528375153719618
,alpha,mean_strength,0.09927665939737156,0.08439888946299427,0.014877769934377283,0.0737639186002719,0.07605677832763488,-0.0022928597273629836,0.08565159738238524,0.07064712603898168,0.23373934022330445,0.11171497584541057,3682.0,0.22082304367718208,92,72,0.5520576091929552,False,Connectivity,imcoh,ниже при ЧМТ,,0.074 [0.086],0.076 [0.071],0.23373934022330445
occipital,beta,burst_time_fraction,0.006738600102859214,0.006045340590960266,0.0006932595118989485,0.006371564327485334,0.005397715844797181,0.0009738484826881527,0.004784027777777759,0.0038714026612680866,0.17838783548306703,0.08152173913043481,3582.0,0.3718617978300006,92,72,0.5538367201723414,False,Burst,,выше при ЧМТ,,0.006 [0.005],0.005 [0.004],0.17838783548306703
,,event_mean_area,0.6661291471428628,0.6694863267245041,-0.0033571795816413896,0.6050373129065723,0.6099720994674698,-0.0049347865608975194,0.26378538693111564,0.30025701179600706,-0.008937816337340919,-0.10868686868686872,1103.0,0.35318681561367493,45,55,0.5550078531072035,False,Events,,ниже при ЧМТ,,0.605 [0.264],0.610 [0.300],0.008937816337340919
occipital,beta,burst_mean_duration_sec,0.11455760327402782,0.11234594187875863,0.002211661395269196,0.111462443438914,0.10977202380952378,0.001690419629390219,0.02150652256950207,0.012956755050505087,0.11357138939563688,0.07397342995169076,3557.0,0.41785191618013295,92,72,0.5844889809758437,False,Burst,,выше при ЧМТ,,0.111 [0.022],0.110 [0.013],0.11357138939563688
temporal,alpha,burst_mean_duration_sec,0.17320709486554323,0.1678899202432596,0.005317174622283621,0.16671259655377302,0.16534668515252413,0.0013659114012488927,0.034990679070645764,0.033164087074588455,0.17790129414028888,0.07276570048309172,3553.0,0.4255093848962622,92,72,0.5844889809758437,False,Burst,,выше при ЧМТ,,0.167 [0.035],0.165 [0.033],0.17790129414028888
parietal,beta,burst_median_duration_sec,0.103463768115942,0.10121990740740741,0.0022438607085345924,0.10016666666666667,0.09912499999999999,0.0010416666666666768,0.010750000000000023,0.011062500000000003,0.20839784578000356,0.07155797101449268,3549.0,0.4332090519882408,92,72,0.5844889809758437,False,Burst,,выше при ЧМТ,,0.100 [0.011],0.099 [0.011],0.20839784578000356
central,beta,burst_rate_per_min,3.4114095763123227,3.5731707129484684,-0.16176113663614577,3.1875,3.502023589269195,-0.3145235892691951,2.385416666666667,2.0172611996981935,-0.09679414249991614,-0.07533212560386471,3062.5,0.40929904057435984,92,72,0.5844889809758437,False,Burst,,ниже при ЧМТ,,3.188 [2.385],3.502 [2.017],0.09679414249991614
occipital,beta,burst_rate_per_min,3.417650475001733,3.1292750705010834,0.2883754045006497,3.1666666666666665,2.9824929984966593,0.18417366817000724,2.4375,1.9731817481008038,0.1679159308744557,0.07140700483091789,3548.5,0.4341918144391982,92,72,0.5844889809758437,False,Burst,,выше при ЧМТ,,3.167 [2.438],2.982 [1.973],0.1679159308744557
,theta,mean_strength,0.35984547813831985,0.372689287357032,-0.012843809218712143,0.35293059077182554,0.36379011022037083,-0.010859519448545296,0.088673610940322,0.08659632605252066,-0.2070473505302498,-0.1032608695652174,2970.0,0.2578177003230635,92,72,0.6187624807753523,False,Connectivity,coh,ниже при ЧМТ,,0.353 [0.089],0.364 [0.087],0.2070473505302498
,theta,mean_strength,0.042022646876597236,0.04110289741088621,0.0009197494657110228,0.03496503515173235,0.030508183033127294,0.004456852118605054,0.028537384269845582,0.021170561798592287,0.028932977041929146,0.09510869565217384,3627.0,0.29736560456555683,92,72,0.6504693397393879,False,Connectivity,imcoh,выше при ЧМТ,,0.035 [0.029],0.031 [0.021],0.028932977041929146
,theta,mean_strength,0.09388428658935818,0.09054955376329317,0.003334732826065015,0.07526662785114349,0.06390125867370347,0.011365369177440021,0.0667276523648413,0.053606285237192915,0.04381186367631618,0.09752415458937191,3635.0,0.285246578643789,92,72,0.6504693397393879,False,Connectivity,wpli,выше при ЧМТ,,0.075 [0.067],0.064 [0.054],0.04381186367631618
,alpha,median_strength,0.10008252695615012,0.08644170367237451,0.01364082328377561,0.0717964433950718,0.07162242155702477,0.00017402183804703097,0.07894501816552939,0.07421864645917005,0.1896709077779172,0.0939009661835748,3623.0,0.3035523585450477,92,72,0.6504693397393879,False,Connectivity,imcoh,выше при ЧМТ,,0.072 [0.079],0.072 [0.074],0.1896709077779172
frontal,beta,burst_median_duration_sec,0.10211413043478261,0.09994403108465608,0.0021700993501265337,0.09999999999999999,0.09893750000000001,0.0010624999999999801,0.012083333333333321,0.009062499999999987,0.237799293018286,0.061141304347826164,3514.5,0.5032470898962393,92,72,0.664665967787486,False,Burst,,выше при ЧМТ,,0.100 [0.012],0.099 [0.009],0.237799293018286
,beta,mean_strength,0.29269530152861195,0.30091373862039916,-0.008218437091787212,0.2906270011846914,0.28986175751229015,0.0007652436724012723,0.05571463458170839,0.041112712362592674,-0.1773278431063929,-0.08665458937198067,3025.0,0.3424573457557575,92,72,0.684914691511515,False,Connectivity,coh,выше при ЧМТ,,0.291 [0.056],0.290 [0.041],0.1773278431063929
,alpha,median_strength,0.42233229103426656,0.43588434191660497,-0.013552050882338407,0.4164967902212775,0.4320066241598425,-0.015509833938564976,0.12934315956915265,0.10454968471611664,-0.16938671244264472,-0.08695652173913049,3024.0,0.34077525465916203,92,72,0.684914691511515,False,Connectivity,plv,ниже при ЧМТ,,0.416 [0.129],0.432 [0.105],0.16938671244264472
temporal,beta,burst_mean_duration_sec,0.12100836066472512,0.11916380412167366,0.001844556543051462,0.11276559931296773,0.11517164942900233,-0.0024060501160346054,0.025708110904440862,0.016091320383048294,0.09031838061568812,-0.055857487922705285,3127.0,0.5409726080467074,92,72,0.7012607882086948,False,Burst,,ниже при ЧМТ,,0.113 [0.026],0.115 [0.016],0.09031838061568812
,beta,median_strength,0.3537857079672247,0.3463498387587449,0.007435869208479773,0.3485897077284028,0.332307992970719,0.016281714757683807,0.08466035952373552,0.05669884211690046,0.13506088851942416,0.08152173913043481,3582.0,0.3718617978300006,92,72,0.7197325119290334,False,Connectivity,plv,выше при ЧМТ,,0.349 [0.085],0.332 [0.057],0.13506088851942416
parietal,beta,burst_mean_peak_z,4.254105973422419,4.252638286796792,0.0014676866256273513,4.179219592405108,4.200939267817782,-0.021719675412674277,0.437559478376218,0.3698713112197787,0.004101251808308509,-0.05042270531400961,3145.0,0.5811541337624677,92,72,0.7396507156976861,False,Burst,,ниже при ЧМТ,,4.179 [0.438],4.201 [0.370],0.004101251808308509
occipital,beta,burst_mean_peak_z,4.406213566927509,4.461641983401569,-0.055428416474060604,4.262669582121886,4.306375318822814,-0.04370573670092881,0.7064461443178809,0.6281890882360237,-0.0806963816882455,-0.046497584541062786,3158.0,0.6110157867783967,92,72,0.7637697334729959,False,Burst,,ниже при ЧМТ,,4.263 [0.706],4.306 [0.628],0.0806963816882455
central,beta,burst_mean_peak_z,4.569598526931302,4.3894936481025395,0.1801048788287627,4.3306106449178365,4.288920050707777,0.04169059421005983,0.6568937284760334,0.6195772224870328,0.225132106218671,0.03985507246376807,3444.0,0.6630349812743006,92,72,0.8142534857754569,False,Burst,,выше при ЧМТ,,4.331 [0.657],4.289 [0.620],0.225132106218671
,,event_mean_duration_sec,0.13623967501634168,0.1287992754333587,0.007440399582982982,0.125,0.12032,0.004680000000000004,0.048928571428571405,0.044248333333333376,0.12730096184611792,0.03232323232323231,1277.5,0.7843146351977603,45,55,0.9188751253922093,False,Events,,выше при ЧМТ,,0.125 [0.049],0.120 [0.044],0.12730096184611792
,,event_mean_peak_to_peak,1.8903695409248478e-05,1.9375415955722547e-05,-4.7172054647406895e-07,1.5668180343820687e-05,1.7073211551248125e-05,-1.4050312074274377e-06,1.311529177591327e-05,9.866331989116052e-06,-0.04332432196348783,-0.024646464646464694,1207.0,0.8353410230838266,45,55,0.9188751253922093,False,Events,,ниже при ЧМТ,,1.567e-05 [1.312e-05],1.707e-05 [9.866e-06],0.04332432196348783
,,event_mean_spatial_spread_ratio,0.25862068965517243,0.25862068965517243,0.0,0.2586206896551724,0.2586206896551724,0.0,0.0,0.0,0.0,-0.013737373737373715,1220.5,0.8260991563601506,45,55,0.9188751253922093,False,Events,,без разницы,,0.259 [0],0.259 [0],0.0
central,alpha,burst_mean_interburst_interval_sec,,,,,,,,,,,,,0,0,1.0,False,Burst,,NA,,NA [NA],NA [NA],
central,beta,burst_mean_interburst_interval_sec,,,,,,,,,,,,,0,0,1.0,False,Burst,,NA,,NA [NA],NA [NA],
frontal,alpha,burst_mean_interburst_interval_sec,,,,,,,,,,,,,0,0,1.0,False,Burst,,NA,,NA [NA],NA [NA],
frontal,beta,burst_mean_interburst_interval_sec,,,,,,,,,,,,,0,0,1.0,False,Burst,,NA,,NA [NA],NA [NA],
occipital,alpha,burst_mean_interburst_interval_sec,,,,,,,,,,,,,0,0,1.0,False,Burst,,NA,,NA [NA],NA [NA],
occipital,beta,burst_mean_interburst_interval_sec,,,,,,,,,,,,,0,0,1.0,False,Burst,,NA,,NA [NA],NA [NA],
parietal,alpha,burst_mean_interburst_interval_sec,,,,,,,,,,,,,0,0,1.0,False,Burst,,NA,,NA [NA],NA [NA],
parietal,beta,burst_mean_interburst_interval_sec,,,,,,,,,,,,,0,0,1.0,False,Burst,,NA,,NA [NA],NA [NA],
temporal,alpha,burst_mean_interburst_interval_sec,,,,,,,,,,,,,0,0,1.0,False,Burst,,NA,,NA [NA],NA [NA],
temporal,beta,burst_mean_interburst_interval_sec,,,,,,,,,,,,,0,0,1.0,False,Burst,,NA,,NA [NA],NA [NA],
frontal,beta,burst_mean_peak_z,4.315989958541998,4.298168091787264,0.017821866754734295,4.17562521118926,4.2157140814601135,-0.040088870270853505,0.46574804462154074,0.5138747038887921,0.040287341026731226,0.0006038647342994086,3314.0,0.9960343167636422,92,72,1.0,False,Burst,,ниже при ЧМТ,,4.176 [0.466],4.216 [0.514],0.040287341026731226
temporal,beta,burst_mean_peak_z,5.094491800392585,4.7887252118506,0.30576658854198513,4.598266051097935,4.525709318709822,0.07255673238811333,0.9820058586836451,0.708379486741916,0.23162337995267823,-0.0063405797101449,3291.0,0.9458437559894168,92,72,1.0,False,Burst,,выше при ЧМТ,,4.598 [0.982],4.526 [0.708],0.23162337995267823
temporal,beta,burst_median_duration_sec,0.10626811594202898,0.10542708333333334,0.000841032608695641,0.1025833333333333,0.10275000000000001,-0.00016666666666670382,0.012083333333333349,0.010781249999999992,0.059827874002930714,-0.0016606280193236511,3306.5,0.9867811476637871,92,72,1.0,False,Burst,,ниже при ЧМТ,,0.103 [0.012],0.103 [0.011],0.059827874002930714
,alpha,density_75,0.3,0.3,0.0,0.3,0.3,0.0,0.0,0.0,,0.0,3312.0,1.0,92,72,1.0,False,Connectivity,coh,без разницы,,0.300 [0],0.300 [0],
,beta,density_75,0.3,0.3,0.0,0.3,0.3,0.0,0.0,0.0,,0.0,3312.0,1.0,92,72,1.0,False,Connectivity,coh,без разницы,,0.300 [0],0.300 [0],
,theta,density_75,0.3,0.3,0.0,0.3,0.3,0.0,0.0,0.0,,0.0,3312.0,1.0,92,72,1.0,False,Connectivity,coh,без разницы,,0.300 [0],0.300 [0],
,alpha,density_75,0.3,0.3,0.0,0.3,0.3,0.0,0.0,0.0,,0.0,3312.0,1.0,92,72,1.0,False,Connectivity,imcoh,без разницы,,0.300 [0],0.300 [0],
,beta,density_75,0.3,0.3,0.0,0.3,0.3,0.0,0.0,0.0,,0.0,3312.0,1.0,92,72,1.0,False,Connectivity,imcoh,без разницы,,0.300 [0],0.300 [0],
,theta,density_75,0.3,0.3,0.0,0.3,0.3,0.0,0.0,0.0,,0.0,3312.0,1.0,92,72,1.0,False,Connectivity,imcoh,без разницы,,0.300 [0],0.300 [0],
,alpha,density_75,0.3,0.3,0.0,0.3,0.3,0.0,0.0,0.0,,0.0,3312.0,1.0,92,72,1.0,False,Connectivity,plv,без разницы,,0.300 [0],0.300 [0],
,beta,density_75,0.3,0.3,0.0,0.3,0.3,0.0,0.0,0.0,,0.0,3312.0,1.0,92,72,1.0,False,Connectivity,plv,без разницы,,0.300 [0],0.300 [0],
,theta,density_75,0.3,0.3,0.0,0.3,0.3,0.0,0.0,0.0,,0.0,3312.0,1.0,92,72,1.0,False,Connectivity,plv,без разницы,,0.300 [0],0.300 [0],
,alpha,density_75,0.3,0.3,0.0,0.3,0.3,0.0,0.0,0.0,,0.0,3312.0,1.0,92,72,1.0,False,Connectivity,wpli,без разницы,,0.300 [0],0.300 [0],
,beta,density_75,0.3,0.3,0.0,0.3,0.3,0.0,0.0,0.0,,0.0,3312.0,1.0,92,72,1.0,False,Connectivity,wpli,без разницы,,0.300 [0],0.300 [0],
,theta,density_75,0.3,0.3,0.0,0.3,0.3,0.0,0.0,0.0,,0.0,3312.0,1.0,92,72,1.0,False,Connectivity,wpli,без разницы,,0.300 [0],0.300 [0],
,alpha,mean_strength,0.35419874781564353,0.3576868636230649,-0.003488115807421366,0.3492883669911567,0.34297418654613476,0.006314180445021911,0.07863451051493336,0.08622143202783566,-0.057958021257041435,-0.004227053140096637,3298.0,0.9643206033278935,92,72,1.0,False,Connectivity,coh,выше при ЧМТ,,0.349 [0.079],0.343 [0.086],0.057958021257041435
,beta,median_strength,0.20131992646547922,0.20036654648594165,0.0009533799795375664,0.19349085039786657,0.19202336450867757,0.0014674858891889908,0.06916108061067996,0.05951691492761152,0.015000403293599173,0.016002415458937103,3365.0,0.861897403968593,92,72,1.0,False,Connectivity,coh,выше при ЧМТ,,0.193 [0.069],0.192 [0.060],0.015000403293599173
,theta,median_strength,0.2955388749126177,0.29063981337140415,0.004899061541213556,0.2866206263701789,0.27376776286744586,0.012852863502733014,0.12027686825453757,0.13137580947168678,0.05001123989182951,0.028683574879227125,3407.0,0.754184297070756,92,72,1.0,False,Connectivity,coh,выше при ЧМТ,,0.287 [0.120],0.274 [0.131],0.05001123989182951
,theta,median_strength,0.04004478727606176,0.04016984565190441,-0.000125058375842646,0.03213760258294872,0.028273013419206516,0.003864589163742202,0.03064172615350154,0.019790032958938344,-0.0035359001213518967,0.048913043478260976,3474.0,0.5925585036105594,92,72,1.0,False,Connectivity,imcoh,выше при ЧМТ,,0.032 [0.031],0.028 [0.020],0.0035359001213518967
,theta,median_strength,0.08974366957376258,0.08798440081215347,0.0017592687616091035,0.0643207283183841,0.05956898439244403,0.004751743925940077,0.06606091087544873,0.05198626485321388,0.0212829334979635,0.05283816425120769,3487.0,0.5631238563741272,92,72,1.0,False,Connectivity,wpli,выше при ЧМТ,,0.064 [0.066],0.060 [0.052],0.0212829334979635
,alpha,n_roi_used,5.0,5.0,0.0,5.0,5.0,0.0,0.0,0.0,,0.0,3312.0,1.0,92,72,1.0,False,Connectivity,coh,без разницы,,5.000 [0],5.000 [0],
,beta,n_roi_used,5.0,5.0,0.0,5.0,5.0,0.0,0.0,0.0,,0.0,3312.0,1.0,92,72,1.0,False,Connectivity,coh,без разницы,,5.000 [0],5.000 [0],
,theta,n_roi_used,5.0,5.0,0.0,5.0,5.0,0.0,0.0,0.0,,0.0,3312.0,1.0,92,72,1.0,False,Connectivity,coh,без разницы,,5.000 [0],5.000 [0],
,alpha,n_roi_used,5.0,5.0,0.0,5.0,5.0,0.0,0.0,0.0,,0.0,3312.0,1.0,92,72,1.0,False,Connectivity,imcoh,без разницы,,5.000 [0],5.000 [0],
,beta,n_roi_used,5.0,5.0,0.0,5.0,5.0,0.0,0.0,0.0,,0.0,3312.0,1.0,92,72,1.0,False,Connectivity,imcoh,без разницы,,5.000 [0],5.000 [0],
,theta,n_roi_used,5.0,5.0,0.0,5.0,5.0,0.0,0.0,0.0,,0.0,3312.0,1.0,92,72,1.0,False,Connectivity,imcoh,без разницы,,5.000 [0],5.000 [0],
,alpha,n_roi_used,5.0,5.0,0.0,5.0,5.0,0.0,0.0,0.0,,0.0,3312.0,1.0,92,72,1.0,False,Connectivity,plv,без разницы,,5.000 [0],5.000 [0],
,beta,n_roi_used,5.0,5.0,0.0,5.0,5.0,0.0,0.0,0.0,,0.0,3312.0,1.0,92,72,1.0,False,Connectivity,plv,без разницы,,5.000 [0],5.000 [0],
,theta,n_roi_used,5.0,5.0,0.0,5.0,5.0,0.0,0.0,0.0,,0.0,3312.0,1.0,92,72,1.0,False,Connectivity,plv,без разницы,,5.000 [0],5.000 [0],
,alpha,n_roi_used,5.0,5.0,0.0,5.0,5.0,0.0,0.0,0.0,,0.0,3312.0,1.0,92,72,1.0,False,Connectivity,wpli,без разницы,,5.000 [0],5.000 [0],
,beta,n_roi_used,5.0,5.0,0.0,5.0,5.0,0.0,0.0,0.0,,0.0,3312.0,1.0,92,72,1.0,False,Connectivity,wpli,без разницы,,5.000 [0],5.000 [0],
,theta,n_roi_used,5.0,5.0,0.0,5.0,5.0,0.0,0.0,0.0,,0.0,3312.0,1.0,92,72,1.0,False,Connectivity,wpli,без разницы,,5.000 [0],5.000 [0],
,,event_mean_active_channels,15.0,15.0,0.0,15.0,15.0,0.0,0.0,0.0,,0.0,1237.5,1.0,45,55,1.0,False,Events,,без разницы,,15.000 [0],15.000 [0],
