band,channel,tbi_mean,control_mean,delta_tbi_minus_control,hedges_g,p_value,n_tbi,n_control,q_fdr
alpha,AF3,0.3576357100523163,0.28152644681326966,0.07610926323904665,0.48697949796049134,0.0016920626823562805,92,72,0.006922380893257906
alpha,AF4,0.35206482900485697,0.2793780717361201,0.07268675726873686,0.46521176561460403,0.0026963880743199665,92,72,0.008121748029327929
alpha,AF7,0.3561758274589801,0.2707240554478366,0.08545177201114346,0.539291253233127,0.0004582591585673538,92,72,0.004429838532817754
alpha,AF8,0.3354938403811062,0.2670837369822796,0.06841010339882658,0.44138043914271297,0.006619122324874271,92,72,0.013586363145711516
alpha,C1,0.31191312714587316,0.27687854319003596,0.035034583955837195,0.2601431955992244,0.07437071253739783,92,72,0.08295194859940527
alpha,C2,0.31642751922629647,0.2764925604545608,0.039934958771735696,0.297690128618908,0.03851907239399064,92,72,0.0485675260619882
alpha,C3,0.33726779761413594,0.27741887953607036,0.05984891807806558,0.41819792589334503,0.002940632907170457,92,72,0.008121748029327929
alpha,C4,0.3283634484893833,0.2734064501035449,0.054956998385838396,0.393066174884238,0.00453939620994511,92,72,0.01097020750736735
alpha,C5,0.298612109061377,0.26676734346715236,0.03184476559422461,0.25645410654173145,0.04961648238679878,92,72,0.05995324955071519
alpha,C6,0.291267209793263,0.25776118010771154,0.03350602968555144,0.26344441177950145,0.04661697334389409,92,72,0.05752732880735867
alpha,CP1,0.36621803490549354,0.29909704866553577,0.06712098623995777,0.46303398624267855,0.002262634440223057,92,72,0.007805257640011415
alpha,CP2,0.3665957695168442,0.30086904837884787,0.06572672113799632,0.44970929627743195,0.002816093332888434,92,72,0.008121748029327929
alpha,CP3,0.37541724297989204,0.29556610361992114,0.0798511393599709,0.5431873517249723,0.00039440340764255874,92,72,0.004429838532817754
alpha,CP4,0.38486064534533765,0.3082316511761072,0.07662899416923047,0.5271941982481215,0.0006234531050451045,92,72,0.005063263858308815
alpha,CP5,0.32672094900691095,0.2738895342317364,0.05283141477517456,0.4015390444237032,0.004981911507233571,92,72,0.011558034696781884
alpha,CP6,0.35492625048392257,0.2966497044348217,0.058276546049100875,0.40400128653414863,0.00814885967822438,92,72,0.01476980816678169
alpha,CPz,0.36537069599689437,0.2997826660909935,0.06558802990590085,0.4498135702361434,0.0027556469961057765,92,72,0.008121748029327929
alpha,Cz,0.309665317061862,0.2724286363444105,0.03723668071745151,0.27902316425407214,0.06470618033394625,92,72,0.07505916918737765
alpha,F1,0.3437952572700129,0.2835295484565476,0.060265708813465324,0.4052537482499852,0.008982910154510006,92,72,0.015788145120047888
alpha,F2,0.3390834543926788,0.2836839000733482,0.05539955431933058,0.38097176605096383,0.013502890041669297,92,72,0.02175465617824498
alpha,F3,0.341384007030943,0.2721908931205434,0.06919311391039962,0.46609335810572117,0.002287747928968863,92,72,0.007805257640011415
alpha,F4,0.33268813148115767,0.2709714016005622,0.061716729880595456,0.4300563512119292,0.005925579547062061,92,72,0.012729022730725908
alpha,F5,0.33145487424080905,0.2707611483308195,0.06069372590998956,0.4145279186298927,0.004492492999360715,92,72,0.01097020750736735
alpha,F6,0.317522368699759,0.26564411246067393,0.05187825623908504,0.35940392354555933,0.01712227242758819,92,72,0.02546389232820808
alpha,F7,0.3109436305451984,0.26148830280560076,0.049455327739597654,0.35302059975068273,0.014942311711117673,92,72,0.023016293186813926
alpha,F8,0.29445272366319736,0.25922371797381527,0.03522900568938209,0.25915206474485414,0.09010176224372256,92,72,0.09860192849313035
alpha,FC1,0.32610993510957687,0.2830462836947422,0.04306365141483465,0.29925037945219896,0.05237227530240921,92,72,0.06199167280693335
alpha,FC2,0.32800313075786125,0.28243534504404344,0.04556778571381781,0.3187152539231447,0.032715441964911926,92,72,0.04216656964366426
alpha,FC3,0.3270265349129712,0.27086727460369775,0.05615926030927343,0.4000287329461136,0.010576931944099054,92,72,0.018043001551698388
alpha,FC4,0.3221391976969774,0.27082861612957837,0.05131058156739904,0.36003695327852614,0.01507964036377464,92,72,0.023016293186813926
alpha,FC5,0.3146853671930742,0.27270435815035143,0.04198100904272278,0.30879712629184203,0.02585808284209297,92,72,0.03487834429863702
alpha,FC6,0.29866637728964407,0.2634929468398555,0.035173430449788545,0.26398108050572106,0.06813875286806202,92,72,0.07749113071269799
alpha,FT7,0.2755928837833012,0.25622388385377487,0.019368999929526343,0.15833978337218294,0.21833425626006986,92,72,0.23024339751061912
alpha,FT8,0.2596441721728748,0.25135003152186886,0.008294140651005921,0.07026542056887476,0.6017552285502865,92,72,0.6017552285502865
alpha,Fp1,0.37491299315604587,0.28577837903614833,0.08913461411989754,0.5340606916188755,0.0008630612887272817,92,72,0.005063263858308815
alpha,Fp2,0.36417923321377155,0.2804313701249511,0.08374786308882043,0.5055871961293226,0.0017902709206701482,92,72,0.006922380893257906
alpha,Fz,0.34816435778993154,0.28590066272300607,0.06226369506692547,0.4174450803117867,0.0076069850170187485,92,72,0.014232423580228627
alpha,O1,0.4274176691662968,0.3531567811340579,0.0742608880322389,0.4377456686821295,0.004176276218307059,92,72,0.01097020750736735
alpha,O2,0.41332910430957015,0.3507463583086431,0.06258274600092706,0.3703794282398949,0.022724242637477087,92,72,0.0313810969755636
alpha,Oz,0.3986236184786092,0.3309368256211076,0.06768679285750162,0.40754595916682085,0.007027429213299061,92,72,0.013586363145711516
alpha,P1,0.44109595188467804,0.3444901899198366,0.09660576196484144,0.5811176717869767,0.0002459885377240462,92,72,0.004429838532817754
alpha,P2,0.44374583144249635,0.3576383997200499,0.08610743172244645,0.5248826470645512,0.0007657945884912826,92,72,0.005063263858308815
alpha,P3,0.4507450012985817,0.3515133531747169,0.09923164812386481,0.5986131698777287,0.00021042317669427895,92,72,0.004429838532817754
alpha,P4,0.465639268488559,0.36850225191214325,0.09713701657641577,0.5930924985319047,0.0002305340263934117,92,72,0.004429838532817754
alpha,P5,0.42643916615993943,0.3407378645852304,0.08570130157470901,0.5412938306784236,0.0009602741800240855,92,72,0.005063263858308815
alpha,P6,0.4548287503113614,0.3686559275884283,0.08617282272293308,0.5186759737733807,0.001673025773545938,92,72,0.006922380893257906
alpha,P7,0.36855640980474386,0.3201465995404185,0.04840981026432534,0.33346185201107137,0.032715441964911926,92,72,0.04216656964366426
alpha,P8,0.4141688869987846,0.35262842575326436,0.06154046124552026,0.38522925169177535,0.02010254738343057,92,72,0.028437749957048127
alpha,PO3,0.44731668266659375,0.3776712443682698,0.06964543829832393,0.40712137116260455,0.011960807962472068,92,72,0.019820767480667998
alpha,PO4,0.4761600750082783,0.3858868499009064,0.0902732251073719,0.5256891459335589,0.0013313453079668671,92,72,0.006434835655173192
alpha,PO7,0.42754084117507746,0.35352371306842184,0.07401712810665562,0.455192105925342,0.005925579547062061,92,72,0.012729022730725908
alpha,PO8,0.43741532054752136,0.36905950282168737,0.06835581772583399,0.4028840665156749,0.018726231997172778,92,72,0.027153036395900526
alpha,POz,0.4654465745021486,0.37222733831771176,0.09321923618443684,0.5367654162941186,0.0009267963644936003,92,72,0.005063263858308815
alpha,Pz,0.44015671050697314,0.3491026050661163,0.09105410544085685,0.5477897824832665,0.0004199269756519292,92,72,0.004429838532817754
alpha,T7,0.26707927094393785,0.2520418709559186,0.015037399988019229,0.1361903982156409,0.2837555228277472,92,72,0.29388964864302386
alpha,T8,0.2671226148267168,0.25235727878895214,0.014765336037764643,0.1345133169702055,0.40464840498181265,92,72,0.411747499806055
alpha,TP7,0.3131446812811101,0.260524100046539,0.05262058123457114,0.4211957454273218,0.006957845140483874,92,72,0.013586363145711516
alpha,TP8,0.31751362729913896,0.2884476178399495,0.029066009459189468,0.22094308823070993,0.17799876967320472,92,72,0.19118386372307172
beta,AF3,0.16625387835591068,0.20088764292849162,-0.03463376457258094,-0.4407864173476538,0.004880333685360419,92,72,0.007076483843772607
beta,AF4,0.17482887547558978,0.20211916113303718,-0.0272902856574474,-0.3391297589993773,0.02292239096127072,92,72,0.02769788907820212
beta,AF7,0.15848810820888343,0.19157096839762192,-0.03308286018873849,-0.4619902148954884,0.0025533001343750516,92,72,0.004231183079821514
beta,AF8,0.16530768862225861,0.19284954126156229,-0.02754185263930367,-0.37695632313155075,0.0076069850170187485,92,72,0.010260584441560172
beta,C1,0.17778651116925787,0.21931532546320864,-0.04152881429395078,-0.449411289921189,0.005806759529276656,92,72,0.008214440309708441
beta,C2,0.18439225140988322,0.21881142208432758,-0.03441917067444436,-0.3714477086274335,0.03298673685758667,92,72,0.036397686924434576
beta,C3,0.2117449518724687,0.26724093963958784,-0.05549598776711914,-0.5850077332643987,0.00026241088210048627,92,72,0.0008952841859898944
beta,C4,0.21647924838018873,0.2690256940279492,-0.052546445647760454,-0.542764230144335,0.0005937472514422461,92,72,0.001377493623346011
beta,C5,0.2032345635157674,0.25954737287846164,-0.05631280936269423,-0.7256942729631011,2.9580976134454494e-06,92,72,0.00016480573179908497
beta,C6,0.20942379010939502,0.26551049641791763,-0.05608670630852261,-0.6840978217358319,4.755376927363564e-05,92,72,0.00039401694541012385
beta,CP1,0.17334690686403037,0.22135678916436902,-0.04800988230033865,-0.5206945346822152,0.0013623608330030478,92,72,0.0027247216660060956
beta,CP2,0.17338778458036755,0.22069613463419582,-0.047308350053828274,-0.5124970234745876,0.0017307355884194032,92,72,0.0031369582540101684
beta,CP3,0.20409631929612498,0.26310000079085255,-0.05900368149472757,-0.5742020922933448,0.0003565607783982717,92,72,0.0011489180637277642
beta,CP4,0.19924682829033563,0.25483021120313637,-0.05558338291280074,-0.5514396482089359,0.00043056182276532146,92,72,0.0012381713518384192
beta,CP5,0.20559612145765052,0.2680499747868097,-0.062453853329159176,-0.683199344477917,1.3471833142939369e-05,92,72,0.00019291028554345197
beta,CP6,0.20028716655792972,0.25798165557266695,-0.05769448901473723,-0.6140323306087253,9.42357638926971e-05,92,72,0.0005465674305776432
beta,CPz,0.15923739586167598,0.20546447138526824,-0.04622707552359226,-0.5105055422447604,0.002390776032521355,92,72,0.0040783826437129
beta,Cz,0.16856269338820223,0.20820364943133007,-0.03964095604312784,-0.4293699683213285,0.008640550238246607,92,72,0.011136709195962293
beta,F1,0.16592597706654716,0.1946293476115653,-0.028703370545018148,-0.3486065936994075,0.03217858050186947,92,72,0.036397686924434576
beta,F2,0.1740181621341479,0.19605960553584706,-0.022041443401699168,-0.2557580413308864,0.09459008816194875,92,72,0.09459008816194875
beta,F3,0.17906932686512156,0.21665621868354043,-0.03758689181841887,-0.46498970903683984,0.004309239264894406,92,72,0.006681143434946704
beta,F4,0.18877072181578433,0.2206672456351303,-0.03189652381934596,-0.3899914940855447,0.011196895144565969,92,72,0.013817445072017579
beta,F5,0.17375556962715205,0.2093690602527093,-0.03561349062555724,-0.48583552539199937,0.0009602741800240855,92,72,0.002142150093899883
beta,F6,0.17708317964946613,0.21633322568795682,-0.039250046038490694,-0.5236342831797415,0.0004582591585673538,92,72,0.0012381713518384192
beta,F7,0.15256114416073632,0.18952501562972784,-0.03696387146899152,-0.5874863345551937,0.00018453502217205905,92,72,0.0006689394553737141
beta,F8,0.15656760838807324,0.18768195571948607,-0.03111434733141283,-0.51647282333439,0.0005123467662779665,92,72,0.0012381713518384192
beta,FC1,0.1706473017522386,0.20637697088655985,-0.03572966913432124,-0.4197469482346613,0.008229027754475614,92,72,0.01084735476726331
beta,FC2,0.17973007591471274,0.20984429314922204,-0.0301142172345093,-0.33077674855370887,0.033259955293017805,92,72,0.036397686924434576
beta,FC3,0.19292759855307115,0.23920016084839307,-0.04627256229532192,-0.5830458425482882,0.00011404577611854802,92,72,0.0006013322740796169
beta,FC4,0.20272730132109484,0.2469363713758653,-0.044209070054770455,-0.5153860710119819,0.0005123467662779665,92,72,0.0012381713518384192
beta,FC5,0.1814130282560525,0.22894076492659185,-0.04752773667053936,-0.6886894432493709,5.682956268933965e-06,92,72,0.00016480573179908497
beta,FC6,0.18910833295457063,0.23762529504232216,-0.048516962087751525,-0.6849736175009137,1.663019702960793e-05,92,72,0.00019291028554345197
beta,FT7,0.1618479604892194,0.20259905941154907,-0.04075109892232967,-0.6436930693692121,3.180891272961792e-05,92,72,0.0003074861563863065
beta,FT8,0.16972414864840027,0.20816005802017268,-0.03843590937177241,-0.6265015446507807,0.00015328454583698358,92,72,0.0006435517646169882
beta,Fp1,0.1600985551599404,0.1970625504791698,-0.03696399531922939,-0.4654573071850692,0.0016355417774557238,92,72,0.0030600459062074836
beta,Fp2,0.166866912173513,0.19692698633875297,-0.03006007416523998,-0.37169620789817964,0.010278552796913356,92,72,0.012959914396108144
beta,Fz,0.1609268851976153,0.18699163605901412,-0.02606475086139881,-0.3143276854003104,0.03699171227628695,92,72,0.03900944203681169
beta,O1,0.16605416601816927,0.19172226633314812,-0.025668100314978848,-0.3399518135180065,0.03522723947968854,92,72,0.03783666462633214
beta,O2,0.16249104862406677,0.19080364649142786,-0.028312597867361095,-0.3832723105348124,0.028387602592750208,92,72,0.03292961900759024
beta,Oz,0.16204867164743722,0.18313716547576644,-0.021088493828329224,-0.31121542239812594,0.07016654176322906,92,72,0.07139753372398747
beta,P1,0.1617806533976543,0.20269030537584887,-0.04090965197819457,-0.44811157914890626,0.0027857204271160094,92,72,0.004488105132575793
beta,P2,0.1530414892979316,0.19701835040658716,-0.04397686110865556,-0.5126234793690428,0.0015988320274960847,92,72,0.0030600459062074836
beta,P3,0.1751820406330377,0.22153003824868422,-0.046347997615646536,-0.47835159830917273,0.0011318289171297004,92,72,0.00243133619235269
beta,P4,0.16135592059817222,0.21067424574678423,-0.04931832514861201,-0.5477744478261664,0.0004044337657451533,92,72,0.0012345872849062575
beta,P5,0.17953733921814752,0.22963490569847334,-0.05009756648032582,-0.5317693480040631,0.0004936890665888684,92,72,0.0012381713518384192
beta,P6,0.16227608847641734,0.21568157807350502,-0.053405489597087685,-0.59668820415359,0.00015534008111444544,92,72,0.0006435517646169882
beta,P7,0.18315527629894032,0.22942897785088498,-0.04627370155194466,-0.5310398798907119,0.0020025792608613416,92,72,0.003519684761513873
beta,P8,0.1652826790066663,0.22145246082571415,-0.05616978181904786,-0.6392769685147484,8.798450217261616e-05,92,72,0.0005465674305776432
beta,PO3,0.1642599106445539,0.1935906233225183,-0.029330712677964416,-0.34050502334447824,0.04411901983063869,92,72,0.045694699110304354
beta,PO4,0.14850679678120104,0.18480343642565145,-0.0362966396444504,-0.46148585660188907,0.004400001500303295,92,72,0.006681143434946704
beta,PO7,0.17101660731488427,0.20863932610172956,-0.03762271878684528,-0.44161483992734124,0.004492492999360715,92,72,0.006681143434946704
beta,PO8,0.1611041904368221,0.204386511317213,-0.04328232088039091,-0.5152413675789052,0.0012566346700193217,92,72,0.0026030289593257376
beta,POz,0.14478988141030175,0.17315144972015706,-0.028361568309855312,-0.3793993646973281,0.024351919433006183,92,72,0.02882472096151752
beta,Pz,0.14834429457088358,0.18333837530145194,-0.03499408073056837,-0.42390991520713495,0.007027429213299061,92,72,0.009704545104079655
beta,T7,0.18488160112976953,0.22992675487674086,-0.04504515374697132,-0.6595208546266055,1.2680243865192887e-05,92,72,0.00019291028554345197
beta,T8,0.18899888856864128,0.23136011546040988,-0.042361226891768605,-0.6120987383853702,0.00017274355978754842,92,72,0.0006679417645118539
beta,TP7,0.19418953201437053,0.24300833733672386,-0.04881880532235333,-0.6412297291885559,0.000141479126371213,92,72,0.0006435517646169882
beta,TP8,0.18599657015265977,0.2394936015566964,-0.05349703140403664,-0.6741985337323183,6.218068380176862e-05,92,72,0.0004508099575628225
delta,AF3,0.2636638829595994,0.28777609266689186,-0.024112209707292442,-0.2446513823133513,0.17799876967320472,92,72,0.31847124502178675
delta,AF4,0.2599485241403017,0.28471396443859165,-0.024765440298289976,-0.24726354820172614,0.10131087636445112,92,72,0.23859605965015285
delta,AF7,0.28466416807920997,0.3148481285204319,-0.030183960441221958,-0.2891688002088545,0.05400369084872007,92,72,0.1491530509155126
delta,AF8,0.29133023263446317,0.31095640918644857,-0.019626176551985397,-0.18678135599278964,0.18558679604492367,92,72,0.31847124502178675
delta,C1,0.2765986629275798,0.2708214271798154,0.005777235747764398,0.06008314564720633,0.7820272013182704,92,72,0.8231633613167323
delta,C2,0.2674437811498298,0.27217258962943636,-0.00472880847960655,-0.049158715295953205,0.6017552285502865,92,72,0.6711885241522426
delta,C3,0.22701399845879172,0.21359795674632082,0.013416041712470905,0.14421155728564522,0.5107103284734905,92,72,0.6123571604592012
delta,C4,0.22984666973737816,0.21675323883821315,0.01309343089916501,0.1436239907641504,0.7947784178230519,92,72,0.8231633613167323
delta,C5,0.2563552947182852,0.2123712179807116,0.043984076737573624,0.515090706844755,0.004176276218307059,92,72,0.04759100293447248
delta,C6,0.2529218473561279,0.2141786015811182,0.03874324577500968,0.44283299763392925,0.006619122324874271,92,72,0.04759100293447248
delta,CP1,0.25515408019557434,0.2696337006645677,-0.01447962046899337,-0.14255156632309957,0.1866900401851853,92,72,0.31847124502178675
delta,CP2,0.2575519684204755,0.27093105824168123,-0.013379089821205725,-0.12343215986065229,0.2271338353090081,92,72,0.3466779591558545
delta,CP3,0.2121196287294738,0.22528771825199778,-0.01316808952252399,-0.14435751932291777,0.3066775847902532,92,72,0.4338365833618216
delta,CP4,0.21428404824754052,0.22777872245164998,-0.013494674204109464,-0.1437684202695164,0.22082304367718208,92,72,0.346155041439907
delta,CP5,0.22794223165070535,0.20718495509881615,0.020757276551889192,0.24436877825982378,0.1062377608160465,92,72,0.23859605965015285
delta,CP6,0.22167327621774596,0.2084979151315739,0.013175361086172066,0.14561837231237587,0.4235873760155162,92,72,0.5583651774749987
delta,CPz,0.26799865090944525,0.28390578313905507,-0.01590713222960982,-0.15028131826293778,0.24818922293888168,92,72,0.3691019212937215
delta,Cz,0.28071348248843686,0.2839011670203884,-0.0031876845319515623,-0.033985499891226574,0.7567029140823556,92,72,0.8231633613167323
delta,F1,0.2554134193687738,0.28141182948425847,-0.02599841011548465,-0.27092809758200426,0.16351953681740694,92,72,0.31613777118032005
delta,F2,0.2510041805143021,0.27773250376235814,-0.02672832324805602,-0.2861656562357956,0.13812850764637405,92,72,0.2762570152927481
delta,F3,0.2553478062786431,0.27022932071095784,-0.014881514432314724,-0.1590661949944525,0.523570694209512,92,72,0.6123571604592012
delta,F4,0.24962955498632833,0.26326690183510215,-0.013637346848773824,-0.15496210840719415,0.5107103284734905,92,72,0.6123571604592012
delta,F5,0.2811219407774931,0.28550535197128,-0.004383411193786935,-0.044728665228323784,0.7922236645543499,92,72,0.8231633613167323
delta,F6,0.2882963391781738,0.27533596420556744,0.012960374972606381,0.13393106934293925,0.47724026792902674,92,72,0.6017377291279032
delta,F7,0.3288983994425977,0.3180123148471162,0.010886084595481516,0.11062769438712512,0.5278941038441389,92,72,0.6123571604592012
delta,F8,0.33464243810948247,0.31768151629515295,0.01696092181432951,0.17371338356200458,0.3807996815299245,92,72,0.5136367797380377
delta,FC1,0.26231844164592955,0.2669623125483198,-0.004643870902390268,-0.0484599776857662,0.8230202933156047,92,72,0.8374592458299136
delta,FC2,0.2540587510329969,0.2641280726766374,-0.010069321643640494,-0.10902555150492516,0.5608891822070633,92,72,0.6378739719217583
delta,FC3,0.24719094239265776,0.2358483963331438,0.011342546059513958,0.12989170084008655,0.44303518634445405,92,72,0.5710231290661852
delta,FC4,0.23976515907515203,0.22495689237019334,0.014808266704958689,0.17959769605063275,0.3772088095669882,92,72,0.5136367797380377
delta,FC5,0.27718098336243996,0.24338233730487208,0.03379864605756788,0.381834378055956,0.0473521662094064,92,72,0.13732128200727856
delta,FC6,0.28100802477812326,0.23817616302690897,0.042831861751214284,0.4732119043039704,0.01681635216703293,92,72,0.07502680197599307
delta,FT7,0.33278503078521904,0.2910301131830128,0.04175491760220623,0.42791624568365555,0.022527584366367367,92,72,0.0816624933280817
delta,FT8,0.33630130095626526,0.2852456976504565,0.05105560330580877,0.5382556763034768,0.001545187648139926,92,72,0.04481044179605786
delta,Fp1,0.2662732462814443,0.2935849764505892,-0.0273117301691449,-0.25333748866342676,0.10695685432593059,92,72,0.23859605965015285
delta,Fp2,0.26370949956669804,0.2962275074581207,-0.03251800789142267,-0.29560565046075077,0.04342642214471999,92,72,0.13256486759967157
delta,Fz,0.25228377874822616,0.2834761810259717,-0.031192402277745557,-0.32795766904090184,0.06714307322283887,92,72,0.16931731508368061
delta,O1,0.20401167238470452,0.2386875687150167,-0.03467589633031218,-0.37891548267274683,0.01067809002590669,92,72,0.056302656500235276
delta,O2,0.21607608582842766,0.2417598400642752,-0.02568375423584754,-0.2812987493261955,0.06095926733260971,92,72,0.16071079569506197
delta,Oz,0.22903172588110432,0.2632552597858312,-0.03422353390472688,-0.35696690829529226,0.01636646823447464,92,72,0.07502680197599307
delta,P1,0.21898309137037755,0.261999135689818,-0.04301604431944042,-0.4165742063546074,0.0047314772916478036,92,72,0.04759100293447248
delta,P2,0.2268350286339188,0.257729527230649,-0.030894498596730213,-0.3022560598566775,0.03851907239399064,92,72,0.12411701104730317
delta,P3,0.1928141143151711,0.22999283180416244,-0.03717871748899135,-0.4108269377011842,0.007384810800176765,92,72,0.04759100293447248
delta,P4,0.19838745381659273,0.23218610949790086,-0.03379865568130813,-0.36399166514020975,0.01839531039154415,92,72,0.0762091430506829
delta,P5,0.1913321569438185,0.21138880098094692,-0.020056644037128424,-0.2428706101977735,0.13206948396849455,92,72,0.27357250250616727
delta,P6,0.19523233138383067,0.21328279183935045,-0.01805046045551978,-0.20333182015630832,0.21098898590192205,92,72,0.3418787861070029
delta,P7,0.21995695425506867,0.20542433861473722,0.014532615640331453,0.17264875158192383,0.1844883804118237,92,72,0.31847124502178675
delta,P8,0.20694485337121532,0.20322113979950782,0.0037237135717075043,0.04198615608384663,0.9696036595364972,92,72,0.9696036595364972
delta,PO3,0.20175293985130882,0.23775358557435755,-0.03600064572304873,-0.383027374124128,0.010377169418063657,92,72,0.056302656500235276
delta,PO4,0.2016382376662433,0.24148680726699195,-0.039848569600748646,-0.4197061141140008,0.0067527908556974815,92,72,0.04759100293447248
delta,PO7,0.1965124445043054,0.2137351528950756,-0.017222708390770197,-0.19963373860583838,0.13206948396849455,92,72,0.27357250250616727
delta,PO8,0.20061288714920208,0.21368294980077226,-0.01307006265157018,-0.14760985126457865,0.2807892684074048,92,72,0.40714443919073695
delta,POz,0.21503432518538615,0.2653064159503234,-0.050272090764937244,-0.48230693468040436,0.0013623608330030478,92,72,0.04481044179605786
delta,Pz,0.23259386067033389,0.2789380506024254,-0.046344189932091495,-0.42417722667019564,0.0067527908556974815,92,72,0.04759100293447248
delta,T7,0.29964776941776117,0.2545866661903816,0.04506110322737955,0.4867400953037126,0.004400001500303295,92,72,0.04759100293447248
delta,T8,0.29272637334343954,0.25393996686368325,0.038786406479756286,0.4133202376783856,0.019750439852274655,92,72,0.07636836742879533
delta,TP7,0.2488075599711704,0.23369680923584074,0.015110750735329664,0.1755939691611693,0.21220062585951904,92,72,0.3418787861070029
delta,TP8,0.2515548133329367,0.21687703265696112,0.0346777806759756,0.3630159331522226,0.031387451328515274,92,72,0.1070865986502286
gamma,AF3,0.05566227969661696,0.07912446633621355,-0.023462186639596587,-0.5145979333321264,0.0001287891644913498,92,72,0.00028729890540378034
gamma,AF4,0.06284422401040121,0.08170465714617829,-0.01886043313577708,-0.38318028218080324,0.0019365785649618208,92,72,0.00249603459483968
gamma,AF7,0.06088947266642111,0.08588199470219633,-0.02499252203577522,-0.4941991046358532,6.046064179542501e-05,92,72,0.00015939623746066595
gamma,AF8,0.06567096126429826,0.09113022214872653,-0.025459260884428264,-0.45813601684781097,1.4527726777210344e-05,92,72,9.362312811979999e-05
gamma,C1,0.03723522583197543,0.04776730639260069,-0.01053208056062526,-0.4362070368765844,0.0018516834476640172,92,72,0.002440855453738932
gamma,C2,0.03935933148470701,0.04879783083523813,-0.009438499350531121,-0.35979263924686017,0.01277057448493211,92,72,0.013716542965297451
gamma,C3,0.06299878807158786,0.09458816539956186,-0.031589377327974,-0.5656239672934593,0.00016822844405313018,92,72,0.00033397088225592695
gamma,C4,0.06347805015259013,0.09473175012294512,-0.03125369997035499,-0.518415250143922,0.00015125463395601287,92,72,0.0003249173618314351
gamma,C5,0.08170857609772464,0.12685255595905243,-0.04514397986132779,-0.7737496716495711,5.5943540038139956e-06,92,72,5.4078755370201955e-05
gamma,C6,0.0816809528142278,0.12477871116729872,-0.04309775835307092,-0.7377290703089062,5.635550290115973e-05,92,72,0.0001556485318222507
gamma,CP1,0.03376243410344165,0.04253767529635805,-0.008775241192916401,-0.3799486667529739,0.00453939620994511,92,72,0.005265699603536328
gamma,CP2,0.03206847253662752,0.04402275638235523,-0.011954283845727706,-0.506108982415699,0.00020231896832898337,92,72,0.0003589571837725935
gamma,CP3,0.04973095291788256,0.06667394751531222,-0.016942994597429664,-0.3535829899337131,0.0017902709206701482,92,72,0.0024147840325318276
gamma,CP4,0.04202399356599675,0.06331272746927213,-0.021288733903275382,-0.556945124053286,2.749874726659083e-05,92,72,0.00010114980128263514
gamma,CP5,0.0640581013048952,0.10456438181238274,-0.040506280507487544,-0.6989423966606543,1.663019702960793e-05,92,72,9.645514277172598e-05
gamma,CP6,0.053663929955953586,0.0930720072678127,-0.039408077311859115,-0.7543244436990514,7.764240920974074e-06,92,72,6.433228191664233e-05
gamma,CPz,0.028744196419705458,0.035548701590098326,-0.006804505170392869,-0.3686243414686578,0.0028467683588342878,92,72,0.003439845100258098
gamma,Cz,0.033203497801660105,0.04133237587434951,-0.008128878072689402,-0.40252026061534474,0.0007938494152006358,92,72,0.0011230064897960214
gamma,F1,0.03960384646190194,0.052396349680605324,-0.012792503218703385,-0.4197690491356992,0.00021042317669427895,92,72,0.0003589571837725935
gamma,F2,0.04666174237025921,0.05305183678243145,-0.00639009441217224,-0.1771009113430658,0.012652000256209403,92,72,0.013716542965297451
gamma,F3,0.060290599783258576,0.08417514380015292,-0.023884544016894348,-0.4869602649613637,0.000287134956140239,92,72,0.0004626063182259406
gamma,F4,0.0657743386059576,0.08785224987587253,-0.02207791126991493,-0.4691948964747724,0.0007038743721599468,92,72,0.0010467875278276132
gamma,F5,0.06977040935939205,0.09415076104042969,-0.024380351681037638,-0.5012699670716854,0.00019450866556336853,92,72,0.0003589571837725935
gamma,F6,0.07249958608261806,0.09959400812962678,-0.027094422047008723,-0.5419061028899003,7.558326400849302e-05,92,72,0.00018520953016759207
gamma,F7,0.06246171199687195,0.09020261302960536,-0.02774090103273341,-0.5966344955395281,2.2059908259077753e-05,92,72,0.00010114980128263514
gamma,F8,0.06198686421755369,0.09012751248592205,-0.028140648268368353,-0.6484913064654662,4.4846355622041835e-06,92,72,5.4078755370201955e-05
gamma,FC1,0.035384703719238124,0.04933502786468038,-0.013950324145442256,-0.557488920437818,8.798450217261616e-05,92,72,0.0002041240450404695
gamma,FC2,0.041281988645897764,0.05015747443221566,-0.008875485786317895,-0.3014572327357436,0.006487837659777114,92,72,0.007378325181707306
gamma,FC3,0.06358113810998013,0.09886235211238513,-0.035281214002405,-0.7225887382061282,4.8924043577221626e-05,92,72,0.0001418797263739427
gamma,FC4,0.07307355533296836,0.1018915622302264,-0.02881800689725804,-0.5050100255848866,0.0008327408343301019,92,72,0.0011499754378844263
gamma,FC5,0.0773038570242094,0.11967777932773184,-0.04237392230352244,-0.8083059218375215,3.587607786824993e-06,92,72,5.4078755370201955e-05
gamma,FC6,0.08221315610029874,0.12239613576538685,-0.04018297966508812,-0.7161835771622406,1.7265178306289173e-06,92,72,5.4078755370201955e-05
gamma,FT7,0.0722075534379614,0.10558874541364134,-0.033381191975679944,-0.6456435741822387,0.00017274355978754842,92,72,0.00033397088225592695
gamma,FT8,0.07238283906519691,0.10615985434433098,-0.03377701527913407,-0.7265160339690079,2.5935273940482635e-05,92,72,0.00010114980128263514
gamma,Fp1,0.05814191598532917,0.08565084607141456,-0.02750893008608539,-0.4997111800902033,2.3058321438869373e-05,92,72,0.00010114980128263514
gamma,Fp2,0.06292842964739541,0.08803410420146213,-0.025105674554066718,-0.4284317781244037,3.8377264336078134e-05,92,72,0.00012366007397180732
gamma,Fz,0.03551603465975045,0.04623073862735668,-0.01071470396760623,-0.37025249598988774,0.0005123467662779665,92,72,0.0007820029590558437
gamma,O1,0.048346049454325996,0.06369712688559964,-0.015351077431273646,-0.34066131132041905,0.12136569875779922,92,72,0.12349492154302377
gamma,O2,0.04947769510611464,0.0680298130626086,-0.018552117956493953,-0.3971184453263584,0.14439953364526112,92,72,0.14439953364526112
gamma,Oz,0.046532684523341084,0.06252797204813004,-0.01599528752478896,-0.3861776981842283,0.09328979662231923,92,72,0.09662157507311635
gamma,P1,0.02763638010072953,0.03790743882397343,-0.010271058723243902,-0.44443765620785713,0.0007938494152006358,92,72,0.0011230064897960214
gamma,P2,0.025859117191199217,0.03860386781727779,-0.01274475062607857,-0.5573154065259555,7.6638426276245e-05,92,72,0.00018520953016759207
gamma,P3,0.033714921268027005,0.04817240529054739,-0.014457484022520388,-0.4618673594524906,0.0001574215403770535,92,72,0.0003260874764953251
gamma,P4,0.028760023030785196,0.0478161128377456,-0.019056089806960406,-0.6659771624098073,4.556336049046845e-06,92,72,5.4078755370201955e-05
gamma,P5,0.03948841561601293,0.06658199210239478,-0.027093576486381853,-0.6513294007638329,3.4197614405545115e-05,92,72,0.00011667421385421275
gamma,P6,0.0337417520378938,0.058584463854999394,-0.024842711817105595,-0.6932892997551151,5.4211003615595165e-06,92,72,5.4078755370201955e-05
gamma,P7,0.04654208921196928,0.07873427049951512,-0.03219218128754584,-0.6781240738925469,0.0004936890665888684,92,72,0.0007738909692474152
gamma,P8,0.04072879588097329,0.07121237298199773,-0.030483577101024437,-0.6728550077294225,4.123109144030015e-05,92,72,0.00012586333176512678
gamma,PO3,0.03669850736926187,0.04305065776478302,-0.006352150395521151,-0.20348849895885088,0.04074718386671612,92,72,0.042969757532173365
gamma,PO4,0.02905746499490767,0.043808510433397,-0.014751045438489332,-0.5399112395315991,0.00024919383441671474,92,72,0.0004129497827476987
gamma,PO7,0.04355372061636626,0.06599902073747486,-0.022445300121108604,-0.5200290571481916,0.004264497724840656,92,72,0.005047772817158328
gamma,PO8,0.04515618951887466,0.06831641843510629,-0.02316022891623163,-0.4790814530218979,0.006888880561638196,92,72,0.0076837513956733725
gamma,POz,0.026944134294924964,0.03643720556520001,-0.009493071270275048,-0.42583170773076934,0.0023131165138429214,92,72,0.0028544842085721158
gamma,Pz,0.0250723561218122,0.031842772432212875,-0.006770416310400675,-0.35373693907071235,0.0021171833868263317,92,72,0.0026694920964332007
gamma,T7,0.07444045530546557,0.11344663281794211,-0.039006177512476536,-0.700486541908979,1.9594710530414574e-05,92,72,0.00010114980128263514
gamma,T8,0.07237618188171964,0.10671651376759174,-0.0343403318858721,-0.6909614920424665,1.1400610017431475e-05,92,72,8.26544226263782e-05
gamma,TP7,0.06445747082422934,0.10151998645373181,-0.03706251562950247,-0.709583978934549,0.0002049872163502862,92,72,0.0003589571837725935
gamma,TP8,0.05814080528210632,0.09534776013530455,-0.03720695485319823,-0.7076155242762351,2.7903393457278657e-05,92,72,0.00010114980128263514
theta,AF3,0.13002149165764515,0.12363829804255684,0.006383193615088309,0.11607569953009195,0.33079408774769625,92,72,0.5136367797380377
theta,AF4,0.12386308353904195,0.12477605357596872,-0.0009129700369267663,-0.017025963660602637,0.8230202933156047,92,72,0.8679123093146377
theta,AF7,0.11427496117209253,0.11087579942001419,0.003399161752078342,0.07229746291924333,0.48342303627587924,92,72,0.6095333935652391
theta,AF8,0.11613730046824935,0.11176973200810399,0.0043675684601453685,0.0880162504068582,0.20738410478895597,92,72,0.4009426025919815
theta,C1,0.16477159960580107,0.1532959223223721,0.011475677283428964,0.19553879541499444,0.16053570201067768,92,72,0.3581181044853579
theta,C2,0.16040044326616443,0.15183505887226337,0.00856538439390106,0.15242414160062004,0.17481839544874356,92,72,0.3621238191438259
theta,C3,0.13197206847990725,0.11884565978690478,0.013126408693002467,0.2585648817954271,0.02886972481360577,92,72,0.10465275244932092
theta,C4,0.13227575267807276,0.11785406064489676,0.014421692033176003,0.2984312073131831,0.02046012076321649,92,72,0.07911246695110374
theta,C5,0.13104419040645432,0.10738837003449275,0.023655820371961567,0.5127161324696037,4.8234293408028504e-05,92,72,0.0009325296725552178
theta,C6,0.13498227857866182,0.11028090626084225,0.024701372317819575,0.5190559357050804,3.089855148009942e-05,92,72,0.0009325296725552178
theta,CP1,0.14092456633750028,0.13645419753146115,0.004470368806039127,0.08084628937154144,0.3613096377365119,92,72,0.5136367797380377
theta,CP2,0.13988820415145464,0.13301885575848876,0.006869348392965879,0.12924340234044068,0.4549447422363917,92,72,0.5996998874934254
theta,CP3,0.12883656785908615,0.12002485157906162,0.008811716280024529,0.16738517918514792,0.051970922934518236,92,72,0.1674618627890032
theta,CP4,0.12972425782826638,0.11700309563583716,0.01272116219242922,0.2552128758514234,0.06234273708621323,92,72,0.18079393755001835
theta,CP5,0.14422157886213746,0.11736213209351083,0.02685944676862663,0.5052404722514936,3.4197614405545115e-05,92,72,0.0009325296725552178
theta,CP6,0.1387418455339953,0.11492205277051457,0.02381979276348073,0.43104605044816474,0.00019968337390182533,92,72,0.0020340907080446963
theta,CPz,0.14750542766084276,0.14366216748830127,0.003843260172541496,0.06837882617392137,0.6439129059153632,92,72,0.7322931086880602
theta,Cz,0.17502692797952066,0.16130112479741612,0.013725803182104535,0.22924266906189594,0.10695685432593059,92,72,0.2819771614047261
theta,F1,0.1651024630500213,0.15756071288201332,0.007541750168007982,0.12454137906802532,0.2536599449124577,92,72,0.4458265698461377
theta,F2,0.1593693431229521,0.1588325926306299,0.0005367504923221855,0.008860283621264859,0.5431679949417374,92,72,0.6702924192898037
theta,F3,0.13635960592333476,0.12939129902819943,0.006968306895135334,0.13247517748629709,0.23227426454063482,92,72,0.42099710447990063
theta,F4,0.13548377548806712,0.12962272166953204,0.005861053818535078,0.11403786960837516,0.22333210655316338,92,72,0.417847167099467
theta,F5,0.11802268310969632,0.11396531420120673,0.004057368908489595,0.08828070593186799,0.3291491357318903,92,72,0.5136367797380377
theta,F6,0.11845611787924405,0.11642244603821644,0.0020336718410276095,0.04293488411403441,0.35610468201413403,92,72,0.5136367797380377
theta,F7,0.11914389325433665,0.11425967463085288,0.004884218623483774,0.11085333953904292,0.26627441757939674,92,72,0.4542328299883827
theta,F8,0.1254814224306431,0.11810481784260446,0.007376604588038654,0.15907749008435357,0.08280755016522089,92,72,0.228706567122991
theta,FC1,0.17414983934557976,0.16273233176564839,0.011417507579931374,0.1829827416109679,0.16961232772289048,92,72,0.3621238191438259
theta,FC2,0.16585665954332213,0.16174280853571602,0.004113851007606112,0.07097114527341176,0.3807996815299245,92,72,0.5136367797380377
theta,FC3,0.14094075448246818,0.12752128168170632,0.013419472800761861,0.25865435559776523,0.061878722777629826,92,72,0.18079393755001835
theta,FC4,0.13425635450508916,0.12743511431156504,0.00682124019352412,0.13413344150554166,0.1537336657581126,92,72,0.35666210455882125
theta,FC5,0.1226042566672539,0.10901257112812245,0.013591685539131454,0.3087369948640239,0.0130106769610762,92,72,0.05858989959456226
theta,FC6,0.12189159938159964,0.1114411319732666,0.010450467408333039,0.23331710032836195,0.009427865762010603,92,72,0.049710564926965
theta,FT7,0.1300474890485594,0.11707605205531688,0.012971436993242519,0.3008142168684456,0.019232377721170552,92,72,0.07911246695110374
theta,FT8,0.13386117754327903,0.12104710191256568,0.01281407563071335,0.27724219409914297,0.00907037103554975,92,72,0.049710564926965
theta,Fp1,0.11505364413080511,0.11166785939454492,0.0033857847362601945,0.06638562976113316,0.3772088095669882,92,72,0.5136367797380377
theta,Fp2,0.116286619357072,0.1121424889309717,0.004144130426100304,0.0781785698588615,0.3210040433213607,92,72,0.5136367797380377
theta,Fz,0.1722231375859405,0.1659896563604092,0.006233481225531301,0.09764951084998744,0.3754212285622376,92,72,0.5136367797380377
theta,O1,0.12593136698761317,0.12376969694096873,0.0021616700466444427,0.04272483958065069,0.6750997795185463,92,72,0.7529959079245324
theta,O2,0.13084515556935472,0.12049292312972394,0.010352232439630779,0.19791478683018077,0.1934114063032223,92,72,0.3868228126064446
theta,Oz,0.1355678697393416,0.13130016710130235,0.004267702638039245,0.08405948873419812,0.6133407609295987,92,72,0.7114752826783345
theta,P1,0.12175381363210146,0.1235546236643822,-0.0018008100322807474,-0.03491332544407396,0.9696036595364972,92,72,0.9696036595364972
theta,P2,0.12224023175710981,0.12037392679512864,0.0018663049619811745,0.037174240490148884,0.9142422959863542,92,72,0.9329567352135619
theta,P3,0.11876931745305865,0.11933226577797,-0.0005629483249113554,-0.010906672712787167,0.7693342997986283,92,72,0.8263220257096379
theta,P4,0.11778055793554666,0.11261249917592192,0.005168058759624741,0.10072334044451689,0.5766213182930887,92,72,0.6825313563469213
theta,P5,0.13259146878631678,0.12140737784528621,0.011184090941030567,0.1913224771780931,0.04847322131760344,92,72,0.1653792256718235
theta,P6,0.12504461187006657,0.1147301633494753,0.010314448520591268,0.1741964646841457,0.12458434747875365,92,72,0.3010788397403213
theta,P7,0.1496735227932364,0.133834286086921,0.0158392367063154,0.2491388147106662,0.013132218874643265,92,72,0.05858989959456226
theta,P8,0.14199295812812687,0.12111420176980342,0.020878756358323453,0.31851300105109465,0.007990617569893584,92,72,0.049710564926965
theta,PO3,0.12161504789934055,0.11897821094947897,0.002636836949861582,0.05188304716652672,0.5676060448216378,92,72,0.6825313563469213
theta,PO4,0.11752286529457408,0.11587582942230111,0.0016470358722729672,0.03173437428000233,0.916871274261604,92,72,0.9329567352135619
theta,PO7,0.1314984194466943,0.12696396240300098,0.0045344570436933185,0.07685835970727836,0.36656204007703286,92,72,0.5136367797380377
theta,PO8,0.12727909286197675,0.11566320263369183,0.011615890228284922,0.19871854905427924,0.12296679813775993,92,72,0.3010788397403213
theta,POz,0.12057197216378687,0.12453836675687056,-0.003966394593083691,-0.07716402301246288,0.47724026792902674,92,72,0.6095333935652391
theta,Pz,0.12529514968163025,0.12754332092313503,-0.0022481712415047816,-0.04359665563499234,0.7241716725013052,92,72,0.7924897548127491
theta,T7,0.1440434301882651,0.1212555110712087,0.022787919117056396,0.49398610015968797,0.0006625299954495037,92,72,0.005489534248010173
theta,T8,0.14813749065965212,0.12615625768087385,0.02198123297877827,0.4343414679090234,8.798450217261616e-05,92,72,0.0012757752815029343
theta,TP7,0.14821536700154664,0.13030381987259612,0.017911547128950517,0.33394670896077416,0.0067527908556974815,92,72,0.04895773370380674
theta,TP8,0.15461588595781195,0.12851675216188294,0.026099133795929014,0.42090274063344507,0.00021042317669427895,92,72,0.0020340907080446963
