region,feature,tbi_mean,control_mean,delta_tbi_minus_control,tbi_median,control_median,delta_median_tbi_minus_control,tbi_iqr,control_iqr,hedges_g,rank_biserial,u_stat,p_value,n_tbi,n_control,q_fdr,significant_fdr_0_05
temporal,abs_power_delta,1.0619054373488292e-11,6.606799657712671e-12,4.012254715775621e-12,7.947073643571454e-12,5.040851752501459e-12,2.906221891069995e-12,5.999353078820515e-12,3.708305783166413e-12,0.39177613386239646,0.45828785279900197,56112.0,4.524086527027254e-20,212,363,5.428903832432705e-18,True
temporal,aperiodic_offset,-10.988206653482038,-11.331727723521077,0.34352107003903853,-10.988398342136726,-11.360153287122477,0.3717549449857511,0.46386617978886413,0.7204137099963752,0.6709171171709355,0.41881074899942816,54593.0,5.096018261282429e-17,212,363,3.0576109567694574e-15,True
parietal,abs_power_delta,1.0316006040656095e-11,6.9664339613979746e-12,3.34957207925812e-12,7.856565368562649e-12,4.804280628101408e-12,3.0522847404612415e-12,5.988669791995862e-12,4.497205809919369e-12,0.39350698841353315,0.40342533395706637,54001.0,6.668661923152995e-16,212,363,2.0005985769458983e-14,True
temporal,idx_slow_beta,2.794983710199933,2.1094492799828957,0.6855344302170372,2.4231568049095387,1.611632961809727,0.8115238430998117,1.655933164718734,1.4691562643608695,0.3786285118055384,0.4042050002598887,54031.0,5.867069355520492e-16,212,363,2.0005985769458983e-14,True
temporal,abs_power_theta,5.160655923105854e-12,3.6282084694894894e-12,1.5324474536163643e-12,3.734026044874535e-12,2.325640788679296e-12,1.408385256195239e-12,3.704538363315339e-12,2.3583159816310482e-12,0.33164953683711546,0.3975258589323769,53774.0,1.7438004595319899e-15,212,363,4.185121102876776e-14,True
parietal,aperiodic_offset,-10.641097879979522,-10.986219037072924,0.3451211570934021,-10.652535715280742,-10.980359316370542,0.3278236010898006,0.6010893249782896,0.81248626139541,0.6144645690922915,0.3802172670097199,53108.0,2.7029534652812986e-14,212,363,5.405906930562597e-13,True
parietal,abs_power_theta,7.156555506065472e-12,4.954268861619533e-12,2.202286644445939e-12,4.7147517534076276e-12,2.5918823513222355e-12,2.122869402085392e-12,5.061930195306226e-12,3.447174861243692e-12,0.2871506616831595,0.37548729143926396,52926.0,5.600077359050621e-14,212,363,9.60013261551535e-13,True
temporal,sef50,7.959905660377358,9.926308539944904,-1.9664028795675454,8.5,9.5,-1.0,3.0,2.5,-0.5977923822440441,-0.3738889755184781,24091.5,6.858734232690343e-14,212,363,1.0288101349035514e-12,True
central,aperiodic_offset,-11.071396383004528,-11.356014764649169,0.28461838164464126,-11.100571664789953,-11.382440667381758,0.2818690025918045,0.46111028586081915,0.6605304908023246,0.5772393472898745,0.3668589843546961,52594.0,2.06734256153278e-13,212,363,2.7564567487103736e-12,True
temporal,aperiodic_exponent,1.2094009235160532,0.9783111314410908,0.23108979207496239,1.215055996482438,0.9694637625180061,0.24559223396443175,0.38511930784490045,0.5503290892092547,0.6370937040754647,0.36324653048495237,52455.0,3.5408517245042725e-13,212,363,4.249022069405127e-12,True
central,abs_power_delta,6.0808663514485524e-12,4.225740018475211e-12,1.8551263329733416e-12,4.4475490305212684e-12,3.3189953305089147e-12,1.1285537000123538e-12,3.6197172499000883e-12,2.3260268525235424e-12,0.3709204685467604,0.35087582514683713,51979.0,2.1501903559375803e-12,212,363,2.3456622064773606e-11,True
central,aperiodic_exponent,1.2979846042261378,1.099858478126228,0.19812612609990987,1.3295944377926807,1.1152748608686898,0.21431957692399095,0.337575729089425,0.4759629094806983,0.6068139784514356,0.34541816102708034,51769.0,4.674812947780306e-12,212,363,4.674812947780306e-11,True
temporal,rel_power_beta,0.18056802491871127,0.2268375172345801,-0.046269492315868826,0.16837062105180495,0.22609040172846376,-0.05771978067665881,0.07345914023508551,0.1282456489046294,-0.5917730408438887,-0.33226778938614276,25693.0,2.8944851958338145e-11,212,363,2.6718324884619823e-10,True
central,abs_power_theta,3.741475121824116e-12,2.7401300101853232e-12,1.0013451116387927e-12,2.56407626022662e-12,1.6645533717173698e-12,8.995228885092503e-13,2.398415874127718e-12,1.748418563332926e-12,0.28364248502569517,0.3255626591818701,51005.0,7.143992314009198e-11,212,363,6.123421983436455e-10,True
parietal,abs_power_alpha,2.907287393225966e-11,2.390947266877342e-11,5.1634012634862415e-12,1.962754228211548e-11,7.453421240298556e-12,1.2174121041816924e-11,3.483577197018307e-11,2.5720369170459654e-11,0.13466067654460084,0.32382140443890006,50938.0,9.00703154526983e-11,212,363,6.357904620190468e-10,True
temporal,rel_power_theta,0.14251190503193084,0.12234167799382774,0.020170227038103103,0.1356811602829488,0.11162363877998088,0.024057521502967916,0.05114410454914198,0.05624993940790629,0.36330952855348914,0.32473101512552627,50973.0,7.981281869015492e-11,212,363,6.357904620190468e-10,True
temporal,spectral_flatness,0.4779530240189505,0.5717636482125877,-0.09381062419363723,0.45475294000901634,0.5838933992418865,-0.1291404592328702,0.17392918085547365,0.27323668892569075,-0.5694841770033672,-0.32395134882270393,26013.0,8.852970693952548e-11,212,363,6.357904620190468e-10,True
occipital,abs_power_theta,7.675290387895522e-12,6.114622188453403e-12,1.5606681994421186e-12,5.700376266489625e-12,3.80188874590187e-12,1.8984875205877553e-12,5.6914720249571346e-12,4.060951437898217e-12,0.2210458680193058,0.3210146057487395,50830.0,1.3053313186971762e-10,212,363,8.702208791314509e-10,True
temporal,sef95,31.316037735849058,34.349173553719005,-3.0331358178699475,31.375,36.25,-4.875,8.125,10.375,-0.4790664959541329,-0.3171162742346276,26276.0,2.1653413326069965e-10,212,363,1.367583999541261e-09,True
temporal,spectral_entropy,0.8435119034242098,0.8718952781037947,-0.02838337467958496,0.8444825992544687,0.8779755524033197,-0.033492953148851035,0.04975058233799767,0.08421019268432539,-0.47471435353106173,-0.3109309215655699,26514.0,4.82567998836043e-10,212,363,2.8954079930162582e-09,True
parietal,aperiodic_exponent,1.4753788219645094,1.293774859220845,0.18160396274366453,1.5059911943218658,1.3201252910849557,0.1858659032369101,0.3623421479754554,0.5041638207066641,0.5245816562466,0.30695462342117574,50289.0,7.993119452401112e-10,212,363,4.567496829943492e-09,True
parietal,total_power_1_45,5.746253287442361e-11,4.529944794283246e-11,1.2163084931591146e-11,4.304934143197912e-11,2.5525648900093623e-11,1.75236925318855e-11,5.52012466064625e-11,4.1501204575249247e-11,0.2353424036622617,0.30562919070637773,50238.0,9.444333082105567e-10,212,363,5.151454408421219e-09,True
occipital,abs_power_delta,1.222707667101785e-11,1.0096767703400904e-11,2.130308967616946e-12,9.592140702670342e-12,6.694487231000815e-12,2.8976534716695264e-12,6.808349493222624e-12,6.499949304058902e-12,0.17738187408668749,0.30336815842819265,50151.0,1.25337665131749e-09,212,363,6.53935644165647e-09,True
temporal,rel_power_gamma,0.06836322828196802,0.10741787968470766,-0.03905465140273964,0.0584649928961764,0.09139101728962969,-0.03292602439345329,0.044812410971023994,0.09173762294822807,-0.5904251792162585,-0.30037943760070684,26920.0,1.8164179030237825e-09,212,363,9.082089515118911e-09,True
parietal,alpha_peak_amplitude,1.1695266226448943e-11,1.077865540510194e-11,9.166108213470033e-13,7.496355730724564e-12,2.802750816970197e-12,4.693604913754366e-12,1.4216243863660041e-11,1.1201381390285053e-11,0.05038358196592393,0.296974894745049,49905.0,2.760066185579171e-09,212,363,1.3248317690780021e-08,True
central,idx_slow_beta,2.4588258998368073,1.9617295016750347,0.49709639816177265,2.223355440819482,1.6688916584602027,0.5544637823592793,1.3836432717616212,1.5234076053877765,0.35078417208586293,0.28910026508654285,49602.0,7.139301385615984e-09,212,363,3.295062177976608e-08,True
central,spectral_flatness,0.44333305062630796,0.5213211838060381,-0.07798813317973013,0.43306698042852165,0.5216314228674785,-0.08856444243895689,0.14383064089033792,0.23900414892176663,-0.5035813464670548,-0.28611154425905716,27469.0,1.0175374881481246e-08,212,363,4.522388836213887e-08,True
temporal,rel_power_delta,0.2945214501546014,0.2486630996048132,0.04585835054978821,0.28208612987449366,0.230961393600542,0.05112473627395167,0.14211575562781512,0.12575351259169154,0.42344746370770325,0.28450023389989076,49425.0,1.2299610159259653e-08,212,363,5.271261496825566e-08,True
central,rel_power_beta,0.18976078990871434,0.23790445408828653,-0.04814366417957219,0.1749102038390934,0.2269802473077672,-0.052070043468673805,0.08359152102482331,0.1427749686366898,-0.5036192886120573,-0.2817714018400125,27636.0,1.6917492969981765e-08,212,363,6.766997187992706e-08,True
occipital,abs_power_alpha,3.043341442358564e-11,3.563434360751523e-11,-5.200929183929592e-12,2.098783039451622e-11,8.802471841570954e-12,1.2185358552945267e-11,3.404062016433864e-11,2.8567536878415427e-11,-0.07767665737694185,0.2818753573470554,49324.0,1.6714178722652065e-08,212,363,6.766997187992706e-08,True
central,sef95,28.93514150943396,31.973140495867767,-3.0379989864338057,28.5,32.25,-3.75,7.25,11.25,-0.49574810353541765,-0.2812256354280368,27657.0,1.7977037691049204e-08,212,363,6.958853299760982e-08,True
temporal,total_power_1_45,3.512897573333815e-11,2.7992688063659192e-11,7.136287669678958e-12,2.8891057136084587e-11,2.1015866787366116e-11,7.875190348718471e-12,2.3649397893767726e-11,2.0209086751865268e-11,0.29224722793418134,0.27831488123083314,49187.0,2.522831065013029e-08,212,363,9.46061649379886e-08,True
occipital,alpha_peak_amplitude,1.2608986697751633e-11,1.6286662251382755e-11,-3.677675553631122e-12,7.631495033073641e-12,2.7846738737370773e-12,4.846821159336564e-12,1.3323094673560195e-11,1.2811493027337931e-11,-0.11277966915231379,0.2683091636779458,48802.0,7.814052365524952e-08,212,363,2.841473587463619e-07,True
occipital,aperiodic_offset,-10.674445363145322,-10.904082142830399,0.22963677968507668,-10.643353815419642,-10.91474184333813,0.27138802791848704,0.5296097250344545,0.8638157681054892,0.4052448101610983,0.2653464317272207,48688.0,1.0839552022433304e-07,212,363,3.8257242432117543e-07,True
central,rel_power_gamma,0.05331192277346077,0.08044646584668501,-0.027134543073224236,0.04439882370037304,0.06325306882274791,-0.018854245122374866,0.03398308952579496,0.07141164436156984,-0.4856231221011094,-0.2601746452518322,28467.0,1.9035809936515538e-07,212,363,6.526563406805327e-07,True
central,abs_power_alpha,9.038118019507282e-12,7.824842914540734e-12,1.2132751049665478e-12,6.4053222150237435e-12,3.309929482873474e-12,3.0953927321502693e-12,9.720350442302251e-12,8.48137369839959e-12,0.11865923384936418,0.2580435573574511,48407.0,2.393488857192929e-07,212,363,7.978296190643096e-07,True
temporal,idx_log_slow_alpha_beta,-0.06282018933972452,-0.2959118482990066,0.23309165895928205,-0.0660758824312808,-0.3200740778379318,0.253998195406651,0.7370076870696309,0.786736087205151,0.38931716054032217,0.2557305473257445,48318.0,3.0627744307931003e-07,212,363,9.671919255136106e-07,True
temporal,idx_slow_alpha_beta,1.0989709935500074,0.938717062422504,0.1602539311275034,0.936064127469376,0.7260952475131459,0.20996887995623004,0.7127352834984949,0.5886626545342126,0.17701470271882191,0.2557305473257445,48318.0,3.0627744307931003e-07,212,363,9.671919255136106e-07,True
occipital,total_power_1_45,6.371815197043245e-11,6.430577240878725e-11,-5.876204383548053e-13,5.1933026731757093e-11,3.252959439119758e-11,1.9403432340559515e-11,4.602276327504297e-11,4.7486464741718105e-11,-0.007163946304960808,0.2510525495088103,48138.0,5.011089355830494e-07,212,363,1.5418736479478443e-06,True
temporal,abs_power_alpha,1.03900869020548e-11,8.646361937753907e-12,1.7437249643008932e-12,8.143605401784937e-12,4.719766332858745e-12,3.423839068926192e-12,1.0992010627413095e-11,9.324196518078078e-12,0.17967627213146461,0.2500909610686626,48101.0,5.538939668474107e-07,212,363,1.661681900542232e-06,True
frontal,aperiodic_exponent,1.274696113908059,1.112034164064064,0.16266194984399496,1.3240410655882895,1.1563495528983576,0.16769151268993188,0.40457458506104915,0.6067541384783064,0.424566629523084,0.24601070741722553,47944.0,8.438255209509514e-07,212,363,2.469733232051565e-06,True
parietal,sef95,24.68985849056604,27.84435261707989,-3.1544941265138497,24.0,27.5,-3.5,7.25,12.5,-0.4609817582424349,-0.24439939705805913,29074.0,9.924970528105516e-07,212,363,2.8357058651730046e-06,True
parietal,rel_power_alpha,0.44429149868905105,0.36922011857099646,0.07507138011805459,0.46111941707599646,0.30384423327456167,0.1572751838014348,0.2665209054043354,0.37803643016709854,0.37034851826290743,0.23925359945943137,47684.0,1.6705647526082664e-06,212,363,4.662041170069581e-06,True
central,spectral_entropy,0.8427698823537655,0.86208700185844,-0.019317119504674518,0.8463263022607388,0.869636849088031,-0.023310546827292167,0.042509018468437576,0.0883248024702008,-0.33770536110232363,-0.2354332345756016,29419.0,2.4387537567135433e-06,212,363,6.651146609218755e-06,True
central,total_power_1_45,2.5306221241366537e-11,2.138805970415148e-11,3.918161537215059e-12,1.9718599526521136e-11,1.4290245404314541e-11,5.428354122206595e-12,1.7327344482787007e-11,1.540021921200444e-11,0.20147825846355671,0.23286033577628773,47438.0,3.1364752151547863e-06,212,363,8.36393390707943e-06,True
frontal,rel_power_alpha,0.33039168206907693,0.27478242514949214,0.05560925691958479,0.3392509987070085,0.20482221690755295,0.13442878179945553,0.2409195188983288,0.26484727922908974,0.3060051908572414,0.2324964915016372,47424.0,3.2494146208869806e-06,212,363,8.47673379361821e-06,True
central,alpha_peak_amplitude,3.323784903097504e-12,3.2443060250884466e-12,7.947887800905743e-14,2.215458089545282e-12,1.0516461134705592e-12,1.1638119760747229e-12,3.396310077955444e-12,3.4541941100024976e-12,0.017422934545726552,0.23210665835022604,47409.0,3.3747464207430447e-06,212,363,8.616373840195008e-06,True
parietal,abs_power_beta,7.834932644632106e-12,6.789728213818097e-12,1.0452044308140091e-12,6.069321005755927e-12,4.6273448731430085e-12,1.4419761326129185e-12,5.527711742075873e-12,4.527056857307089e-12,0.1717187266777107,0.22901398201569734,47290.0,4.547062380524731e-06,212,363,1.1367655951311827e-05,True
occipital,rel_power_alpha,0.41208500575970686,0.35078015191989376,0.0613048538398131,0.40133380702155974,0.26437459868847796,0.13695920833308178,0.28650823930368013,0.3821142015953274,0.28554390214076214,0.2264670720931441,47192.0,5.796508075759164e-06,212,363,1.4195529981451015e-05,True
parietal,rel_power_beta,0.1626503427746052,0.2051385539506453,-0.042488211176040125,0.14677624042548376,0.1924851734633869,-0.04570893303790313,0.09114833682914374,0.1511779827163061,-0.43363057900027796,-0.2214512188783201,29957.0,9.281874639746296e-06,212,363,2.227649913539111e-05,True
parietal,rel_power_gamma,0.03478325998808028,0.055079483257632775,-0.020296223269552494,0.027301302202208395,0.03951810985823977,-0.012216807656031371,0.02452842911291777,0.053674224526527134,-0.44825324909230435,-0.22113935235719118,29969.0,9.554542240309456e-06,212,363,2.248127585955166e-05,True
frontal,aperiodic_offset,-11.025159467338645,-11.213467770274834,0.18830830293618916,-11.019589176757584,-11.217401079734476,0.19781190297689122,0.5869051345981813,0.7993018564303007,0.3454756370785011,0.2208014969593015,46974.0,9.858562083167738e-06,212,363,2.275052788423324e-05,True
temporal,alpha_peak_amplitude,3.7116307661574656e-12,3.5181056621919816e-12,1.9352510396548395e-13,2.6779330770224734e-12,1.386034125669013e-12,1.2918989513534603e-12,3.785059273625809e-12,3.787247831537765e-12,0.043062672274129916,0.21955403087478564,46926.0,1.1063113128312012e-05,212,363,2.504855802636682e-05,True
occipital,abs_power_beta,9.20497100294361e-12,8.552382815880827e-12,6.525881870627825e-13,7.282721403822791e-12,5.616510662791554e-12,1.666210741031237e-12,5.461596534444485e-12,5.0712054089685494e-12,0.08005249813109552,0.21763085399449045,46852.0,1.3199264032000846e-05,212,363,2.933169784889077e-05,True
frontal,alpha_peak_residual_amplitude,0.6970678863692386,0.5392561751900108,0.15781171117922776,0.7696836164923075,0.4519384008063003,0.3177452156860072,0.577799096391808,0.8210935858752757,0.3492036345487354,0.21674723218462488,46818.0,1.4307722122664578e-05,212,363,3.121684826763181e-05,True
parietal,spectral_flatness,0.3494694836177795,0.4211552378891704,-0.0716857542713909,0.3405865628826083,0.4185430718884887,-0.07795650900588041,0.15617321014680433,0.3074336740727037,-0.41162246454524726,-0.21495399968813345,30207.0,1.683610061081591e-05,212,363,3.607735845174837e-05,True
frontal,abs_power_alpha,1.1168444805352801e-11,1.1163314684144444e-11,5.1301212083568165e-15,8.469913077457075e-12,4.2162687578596325e-12,4.253644319597443e-12,1.2089697510827536e-11,1.147424777613059e-11,0.0003322537981712829,0.214070377878268,46715.0,1.8233397651007713e-05,212,363,3.8386100317910976e-05,True
parietal,alpha_peak_residual_amplitude,0.9176190092763886,0.7415094025100943,0.17610960676629428,0.9703512451628713,0.6575305860287877,0.31282065913408363,0.4969976136919607,0.8625636278209043,0.3828665752629335,0.213056811684599,46676.0,1.9972177902735073e-05,212,363,4.132174738496912e-05,True
parietal,idx_slow_beta,2.437857729205347,2.3311502315426593,0.10670749766268761,2.126512558877157,1.6286041133154183,0.49790844556173863,1.550662789445327,1.6166979519475304,0.04387011501165156,0.21053589063880662,46579.0,2.500749672557744e-05,212,363,5.086270520456429e-05,True
central,rel_power_theta,0.14296561305899477,0.12897103195377124,0.01399458110522353,0.13578428155736633,0.11739957672671843,0.0183847048306479,0.05805403947903001,0.06055816333366004,0.2462810268991041,0.20991215759654858,46555.0,2.6428125397264948e-05,212,363,5.2856250794529895e-05,True
central,rel_power_alpha,0.33152398598904975,0.2859575701578108,0.04556641583123894,0.32870522313067907,0.2370143083854009,0.09169091474527816,0.21223936001059718,0.24787143768068481,0.28462246893442145,0.20801496959301424,46482.0,3.123607172263623e-05,212,363,6.144800994616963e-05,True
frontal,alpha_peak_frequency,9.86320754716981,9.480716253443527,0.3824912937262841,10.0,9.5,0.5,1.5,1.75,0.35132400957184856,0.20479234887468167,46358.0,3.844650774337753e-05,212,363,7.44125956323436e-05,True
frontal,sef95,29.027122641509433,31.395316804407713,-2.3681941628982806,28.75,32.0,-3.25,8.75,12.875,-0.3260614911823291,-0.20422059358594524,30620.0,4.339927776368375e-05,212,363,8.266529097844525e-05,True
frontal,idx_slow_beta,2.9379152338237726,3.221355152466675,-0.2834399186429022,2.603814207293756,2.1480148855279695,0.4557993217657863,1.5735535021514968,1.8822258448794016,-0.06585047747596476,0.20318103851551528,46296.0,4.7523136333744145e-05,212,363,8.910588062577027e-05,True
occipital,alpha_peak_residual_amplitude,0.8487368918992876,0.6978623215038405,0.15087457039544705,0.8659532186280297,0.5733446318273216,0.292608586800708,0.5710261443576394,0.9431663336877962,0.3056202620697965,0.2013618171422631,46226.0,5.552485487143911e-05,212,363,0.00010250742437804144,True
frontal,rel_power_gamma,0.059774588132294505,0.0834481836613053,-0.023673595529010792,0.04509392681871951,0.060572910011454796,-0.015478983192735288,0.04183622698522745,0.08212847201153387,-0.37736505967549283,-0.19995841779718282,30784.0,6.25528190123594e-05,212,363,0.00011373239820428982,True
frontal,alpha_peak_amplitude,4.411596679153618e-12,4.962868083775134e-12,-5.512714046215158e-13,3.1329769415603365e-12,1.3740434114530525e-12,1.758933530107284e-12,4.7764614603633e-12,5.042077656794461e-12,-0.07463404324814527,0.1956962420084205,46008.0,8.942094820330103e-05,212,363,0.000160156922155166,True
frontal,rel_power_beta,0.16940044774040364,0.20083058363245215,-0.031430135892048516,0.1543670571075858,0.18901145646772816,-0.03464439936014235,0.0903307835584055,0.1391880027155029,-0.35206583778351624,-0.19431883154010088,31001.0,0.00010021878804737401,212,363,0.00017685668478948356,True
central,alpha_peak_residual_amplitude,0.6655996518492894,0.5451214506957083,0.1204782011535811,0.7115499086395785,0.4803044205750524,0.23124548806452605,0.41781276713391335,0.6905747436131149,0.30560884605782823,0.188055512240761,45714.0,0.0001667704919523672,212,363,0.0002900356381780299,True
occipital,idx_slow_alpha,1.2618579002503691,2.131305890723079,-0.8694479904727099,0.8488783811367219,1.3615845958034787,-0.5127062146667568,1.1205092268571266,2.419902047031419,-0.3637152640240223,-0.1862362908675087,31312.0,0.00019281660140473117,212,363,0.0003305427452652534,True
frontal,spectral_flatness,0.4301667424850158,0.4916487106720394,-0.06148196818702362,0.4109626542319943,0.4801616368856985,-0.06919898265370422,0.18602061105016499,0.30452851085769383,-0.3397607195823322,-0.18376734757523783,31407.0,0.0002343176946349242,212,363,0.000396029906425224,True
parietal,idx_slow_alpha,1.0536536461127817,1.8462375718862953,-0.7925839257735137,0.7002136429302351,1.2133909446554074,-0.5131773017251723,0.8329759823950538,1.8433416385681047,-0.3163301933304243,-0.18171422631113887,31486.0,0.0002750690787784852,212,363,0.00045844846463080873,True
frontal,idx_slow_alpha,1.9449687027664269,3.286755729047206,-1.3417870262807792,1.290224170218885,2.040710898337187,-0.7504867281183021,1.7656507296847068,2.9489169886990783,-0.30252178919031203,-0.17212433078642342,31855.0,0.0005695381224611078,212,363,0.0009362270506209992,True
central,sef50,8.752358490566039,9.583333333333334,-0.8309748427672954,9.25,9.5,-0.25,2.0,2.75,-0.28548040482505577,-0.17061697593430014,31913.0,0.0006292861556585365,212,363,0.0010204640362030321,True
parietal,abs_power_gamma,1.4390957805306566e-12,1.412807183023788e-12,2.628859750686863e-14,1.198585421922542e-12,9.511703417504355e-13,2.474150801721065e-13,9.201946392269596e-13,7.483025363336893e-13,0.011939866946267403,0.16266437964551161,44737.0,0.001128625392904108,212,363,0.0018058006286465727,True
frontal,abs_power_delta,8.81369043014846e-12,1.0094480268134506e-11,-1.2807898379860463e-12,6.28807033518343e-12,5.201260693620271e-12,1.086809641563159e-12,5.4741851873229036e-12,4.845683739186883e-12,-0.07422974386330113,0.15918187015957175,44603.0,0.0014395123852785443,212,363,0.00227291429254507,True
parietal,alpha_peak_frequency,10.057783018867925,9.794077134986226,0.26370588388169836,10.0,9.75,0.25,1.25,1.5,0.24977560527008816,0.15679089349758302,44511.0,0.0016413587258431964,212,363,0.0025579616506647214,True
frontal,abs_power_theta,4.284605526610146e-12,4.053280946868762e-12,2.31324579741384e-13,2.9072238299355157e-12,2.4094905806177067e-12,4.97733249317809e-13,2.717297921851306e-12,2.712410300205648e-12,0.04529075992148217,0.15289256198347112,44361.0,0.002208238091577388,212,363,0.00339728937165752,True
central,alpha_peak_frequency,9.910377358490566,9.639807162534435,0.27057019595613063,10.0,9.75,0.25,1.5,1.875,0.24124434457085642,0.15174905140599826,44317.0,0.0023017899812411186,212,363,0.003496389844923218,True
occipital,rel_power_beta,0.1644311485366554,0.19025014179271388,-0.025818993256058465,0.15308914877484953,0.18073471297297306,-0.02764556419812353,0.08786748629386514,0.14052297283455206,-0.2972461335462167,-0.14722698684962832,32813.0,0.003205945804881026,212,363,0.00480891870732154,True
occipital,abs_power_gamma,2.486483646286614e-12,2.385466119264607e-12,1.0101752702200715e-13,1.7500301399406122e-12,1.3245907987544893e-12,4.2543934118612287e-13,1.859773228714699e-12,1.7952005310808795e-12,0.026439738026123663,0.14026196787774836,43875.0,0.004987703945389547,212,363,0.007389191030206735,True
parietal,spectral_entropy,0.8110781659766002,0.8227813864517427,-0.011703220475142495,0.8158791463183617,0.8358710316218703,-0.019991885303508594,0.06621759172625108,0.13434401655087813,-0.1580584172159933,-0.13919642393055776,33122.0,0.005328155200954525,212,363,0.007797300294079793,True
frontal,spectral_entropy,0.8242930526263316,0.8340294654001958,-0.009736412773864278,0.8254669794251575,0.842934837541126,-0.017467858115968515,0.05604996043632493,0.10973971403839378,-0.13303916271211447,-0.1323873382192422,33384.0,0.008045023878265363,212,363,0.011631359823998115,True
occipital,idx_slow_beta,2.415027569041542,2.518472851439395,-0.10344528239785289,2.200516947578934,1.8665499365548577,0.3339670110240762,1.196916639893297,1.5723839776599204,-0.04304398547573971,0.12739747388117895,43380.0,0.010763773863679977,212,363,0.015376819805257111,True
occipital,alpha_peak_frequency,9.995283018867925,9.791322314049587,0.2039607048183374,10.0,9.75,0.25,1.25,1.5,0.18222086289095143,0.1260720411663807,43329.0,0.011348771633394686,212,363,0.016021795247145438,True
occipital,aperiodic_exponent,1.3582366770178604,1.2554988180227498,0.10273785899511068,1.3797048759652235,1.328381428479556,0.05132344748566742,0.42338847440766214,0.5850304052296456,0.26190477276155383,0.12539633037060138,43303.0,0.012065860529577793,212,363,0.01683608445987599,True
temporal,alpha_peak_residual_amplitude,0.5699256693853214,0.5025590562997128,0.06736661308560865,0.5961826502938719,0.4263017154678259,0.16988093482604594,0.3796856609373429,0.6058291437475116,0.18921500015500786,0.12386298664171735,43244.0,0.01315614653345281,212,363,0.018146409011659047,True
frontal,rel_power_theta,0.1312882879179604,0.12516299954475524,0.006125288373205168,0.12227461539748238,0.11478358880503042,0.00749102659245196,0.05592413705729597,0.07063593136703508,0.1036596983285224,0.12136805447268562,43148.0,0.015116955063762079,212,363,0.020614029632402837,True
frontal,abs_power_gamma,1.6000448150037855e-12,2.0796482121436666e-12,-4.796033971398811e-13,1.1402301465785146e-12,1.2712843090016846e-12,-1.3105416242317006e-13,1.2359898127774417e-12,1.2779304923757061e-12,-0.16212079463140203,-0.11788554498674564,33942.0,0.018282617364570437,212,363,0.024650720042117442,True
temporal,rel_power_alpha,0.2843493435800146,0.2654579934790943,0.0188913501009203,0.28013773835034184,0.23695883976919085,0.04317889858115098,0.16990220970972622,0.2213869001703117,0.13439356326996882,0.11653412339518687,42962.0,0.019659263568620935,212,363,0.026212351424827914,True
frontal,total_power_1_45,3.159439561514301e-11,3.35697751563333e-11,-1.975379541190293e-12,2.5318118447492984e-11,2.1510751375314313e-11,3.807367072178672e-12,2.3922697085050038e-11,2.421013023739699e-11,-0.0607492483750352,0.10624252819793134,42566.0,0.03344107950697162,212,363,0.044098126822380165,True
central,rel_power_delta,0.2527501974527908,0.23748074131872732,0.015269456134063497,0.24736585791455393,0.22417121220646555,0.02319464570808838,0.12743637331736601,0.14306596403367608,0.14435030122559647,0.10595665055356318,42555.0,0.033919781853835956,212,363,0.04424319372239472,True
central,idx_slow_alpha,1.7020791578248227,2.134073088441157,-0.4319939306163343,1.1893097409226692,1.6284979153292987,-0.4391881744066295,1.4482173823775941,1.954971057777591,-0.21943391771460105,-0.10517698425074073,34431.0,0.0352552117283873,212,363,0.04549059577856426,True
occipital,idx_log_slow_alpha_beta,-0.5469346649855547,-0.46645517422417626,-0.08047949076137839,-0.52941931930239,-0.30983333797680485,-0.2195859813255851,0.9445827588793572,1.26199099143287,-0.09322304944399584,-0.10127865273662873,34581.0,0.04262468150135931,212,363,0.05384170294908545,False
occipital,idx_slow_alpha_beta,0.7305732161922808,0.9675136115596187,-0.2369403953673379,0.5889480896460073,0.7335692041623871,-0.14462111451637982,0.5573989167537723,0.8154336303232053,-0.2272659500515911,-0.10127865273662873,34581.0,0.04262468150135931,212,363,0.05384170294908545,False
occipital,spectral_flatness,0.3959851186891249,0.4370299981045115,-0.04104487941538659,0.3642590895906114,0.42418158598558614,-0.05992249639497477,0.18633764976316242,0.32199438149154114,-0.2129872074419492,-0.09748427672955973,34727.0,0.05100894340528068,212,363,0.06376117925660084,False
parietal,rel_power_theta,0.12525833288790472,0.11939946177645967,0.005858871111445049,0.11419044774844689,0.10831922117980201,0.0058712265686448745,0.06545186362199054,0.06389922806276338,0.09402901168608943,0.0960548885077186,42174.0,0.05450671207471578,212,363,0.06743098400995766,False
occipital,sef95,27.2688679245283,28.725895316804408,-1.4570273922761068,26.25,28.0,-1.75,9.25,14.5,-0.1914409014760107,-0.0939238006133375,34864.0,0.06007302606442685,212,363,0.07281578916900225,False
temporal,abs_power_beta,5.820415455324774e-12,5.6638772952017995e-12,1.5653816012297434e-13,4.991951233414778e-12,4.541727898645143e-12,4.502233347696351e-13,3.2304903336337224e-12,4.227836358312322e-12,0.035062792907892625,0.09394978949009825,42093.0,0.06002049495191228,212,363,0.07281578916900225,False
occipital,rel_power_gamma,0.047734753291850396,0.06672246017980564,-0.018987706887955244,0.035118502382746726,0.043148530458494434,-0.008030028075747708,0.038917033039396295,0.07202303493718577,-0.3285234567209047,-0.09038931337387601,35000.0,0.07039490431624536,212,363,0.08447388517949443,False
occipital,rel_power_theta,0.13071547778895143,0.12374041772434417,0.006975060064607255,0.12418281928522026,0.11599697273987443,0.008185846545345835,0.07499088900519699,0.07975035127735042,0.11603774712839938,0.08976558033161797,41932.0,0.07235564218456092,212,363,0.0859670996252209,False
temporal,alpha_peak_frequency,9.85495283018868,9.734159779614325,0.12079305057435441,9.75,9.75,0.0,1.25,1.75,0.10624696144052623,0.08417797182805753,41717.0,0.09099267454552314,212,363,0.10705020534767427,False
occipital,rel_power_delta,0.21720306944058923,0.24008091633620804,-0.02287784689561881,0.2041729311303202,0.23528254236402663,-0.031109611233706425,0.1287421919182839,0.20620879374604062,-0.17782617264460596,-0.07557565362025054,35570.0,0.13033370302681932,212,363,0.15184509090503223,False
central,idx_log_slow_alpha_beta,-0.2901868499825749,-0.38075039033031294,0.09056354034773806,-0.31223304826896114,-0.34728131897729136,0.03504827070833022,0.7119154059070782,0.9003724885632682,0.13981137329353135,0.0730807214512188,41290.0,0.14351171907257068,212,363,0.1620686508123076,False
central,idx_slow_alpha_beta,0.8913008783365223,0.8620695330043209,0.029231345332201397,0.7318133376316226,0.7066065184693827,0.02520681916223988,0.5534447986377221,0.6243827039955662,0.044601547439213636,0.0730807214512188,41290.0,0.14351171907257068,212,363,0.1620686508123076,False
parietal,idx_log_slow_alpha_beta,-0.6549185113827932,-0.5852157525597733,-0.0697027588230199,-0.6729729179456791,-0.49059633233935873,-0.18237658560632042,0.8876528687320316,1.2307410315484681,-0.08642807702299526,-0.07289879931389365,35673.0,0.14451121364097427,212,363,0.1620686508123076,False
parietal,idx_slow_alpha_beta,0.6443814906917642,0.8505026850394539,-0.20612119434768972,0.5101911453484635,0.6122611741590039,-0.10207002881054039,0.46809150910205866,0.7018496111311996,-0.19737106710691238,-0.07289879931389365,35673.0,0.14451121364097427,212,363,0.1620686508123076,False
frontal,sef50,8.382075471698114,8.694903581267218,-0.3128281095691037,9.0,9.0,0.0,2.8125,3.75,-0.09243401514268346,-0.06996205623992935,35786.0,0.16105657393527906,212,363,0.17895174881697673,False
occipital,spectral_entropy,0.8208957084780413,0.8211743274811414,-0.00027861900310011123,0.8257325536451476,0.8411399905805612,-0.015407436935413577,0.07750133077808508,0.12711154144115877,-0.003464239132462116,-0.06349082592650346,36035.0,0.20378366480807053,212,363,0.2243489887795272,False
central,abs_power_beta,4.5324894443622846e-12,4.594939065006733e-12,-6.244962064444877e-14,3.4714202619035122e-12,3.2458710258261385e-12,2.255492360773737e-13,2.9972691734800505e-12,3.2838672913164032e-12,-0.01473421232365145,0.04652008940173613,40268.0,0.3518090305623328,212,363,0.38379166970436307,False
parietal,rel_power_delta,0.20458468613194183,0.22189177515057285,-0.01730708901863101,0.18683312240182331,0.20911847260298272,-0.022285350201159404,0.12190115615240105,0.17839559820160505,-0.14143639304085076,-0.037294038151671094,37043.0,0.4554392493083257,212,363,0.4923667560090007,False
temporal,idx_slow_alpha,2.1501752971215358,2.3192497506132765,-0.16907445349174077,1.6043143849000514,1.5297129864806258,0.07460139841942559,1.5906537287279179,1.8296224513278352,-0.06133878911508146,0.03386350641925251,39781.0,0.4979635249867608,212,363,0.5335323482001009,False
frontal,idx_log_slow_alpha_beta,-0.20143866008615946,-0.13775103412663678,-0.06368762595952268,-0.20986784141883613,-0.16684711869733257,-0.04302072272150356,0.8793073723483062,0.9793852623858618,-0.08348003923613985,-0.03303186236290867,37207.0,0.5085817148724978,212,363,0.5353491735499977,False
frontal,idx_slow_alpha_beta,0.975292612575594,1.3503480562838868,-0.3750554437082928,0.8106946298821774,0.846328989322895,-0.03563435944071758,0.7532909258420217,0.8690365638630609,-0.21571704969868877,-0.03303186236290867,37207.0,0.5085817148724978,212,363,0.5353491735499977,False
occipital,sef50,9.058962264150944,8.90977961432507,0.1491826498258746,9.25,9.25,0.0,1.5,2.5,0.05521634335641324,0.02786007588752004,39550.0,0.5766008176580293,212,363,0.6016704184257696,False
frontal,rel_power_delta,0.28250404936212975,0.2886099972661584,-0.00610594790402863,0.2657989680178462,0.2645445094443199,0.0012544585735262959,0.16383509169123917,0.19415268195104507,-0.04589889816598932,0.023831799989604496,39395.0,0.6334620413511365,212,363,0.655305560018417,False
frontal,abs_power_beta,4.861823181134053e-12,5.268094274372471e-12,-4.0627109323841835e-13,3.998457407861656e-12,3.793124295703157e-12,2.0533311215849848e-13,3.0403329152954338e-12,3.680483927552785e-12,-0.09103007564665999,-0.020609179271271927,37685.0,0.6800888823858944,212,363,0.6975270588573276,False
central,abs_power_gamma,1.1383338844115365e-12,1.3626970577654978e-12,-2.2436317335396135e-13,9.196713987150733e-13,8.974974519371277e-13,2.2173946777945675e-14,7.497455229709716e-13,6.828830338914677e-13,-0.11165047281708387,-0.013852071313477876,37945.0,0.7817321148142601,212,363,0.7949818116755187,False
temporal,abs_power_gamma,2.079009331512127e-12,2.5927233688353e-12,-5.137140373231733e-13,1.73996363743529e-12,1.6042668807887489e-12,1.3569675664654108e-13,1.511844059018003e-12,1.8987105259995565e-12,-0.14869518765556394,0.012110816570507721,38944.0,0.8086236027957503,212,363,0.815418759121765,False
parietal,sef50,9.234669811320755,9.232093663911845,0.002576147408909435,9.5,9.5,0.0,1.25,2.0,0.0010754091441089171,-0.007354852123291233,38195.0,0.8829592655949925,212,363,0.8829592655949925,False
